utc_tow,elapsed,solution_lon,solution_lat,solution_height,truth_lon,truth_lat,truth_height,solution_east_m,solution_north_m,solution_up_m,truth_east_m,truth_north_m,truth_up_m,ape_translation_m,ape_horizontal_m,attitude_error_deg,east_error_m,north_error_m,up_error_m,horizontal_error_m,spatial_error_m,fix_quality,satellites
120974.63000011444,0.0,121.44344880666668,31.03053617666667,17.147,121.44345010935984,31.030535500814377,17.11591964980524,-0.12437342166147924,0.07493193816299384,0.03108035019475963,0.0,0.0,0.0,0.1484908466568756,0.1452017333665368,0.484900514716181,-0.12437342166147924,0.07493193816299384,0.03108035019475963,0.1452017333665368,0.1484908466568756,5,36
120974.73000001907,0.09999990463256836,121.44344819499999,31.03053873166667,17.165,121.44344828890276,31.030538704832914,17.11694506117403,-0.18277173200890542,0.35820552384448484,0.049080350194760314,-0.17380645186994187,0.3552304577424692,0.0010254113687899746,0.04897452813969137,0.00944601825838115,0.5162514734776682,-0.00896527984028679,0.002975066103974391,0.04805493882597034,0.00944601825838115,0.04897452813969137,5,36
120974.8299999237,0.19999980926513672,121.44344647166666,31.030541853333336,17.164,121.44344644156214,31.030541871575128,17.118147360111255,-0.34730538309906295,0.7043056060894811,0.048080350194762644,-0.35017958325567416,0.7063280787642786,0.0022277103060162062,0.04598712869863277,0.0035144588740733665,0.619258751291993,0.002874199966303319,-0.002022472677505195,0.04585263988874644,0.0035144588740733665,0.04598712869863277,4,36
120974.93099999428,0.30099987983703613,121.44344464666668,31.03054496666667,17.16,121.44344455307363,31.030545041946944,17.12008980280065,-0.5215455642049845,1.04948176928811,0.04408035019476131,-0.5304812726689944,1.057828115079333,0.004170152995410348,0.04174125296148114,0.012227361052298913,0.7260560848931283,0.008935707579087633,-0.008346345809053936,0.03991019719935096,0.012227361052298913,0.04174125296148114,5,36
120975.03099989891,0.4009997844696045,121.44344281500001,31.030548070000002,17.154,121.44344267251633,31.03054814607975,17.121117324534595,-0.6964222396001479,1.3935492294900462,0.03808035019476108,-0.7100257372334862,1.4019842128153266,0.005197674729355839,0.036571496949401594,0.016006375084850612,0.769240284806407,0.013603495847157775,-0.008434983348726168,0.03288267546540524,0.016006375084850612,0.036571496949401594,5,36
120975.13100004196,0.500999927520752,121.44344090499999,31.030551159999998,17.151,121.44344075969248,31.030551209296593,17.12307887378272,-0.8787777210719393,1.7361384187946396,0.03508035019476097,-0.8926508206510887,1.7416039463455069,0.007159223977481588,0.0316531848327065,0.014910896043237483,0.7517048180497061,0.013873097317832355,-0.00546552757034378,0.02792112621727938,0.014910896043237483,0.0316531848327065,4,36
120975.2309999466,0.6009998321533203,121.44343892500001,31.030554215,17.146,121.44343880427631,31.030554218770387,17.123183668079133,-1.0678163816489912,2.074847148668696,0.030080350194761962,-1.0793423652649392,2.0752651727325886,0.007264018273893669,0.025565758214832243,0.011533559328153161,0.7274091446580332,0.01152598137499021,-0.00041802406558429854,0.022816331920868294,0.011533559328153161,0.025565758214832243,4,35
120975.33100008965,0.7009999752044678,121.44343690833333,31.030557168333335,17.143,121.44343678295597,31.030557171103847,17.125118275779798,-1.260355764460799,2.4022840660360174,0.02708035019476185,-1.2723260495569884,2.4025912334117208,0.009198625974558894,0.021520642966657528,0.011974222839539654,0.7188141452202004,0.011970282403241333,-0.0003071673771805485,0.017881724220202955,0.011974222839539654,0.021520642966657528,4,35
120975.43099999428,0.8009998798370361,121.44343479666668,31.030560033333337,17.142,121.44343469453294,31.030560056509735,17.127170500125256,-1.461965178140561,2.7199274410886884,0.026080350194760626,-1.4717163025239521,2.7224970148566885,0.011250850320017491,0.01793324159889304,0.010084001572255981,0.6801765718676092,0.009751121898857741,-0.002569573782337865,0.014829499874743135,0.010084001572255981,0.01793324159889304,4,35
120975.53099989891,0.9009997844696045,121.44343262833333,31.030562818333337,17.137999999999998,121.44343254474404,31.03056287859795,17.129239237254968,-1.66898479449352,3.028701192873077,0.02208035019475929,-1.6769654032042673,3.0353827481766285,0.013319587449728942,0.01360456632676054,0.010408326525648352,0.6211713987697232,0.007980606444608804,-0.006681555345934322,0.008760762745030348,0.010408326525648352,0.01360456632676054,4,36
120975.63100004196,1.000999927520752,121.44343045166667,31.030565578333334,17.134,121.44343032653626,31.030565629980213,17.130359321902958,-1.8768000232421425,3.3347031875183633,0.018080350194761508,-1.888746734565741,3.340429291689172,0.014439672097719125,0.013739236830194072,0.01324809766230145,0.6658916623805539,0.011946707589934737,-0.005726104210584438,0.0036406780970423824,0.01324809766230145,0.013739236830194072,4,35
120975.7309999466,1.1009998321533203,121.44342823833334,31.03056828833333,17.131,121.44342805541731,31.030568319470426,17.13157083202404,-2.0881159717962365,3.6351616671801863,0.015080350194761394,-2.1055797087013324,3.638613845979348,0.01565118221880013,0.0178108193769271,0.017801669519397715,0.7354021094049187,0.017463730959803993,-0.003452178825240237,-0.0005708320240387366,0.017801669519397715,0.0178108193769271,4,35
120975.83100008965,1.2009999752044678,121.44342590833334,31.030570953333335,17.137,121.44342573637691,31.030570949250524,17.133528056656235,-2.3105705594802837,3.930630985120038,0.02108035019476162,-2.3269879405761213,3.93017832301342,0.017608406850996516,0.016786586831534885,0.016423614305942087,0.674334545359292,0.01641737506071507,0.00045266211036100587,0.003471943343765105,0.016423614305942087,0.016786586831534885,5,37
120975.93099999428,1.3009998798370361,121.44342356833334,31.030573555,17.144,121.44342338067331,31.030573526400595,17.134639395147357,-2.533979889812836,4.219078517884341,0.028080350194759518,-2.551896557015181,4.215907693311847,0.018719745342117733,0.020461714549648003,0.018195077331629447,0.6852543425703638,0.017916660136771692,0.0031708246005403614,0.009360604852641785,0.018195077331629447,0.020461714549648003,5,36
120976.03099989891,1.4009997844696045,121.44342114666667,31.030576071666662,17.148,121.44342096018663,31.030576033185987,17.135851744337813,-2.7651862697227108,4.498102074824129,0.032080350194760854,-2.7829902788764254,4.493835711601269,0.019932094532574496,0.021971901296409337,0.018308040062915292,0.6417151453454695,0.017804001669648486,0.004266363263069072,0.012148255662186358,0.018308040062915292,0.021971901296409337,5,36
120976.13100004196,1.500999927520752,121.443418655,31.030578485,17.153,121.44341847074226,31.03057847962578,17.139728740499173,-3.003075833596414,4.765669037422631,0.03708035019475986,-3.0206676715089573,4.765073195947201,0.02380909069393411,0.02204436076023059,0.01760191786678192,0.6319212342433993,0.017591830078695605,0.000595841481635033,0.01327125950082575,0.01760191786678192,0.02204436076023059,5,36
120976.2309999466,1.6009998321533203,121.443415995,31.030580856666667,17.154,121.44341589093347,31.030580866921515,17.140038380389495,-3.257036867949015,5.028616403378779,0.03808035019476108,-3.266972523179458,5.0297533611277965,0.024118730584255843,0.017173719664737342,0.010000491236661408,0.5973754005132615,0.009935650558643996,-0.0011369577613345343,0.013961619610505238,0.010000491236661408,0.017173719664737342,5,36
120976.33100008965,1.7009999752044678,121.44341324,31.03058315,17.158,121.44341319270437,31.030583193519863,17.140235150076805,-3.5200679355988544,5.282878930016969,0.04208035019476242,-3.524583442667128,5.287703990185508,0.024315500271566037,0.0189541785067355,0.006608402989490245,0.5556779974376432,0.004515504835432443,-0.004825060222700835,0.01776484992319638,0.006608402989490245,0.0189541785067355,4,36
120976.43099999428,1.8009998798370361,121.44341042333332,31.030585391666666,17.159,121.44341038465204,31.03058546567678,17.14106060090681,-3.78898657481686,5.531413159131889,0.043080350194760086,-3.7926796356176604,5.539618681821366,0.025140951101569442,0.020069661879440225,0.00899829362325362,0.5605400996613994,0.0036930588874516308,-0.00820552278554519,0.017939399093190644,0.00899829362325362,0.020069661879440225,5,36
120976.53099989891,1.9009997844696045,121.44340754666668,31.030587594999997,17.159,121.44340747160187,31.030587675374683,17.141683033536903,-4.063633655350189,5.775697360210362,0.043080350194760086,-4.07080039802479,5.784608524586935,0.025763383731664646,0.02075206796782566,0.011435514743870672,0.567245556323893,0.007166738796803362,-0.008911164484828963,0.01731696646309544,0.011435514743870672,0.02075206796782566,5,36
120976.63100004196,2.000999927520752,121.44340451000001,31.030589756666668,17.166,121.44340446593162,31.030589810873604,17.142641751264456,-4.353556589108185,6.0153619660569975,0.050080350194761536,-4.357763977931756,6.021371904846953,0.026722101459217384,0.024483244268978743,0.007336311467142768,0.5941857138122336,0.004207386453786105,-0.006009938865864416,0.02335824873554415,0.007336311467142768,0.024483244268978743,4,36
120976.7309999466,2.1009998321533203,121.44340142333334,31.030591835000003,17.173000000000002,121.44340136964513,31.030591866580085,17.143648488797204,-4.648253226391567,6.245787381439959,0.057080350194762985,-4.653379059501107,6.249288674408102,0.027728838991965432,0.03000073994099307,0.006207510541203012,0.616377501155369,0.0051258301131620896,-0.0035012930140374196,0.029351511202797553,0.006207510541203012,0.03000073994099307,4,36
120976.83100008965,2.2009999752044678,121.44339822833332,31.030593813333333,17.178,121.4433981885185,31.030593850145518,17.144666859390036,-4.953292890409241,6.4651257675612515,0.06208035019476199,-4.957094173385964,6.4692071451299915,0.028747209584796707,0.03379653297330691,0.005577398864354656,0.6279232260530941,0.0038012806764578366,-0.00408137762414762,0.033333140609965284,0.005577398864354656,0.03379653297330691,4,36
120976.93099999428,2.300999879837036,121.44339491333334,31.030595743333333,17.178,121.4433949223481,31.03059574921536,17.14692727908453,-5.269789439486845,6.679105423354665,0.06208035019476199,-5.268928763576002,6.6797575655783685,0.031007629279290683,0.031091478521950773,0.001079838687100087,0.6647573476689252,-0.0008606753732509365,-0.000652142232980966,0.031072720915471308,0.001079838687100087,0.031091478521950773,4,36
120977.03099989891,2.4009997844696045,121.44339151333334,31.030597551666666,17.178,121.44339155090208,31.03059754827493,17.148263719334484,-5.594401286501037,6.879595860647958,0.06208035019476199,-5.590814446146087,6.8792198177733646,0.032344069529244734,0.029954185070668164,0.0036064962816318067,0.6930550076836423,-0.003586838047881393,0.00037604288012731217,0.029736280665517256,0.0036064962816318067,0.029954185070668164,4,36
120977.13100004196,2.500999927520752,121.44338804166667,31.030599266666666,17.177,121.44338806183893,31.030599233078917,17.148531951106424,-5.925855442873329,7.069738404480884,0.06108035019476077,-5.9239295137524675,7.0660145207953775,0.0326123013011852,0.02877509888781474,0.00419243463831077,0.7704048624260273,-0.0019259278482776278,0.0037238837414367084,0.02846804889357557,0.00419243463831077,0.02877509888781474,4,36
120977.2309999466,2.6009998321533203,121.44338447999999,31.030600878333335,17.177,121.44338446316631,31.030600827904003,17.14984398636501,-6.265902263647892,7.24842435185675,0.06108035019476077,-6.267509443976973,7.242833237598547,0.03392433655977101,0.027772156222933962,0.005817523934398532,0.8095306176241989,0.0016071792406648926,0.0055911143447148,0.027156013634989762,0.005817523934398532,0.027772156222933962,5,36
120977.33100008965,2.7009999752044678,121.44338076333334,31.03060236166667,17.171,121.4433807411791,31.03060231719463,17.150931067956613,-6.620747566322869,7.41288194634171,0.05508035019476054,-6.622862722096885,7.407951318214925,0.035011418151373874,0.020773709481208217,0.005365162835140055,0.8323118838804792,0.0021151543090360747,0.004930628205060101,0.020068932043386667,0.005365162835140055,0.020773709481208217,5,35
120977.43099999428,2.800999879837036,121.44337695499999,31.03060376,17.169,121.44337690502054,31.03060370376811,17.15190380031947,-6.984344661223673,7.567915565002156,0.05308035019476165,-6.989116401887534,7.561681119308777,0.03598415051423132,0.018812704076036194,0.007850973897290921,0.7976076288272469,0.004771737290500078,0.006234445794647219,0.017096199680530333,0.007850973897290921,0.018812704076036194,4,35
120977.53200006485,2.9019999504089355,121.44337305666667,31.030605041666664,17.163,121.44337292523133,31.03060499863632,17.152234251127577,-7.356534418097463,7.7100143170134565,0.04708035019476142,-7.3690830865787165,7.7052435306816225,0.03631460132233855,0.017208445761396497,0.013424949040456383,0.8163846288197277,0.012548659440909127,0.004770786410533693,0.010765748872422876,0.013424949040456383,0.017208445761396497,4,35
120977.63199996948,3.001999855041504,121.44336905666665,31.030606201666668,17.157,121.443368872425,31.030606200281103,17.15256862749593,-7.738430709845586,7.838623851935152,0.041080350194761195,-7.756021012450598,7.838470233337028,0.03664897769069242,0.01814053342983522,0.01759096048682824,0.7689272324992819,0.01759028971264183,0.00015361860069482668,0.004431372504068776,0.01759096048682824,0.01814053342983522,4,35
120977.73200011253,3.1019999980926514,121.44336485666666,31.03060729666667,17.161,121.44336470583363,31.030607340148705,17.154636138380546,-8.139421813265974,7.960026817025717,0.04508035019476253,-8.153822458602505,7.964847683024771,0.038716488575307295,0.016465654004968105,0.015186145893535556,0.7408323806364041,0.01440063461510253,-0.004820866082153459,0.0063638616194552355,0.015186145893535556,0.016465654004968105,4,35
120977.83200001717,3.2019999027252197,121.44336058333334,31.030608328333333,17.166,121.44336043046083,31.030608402232946,17.158241795410074,-8.547414349009452,8.074407996940735,0.050080350194761536,-8.562009711181133,8.08260126859303,0.04232214560483527,0.018448406881830543,0.016737800871632437,0.7344507702935441,0.014595351151564491,-0.008193271799528234,0.007758204589926265,0.016737800871632437,0.018448406881830543,5,35
120977.9319999218,3.301999807357788,121.44335618833333,31.03060927666667,17.172,121.44335605065282,31.030609348680247,17.160593842102948,-8.967022900065707,8.179549987097335,0.05608035019476176,-8.980167819316339,8.187534153270997,0.04467419229770897,0.019147741060190904,0.015379712277400408,0.772485063844447,0.01314490920052373,-0.007984166321264072,0.011406157897052793,0.015379712277400408,0.019147741060190904,5,35
120978.03200006485,3.4019999504089355,121.44335167,31.030610084999996,17.171,121.44335156870898,31.030610138656915,17.160329595672042,-9.398406584541153,8.269170136005497,0.05508035019476054,-9.40807725103623,8.275119093954915,0.04440994586680347,0.01558105504840097,0.011353930944796888,0.8257949506674113,0.009670659021030877,-0.005948958059876575,0.010670404327957073,0.011353930944796888,0.01558105504840097,4,35
120978.13199996948,3.501999855041504,121.44334709833332,31.03061070333333,17.168,121.44334699456769,31.03061079916808,17.160117902306116,-9.834882220901251,8.337724930797533,0.05208035019476043,-9.844789147418313,8.3483501571033,0.04419825250087683,0.016527853528470034,0.014527301132785619,0.7915971163442325,0.009906918791724086,-0.01062522650378892,0.007882097693883594,0.014527301132785619,0.016527853528470034,4,36
120978.23200011253,3.6019999980926514,121.443342445,31.030611215,17.166,121.44334232999768,31.03061136375555,17.158848328659506,-10.279154904409388,8.394453561937116,0.050080350194761536,-10.290134644068488,8.41094613232293,0.04292867885426688,0.021064324923138304,0.0198131113534723,0.7590391548020122,0.010979731030240213,-0.016492570691334724,0.007151671340494659,0.0198131113534723,0.021064324923138304,4,36
120978.33200001717,3.7019999027252197,121.44333769333335,31.030611726666667,17.168,121.44333759935448,31.0306118797005,17.159839848322918,-10.732815869574027,8.451182192371443,0.05208035019476043,-10.741788415701636,8.468149097443034,0.0439201985176787,0.020855944249391082,0.019193288804702783,0.7341355507832446,0.008972539029209657,-0.01696690538990651,0.008160151677081728,0.019193288804702783,0.020855944249391082,4,36
120978.4319999218,3.801999807357788,121.44333283833333,31.030612238333333,17.17,121.44333278939476,31.03061233042208,17.160865514971384,-11.19634249500727,8.507910822805767,0.05408035019476287,-11.201014858518498,8.518120729006915,0.04494586516614518,0.014474527673616622,0.011228229363361469,0.7212759368106207,0.00467235979355482,-0.010209906395056962,0.00913448502861769,0.011228229363361469,0.014474527673616622,4,36
120978.53200006485,3.9019999504089355,121.44332793666666,31.030612618333333,17.17,121.443327891625,31.03061266998301,17.161908594670027,-11.664324573177355,8.550041532448537,0.05408035019476287,-11.66862488454579,8.555767946932878,0.04598894486478855,0.010805337228995631,0.007161317785043623,0.7135087628979633,0.0043003079322429805,-0.005726414594340006,0.008091405329974322,0.007161317785043623,0.010805337228995631,4,37
120978.63199996948,4.001999855041504,121.44332292333333,31.030612753333337,17.179000000000002,121.44332290796278,31.030612858466426,17.162056679553192,-12.142967924011707,8.565009021846,0.06308035019476321,-12.144435413219055,8.57666515766182,0.046137029747953306,0.02061783539263646,0.011748150003918318,0.7400239315295828,0.0014674880318844353,-0.01165613604033695,0.016943320446809906,0.011748150003918318,0.02061783539263646,4,37
120978.73200011253,4.101999998092651,121.44331786166667,31.03061279833333,17.181,121.44331783307085,31.03061293402389,17.161079663465696,-12.626225852977175,8.569998183567971,0.0650803501947621,-12.628956013593571,8.585042235071558,0.045160013660456855,0.02511169183813075,0.015289776300955687,0.7070026621840328,0.002730158426956379,-0.01504405179122251,0.01992033653430525,0.015289776300955687,0.02511169183813075,4,37
120978.83200001717,4.20199990272522,121.443312685,31.030612715,17.182,121.44331267754539,31.030612921681257,17.160152704204517,-13.120463302966172,8.560758993809555,0.06608035019475977,-13.121175024895134,8.58367380388033,0.04423305439927816,0.03166858729672619,0.0229258606773028,0.6765607664696152,0.0007117213581861838,-0.02291481050550932,0.021847295795481614,0.0229258606773028,0.03166858729672619,4,37
120978.9319999218,4.301999807357788,121.44330744833333,31.030612684999998,17.185,121.44330743985962,31.03061287797448,17.160263387593535,-13.62042919669978,8.557432884819477,0.06908035019475989,-13.621238216314211,8.578828021115193,0.04434373778829581,0.032715537280101174,0.021410427043337017,0.5832364425158664,0.0008090189660121446,-0.02139513670184628,0.024736612406464076,0.021410427043337017,0.032715537280101174,4,37
120979.03200006485,4.4019999504089355,121.44330211666666,31.030612630000004,17.187,121.443302103801,31.030612749837307,17.159831993262248,-14.129465126159907,8.551335019395555,0.07108035019476233,-14.130693464497229,8.5646214155608,0.04391234345700923,0.030267767220088945,0.01334305596131909,0.41922514549742695,0.001228337354385996,-0.013286396416286582,0.027168006737753103,0.01334305596131909,0.030267767220088945,4,37
120979.13199996948,4.501999855041504,121.44329671666668,31.030612503333334,17.187,121.44329669360629,31.03061254450686,17.16039118695026,-14.645025116618877,8.53729144904446,0.07108035019476233,-14.647226786486389,8.541856369853033,0.0444715371450215,0.027087169973323444,0.00506812048472185,0.39805215694183793,0.0022016681106151025,-0.0045649208950821665,0.02660881304974083,0.00506812048472185,0.027087169973323444,4,37
120979.23200011253,4.601999998092651,121.443291265,31.030612146666666,17.187,121.44329122906241,31.03061222897935,17.160159679329713,-15.165517935997503,8.497747713295725,0.07108035019476233,-15.168949044668024,8.506873744403753,0.04424002952447381,0.028556255857659953,0.009749714607321653,0.3438674237187198,0.003431105943734911,-0.009126031280194484,0.02684032067028852,0.009749714607321653,0.028556255857659953,4,37
120979.33200001717,4.70199990272522,121.443285735,31.030611645,17.187,121.44328571537409,31.030611808079524,17.160336389735047,-15.693489559023476,8.442127785858093,0.07108035019476233,-15.695363324127557,8.460208459089525,0.0444167399298081,0.032270262770686356,0.018177506620209862,0.3508468956671848,0.001873763623247572,-0.01808067357185477,0.02666361026495423,0.018177506620209862,0.032270262770686356,4,37
120979.4319999218,4.801999807357788,121.44328016833333,31.030611116666666,17.188000000000002,121.4432801306515,31.03061130533149,17.160539962091427,-16.22496189456707,8.383551316625773,0.07208035019476355,-16.228559533089697,8.404468639903122,0.044620312286188124,0.03470635524055654,0.021224453164765088,0.4014633763163621,0.0035976356984334023,-0.020917323670218053,0.02746003790857543,0.021224453164765088,0.03470635524055654,4,37
120979.53200006485,4.9019999504089355,121.44327453166667,31.030610578333334,17.188000000000002,121.44327447319547,31.03061073020751,17.158776986531567,-16.76311741650377,8.323866145102022,0.07208035019476355,-16.768699901573754,8.34070447881431,0.0428573367263283,0.03418593423925383,0.01773960494583347,0.3756536252608344,0.005582480719655973,-0.016838334022370168,0.029223013468435255,0.01773960494583347,0.03418593423925383,4,37
120979.63199996948,5.001999855041504,121.44326876333335,31.030610006666667,17.186,121.44326872438471,31.030610095115716,17.15734310728685,-17.313843691543187,8.2604852973928,0.07008035019476111,-17.317562276831687,8.270291668350955,0.041423457481609915,0.030515738070625274,0.010487743800358145,0.36270641238361107,0.003718582414513974,-0.009806371135563765,0.028656892713151194,0.010487743800358145,0.030515738070625274,4,37
120979.73200011253,5.101999998092651,121.44326292,31.030609318333337,17.185000000000002,121.44326289211261,31.03060937395348,17.154957613679084,-17.87173052429997,8.184169582329174,0.06908035019476344,-17.874393046360073,8.19033620406338,0.03903796387384517,0.030784106510847554,0.006716862200157881,0.43491973899445924,0.002662520021388035,-0.006166621842761045,0.03004238632091827,0.006716862200157881,0.030784106510847554,4,37
120979.83200001717,5.20199990272522,121.44325700166668,31.03060854833333,17.187,121.44325698547067,31.03060857604732,17.155136508825247,-18.43677790748626,8.09879946004694,0.07108035019476233,-18.438324207527327,8.101872118344179,0.0392168590200086,0.03204862460981913,0.0034398066133862373,0.6001921303177308,0.001546298869983884,-0.0030726583510345333,0.03186349117475373,0.0034398066133862373,0.03204862460981913,4,36
120979.9319999218,5.301999807357788,121.44325105333334,31.030607645,17.186,121.44325103442837,31.03060770630352,17.15478031025435,-19.004689516188787,7.998646633728085,0.07008035019476111,-19.006494452387383,8.005443372477819,0.038860660449110185,0.032001913643594775,0.007032314628726145,0.52566482863553,0.001804934847938578,-0.006796738867434344,0.031219689745650925,0.007032314628726145,0.032001913643594775,4,36
120980.03200006485,5.4019999504089355,121.44324509166667,31.030606671666668,17.185000000000002,121.4432450385851,31.030606780670972,17.152020547623923,-19.573874113469792,7.89073288713764,0.06908035019476344,-19.578942027588596,7.902818225357077,0.03610089781868453,0.03548779225797288,0.013104927329786437,0.4061885381659609,0.005067910373235465,-0.012085338421733826,0.03297945237607891,0.013104927329786437,0.03548779225797288,5,36
120980.132999897,5.502999782562256,121.44323905499999,31.030605663333336,17.181,121.44323891529771,31.03060577051866,17.148794376111027,-20.150219266038878,7.778938680411399,0.0650803501947621,-20.163557211342948,7.790822347982319,0.03287472630578847,0.036828308338832175,0.0178639884970313,0.370903297866997,0.013337935580359011,-0.01188366776194369,0.032205623888973633,0.0178639884970313,0.036828308338832175,4,36
120980.23300004005,5.602999925613403,121.44323292166668,31.030604601666663,17.172,121.44323278848339,31.030604686705228,17.14410817708828,-20.735793574870193,7.6612313900957885,0.05608035019476176,-20.748509127879032,7.6706596404892045,0.02818852728304222,0.032070714827017434,0.01582962299542073,0.41589808408887385,0.012715543873521673,-0.009428250536430295,0.027891822911719544,0.01582962299542073,0.032070714827017434,5,36
120980.33299994469,5.702999830245972,121.44322670000001,31.03060347166667,17.166,121.44322661741826,31.0306035351978,17.143362741068874,-21.32980142999736,7.535947965574686,0.050080350194761536,-21.337685846346883,7.5429916800433165,0.027443091263634756,0.024984461976165363,0.010572504354388968,0.5991232389858588,0.007884410779010994,-0.007043714573390161,0.02263725893112678,0.010572504354388968,0.024984461976165363,4,36
120980.43300008774,5.802999973297119,121.44322046500001,31.030602248333334,17.174,121.44322042247258,31.030602310145994,17.146505592978215,-21.92508227370301,7.400316646887958,0.058080350194760655,-21.92914254022488,7.407169833784894,0.03058594317297647,0.02862506473217705,0.007965670934817167,0.6965236376908365,0.004060263707174604,-0.006853187000950125,0.027494407021784184,0.007965670934817167,0.02862506473217705,4,37
120980.53299999237,5.9029998779296875,121.44321424833333,31.030600935,17.179000000000002,121.44321421913472,31.030601005700426,17.149469784923145,-22.518612757505917,7.254707001230997,0.06308035019476321,-22.52140047029116,7.262545578169168,0.033550135117906166,0.030679768982442266,0.008319532578852689,0.7563015226443613,0.0027877108919999345,-0.007838577059212738,0.029530215076857047,0.008319532578852689,0.030679768982442266,5,37
120980.632999897,6.002999782562256,121.44320801833334,31.030599568333333,17.187,121.44320797680263,31.030599620371827,17.151622710619833,-23.113416229887314,7.103184274805697,0.07108035019476233,-23.117381336493697,7.1089537974816635,0.03570306081459407,0.036063306092810866,0.007000674428624951,0.7466800025428184,0.00396510397225876,-0.0057695227657737075,0.035377289380168264,0.007000674428624951,0.036063306092810866,5,37
120980.73300004005,6.102999925613403,121.44320171166667,31.030598133333335,17.19,121.44320165381791,31.030598169576376,17.153886871490823,-23.71553938052178,6.944085412059132,0.07408035019476245,-23.721062438015615,6.948103688076445,0.03796722168558375,0.03675334975040897,0.006830129365936793,0.6894007856937866,0.005523053910401287,-0.004018276080389847,0.036113128509178694,0.006830129365936793,0.03675334975040897,5,37
120980.83299994469,6.202999830245972,121.44319524833332,31.03059662666667,17.195,121.44319522533335,31.030596655441304,17.15993968071807,-24.332620138450935,6.777040845090651,0.07908035019476145,-24.334816038768786,6.78023109670075,0.04402003091283291,0.03527358311727301,0.0038729417476121076,0.8227884519116351,0.0021958989299418687,-0.0031902516624675364,0.03506031928192854,0.0038729417476121076,0.03527358311727301,5,37
120980.93300008774,6.302999973297119,121.44318873666667,31.03059504,17.203,121.4431887233989,31.030595095817322,17.167791825065418,-24.954315472081916,6.60112665414863,0.08708035019476057,-24.95558220039536,6.60731513676589,0.051872175260179176,0.035770343852270126,0.006316796425843865,0.8247387324099752,0.001266727535010402,-0.006188482724998131,0.03520817493458139,0.006316796425843865,0.035770343852270126,5,37
120981.03299999237,6.4029998779296875,121.44318218833332,31.03059349,17.215,121.44318217160551,31.030593545668467,17.17279453964722,-25.57951152551837,6.429277707997987,0.09908035019476102,-25.581108597596447,6.435449686872164,0.05687488984198197,0.04268424585670553,0.006375261623312268,0.7422208778759787,0.0015970711237598136,-0.006171978985003978,0.042205460352779056,0.006375261623312268,0.04268424585670553,5,37
120981.132999897,6.502999782562256,121.44317561499999,31.03059196,17.22,121.44317557596821,31.03059203067835,17.178092983939514,-26.20709443071752,6.259646167135471,0.10408035019476003,-26.210820952477064,6.267482296123031,0.06217333413427539,0.04279590942103208,0.008677088686850278,0.6447727725581993,0.003726519594873173,-0.007836129132964269,0.041907016060484636,0.008677088686850278,0.04279590942103208,5,37
120981.23300004005,6.602999925613403,121.44316907666668,31.03059037666667,17.221,121.44316899181855,31.030590453285377,17.185617942752753,-26.831335739076184,6.084101544799358,0.10508035019476125,-26.839436534186888,6.092596283226727,0.06969829294751406,0.037278323008357026,0.011738117023949082,0.556368071809891,0.008100790548143569,-0.008494738592978071,0.03538205724724719,0.011738117023949082,0.037278323008357026,5,37
120981.33299994469,6.702999830245972,121.44316252833332,31.030588623333333,17.223,121.4431624548708,31.03058871056283,17.192430723792253,-27.456531792512642,5.889708972929987,0.10708035019476014,-27.46354555831094,5.899380132524517,0.07651107398701384,0.03282079884344553,0.011946722933776919,0.5723753312517945,0.0070137619831748075,-0.009671159790831873,0.0305692762077463,0.011946722933776919,0.03282079884344553,4,37
120981.43300008774,6.802999973297119,121.44315590833334,31.030586806666665,17.227,121.44315585321884,31.030586943131468,17.225369638353772,-28.088570150448632,5.688294616590326,0.11108035019476148,-28.093832157076577,5.703424508574637,0.10944998854853338,0.016101565359741832,0.01601881168927791,0.559861562510881,0.005262003890001954,-0.015129892365715986,0.0016303616462280957,0.01601881168927791,0.016101565359741832,5,37
120981.53299999237,6.9029998779296875,121.44314913833333,31.030585003333332,17.228,121.44314914170138,31.030585186244288,17.224535154148356,-28.73492962381935,5.488358530442751,0.1120803501947627,-28.73460806191662,5.508637921035119,0.10861550434311695,0.020575768805300224,0.020281940369538093,0.5631587796001818,-0.00032156174127557054,-0.0202793910953965,0.003464845851645748,0.020281940369538093,0.020575768805300224,5,37
120981.632999897,7.002999782562256,121.44314225166666,31.030583241666665,17.225,121.44314232213873,31.030583384937362,17.224279587939062,-29.392427736320023,5.29304204023227,0.10908035019476259,-29.385699481848892,5.308926503295053,0.10835993813382316,0.017265704073563627,0.017250667918035076,0.774839631184346,-0.006728251219249614,-0.015884463451718813,0.0007204120609394238,0.017250667918035076,0.017265704073563627,4,37
120981.73300004005,7.102999925613403,121.44313532666665,31.03058140166667,17.224,121.44313546177224,31.030581435638396,17.224285720241213,-30.05358568916187,5.0890407107038325,0.10808035019476137,-30.040686608600303,5.092807165879607,0.10836607043597368,0.013440756921030264,0.013437719693236072,0.898357110133478,-0.012899074589935212,-0.00376645526686197,-0.0002857202412123172,0.013437719693236072,0.013440756921030264,4,37
120981.83299994469,7.202999830245972,121.44312851000001,31.03057946166667,17.226,121.44312860455325,31.03057946774408,17.221382985098373,-30.70440061526943,4.873952351913727,0.11008035019476026,-30.695373232912566,4.874626156137721,0.10546333529313401,0.010161909210104816,0.00905248983388406,0.788339082539354,-0.009027378359138052,-0.000673804239776069,0.0046170149016262485,0.00905248983388406,0.010161909210104816,4,36
120981.93300008774,7.302999973297119,121.44312177666667,31.030577368333336,17.226,121.44312177119798,31.030577476365504,17.214328025268415,-31.34725937126396,4.641863882388355,0.11008035019476026,-31.34778149000074,4.653841440255115,0.09840837546317616,0.01673228916328765,0.011988932667637085,0.5767187810134031,0.0005221185158444102,-0.011977558130293005,0.0116719747315841,0.011988932667637085,0.01673228916328765,4,36
120982.03299999237,7.4029998779296875,121.44311495666668,31.030575369999998,17.22,121.44311488772742,31.030575486891347,17.20837575430801,-31.998392545730788,4.420308090273677,0.10408035019476003,-32.004974457700406,4.433267867341584,0.09245610450276942,0.01861183620074998,0.014535382996529025,0.4790695181969145,0.006581909315201795,-0.012959777336908415,0.011624245691990609,0.014535382996529025,0.01861183620074998,4,36
120982.132999897,7.502999782562256,121.44310789000001,31.030573418333333,17.214,121.44310789525177,31.030573481634473,17.205401456224934,-32.673075991894564,4.203926244536554,0.0980803501947598,-32.67257458523375,4.210944460401228,0.08948180641969472,0.011110432907402674,0.007036104343895543,0.5119834360760579,-0.0005014064688750897,-0.007018216004880154,0.008598543775065082,0.007036104343895543,0.011110432907402674,4,36
120982.23300004005,7.602999925613403,121.44310072666667,31.030571396666666,17.214,121.44310079821365,31.03057143900967,17.204621342819138,-33.35698859917914,3.9797834792330975,0.0980803501947598,-33.35015771717329,3.9844780603193692,0.08870169301389907,0.012516358024073825,0.008288546776768936,0.6301573978646715,-0.006830879535895873,-0.0046945811779929535,0.009378657180860728,0.008288546776768936,0.012516358024073825,4,36
120982.33299994469,7.702999830245972,121.443093515,31.030569245,17.217,121.44309362507873,31.030569351170726,17.204475843238132,-34.04551578459483,3.7412275763831544,0.10108035019475992,-34.035006121119935,3.752998755298811,0.08855619343289334,0.02014616867474464,0.015780165071235915,0.6114678816530941,-0.010509659903765626,-0.01177117914155736,0.012524156761866578,0.015780165071235915,0.02014616867474464,4,36
120982.43300008774,7.802999973297119,121.44308631666667,31.030567098333336,17.215,121.44308638268564,31.030567248733366,17.203439136937998,-34.73276998386132,3.5032260253841865,0.09908035019476102,-34.72646688568269,3.519900919780328,0.08751948713275937,0.021246992484663746,0.017826416771325734,0.5350225170977523,-0.006303096174295677,-0.01667489470799089,0.011560863062001658,0.017826416771325734,0.021246992484663746,4,36
120982.53299999237,7.9029998779296875,121.44307906500002,31.030564991666665,17.204,121.44307906250644,31.03056510812522,17.200022346253,-35.42511613258318,3.2696592849614725,0.08808035019476179,-35.425354204851075,3.282571078389015,0.08410269644776136,0.013512691188781305,0.012913988300766783,0.5162050557976333,0.00023807219739123753,-0.012911793657783208,0.003977653747000431,0.012913988300766783,0.013512691188781305,5,36
120982.632999897,8.002999782562256,121.44307167833334,31.030562861666667,17.203,121.44307166620291,31.030562930026846,17.195852472534593,-36.13035128276701,3.0335055720552395,0.08708035019476057,-36.13150942451192,3.0410846845653774,0.07993282272935431,0.010481955390602338,0.007667088100565993,0.4629276987715483,0.0011581414275101307,-0.007579112637751562,0.007147527465406256,0.007667088100565993,0.010481955390602338,5,37
120982.73399996758,8.103999853134155,121.44306416166667,31.03056071333333,17.203,121.44306413783771,31.030560717017377,17.191722659942336,-36.84799806308856,2.7953192364006885,0.08708035019476057,-36.85027310948133,2.795727687292126,0.075803010137097,0.011511779375801766,0.0023114206931996685,0.4776733803878371,0.0022750458204064024,-0.00040845089790939986,0.011277340057663565,0.0023114206931996685,0.011511779375801766,5,36
120982.83400011063,8.203999996185303,121.44305660999999,31.030558505,17.203,121.44305665219329,31.030558512700168,17.188606045472852,-37.56898643539202,2.550480684176498,0.08708035019476057,-37.56495806779924,2.551334403954659,0.07268639566761337,0.014971389462573027,0.004117836265620729,0.5094002398148716,-0.004028366670122751,-0.0008537197909767679,0.014393954527147201,0.004117836265620729,0.014971389462573027,5,36
120982.93400001526,8.303999900817871,121.44304908500001,31.03055627333333,17.206,121.44304916572035,31.030556295962686,17.183990893853817,-38.287428828109235,2.303055158058272,0.09008035019476068,-38.279722128464954,2.305564081046489,0.06807124404857845,0.023453968597141835,0.008104806573990446,0.5554682326440477,-0.0077066980520506135,-0.0025089230231950172,0.022009106146182233,0.008104806573990446,0.023453968597141835,5,36
120983.03399991989,8.40399980545044,121.44304155666666,31.030554058333337,17.206,121.44304165650551,31.030554077019108,17.18152750586154,-39.00618947404428,2.0574774707380388,0.09008035019476068,-38.996657451649504,2.0595491676020696,0.0656078560562996,0.026344910607179146,0.009754555117648778,0.5624107421198148,-0.009532020642729698,-0.002071696891396732,0.024472494138461087,0.009754555117648778,0.026344910607179146,4,37
120983.13400006294,8.503999948501587,121.44303403166666,31.03055176,17.203,121.44303411109676,31.030551823881993,17.1803473071942,-39.72463186919078,1.8026605922488728,0.08708035019476057,-39.71704835368299,1.8097432066344838,0.06442765738896128,0.02491621175385004,0.010376565752154412,0.49519623785299544,-0.007583514291011005,-0.00708261447537671,0.02265269280579929,0.010376565752154412,0.02491621175385004,5,36
120983.23399996758,8.603999853134155,121.44302639333334,31.030549439999998,17.197,121.44302651641898,31.030549546474305,17.179718192419625,-40.45389465753725,1.5454415238159966,0.08108035019476034,-40.44214317076917,1.5572463604657205,0.06379854261438567,0.024002342562081894,0.016656877715299237,0.5210877692574069,-0.011751485161010407,-0.011804836794000356,0.017281807580374675,0.016656877715299237,0.024002342562081894,5,36
120983.33400011063,8.703999996185303,121.44301868,31.03054711166667,17.196,121.44301885967656,31.03054724429015,17.17939286480828,-41.19031800603037,1.287298537042011,0.08008035019476267,-41.17316355342633,1.302002540630172,0.06347321500303948,0.028040681940511368,0.022593868734963243,0.4869820470091046,-0.017154450669833555,-0.014704003761866927,0.016607135191723188,0.022593868734963243,0.028040681940511368,5,36
120983.43400001526,8.803999900817871,121.44301096666668,31.030544803333335,17.192,121.44301115290804,31.030544931027162,17.179734437719134,-41.92674135209421,1.0313729555561524,0.07608035019476134,-41.908960129625044,1.0455304067418558,0.06381478791389483,0.025827296863417067,0.022728951696135435,0.5075136148325357,-0.017781220894986897,-0.01415745134863402,0.012265562280866504,0.022728951696135435,0.025827296863417067,4,36
120983.53399991989,8.90399980545044,121.44300327166665,31.030542490000002,17.186999999999998,121.44300342375746,31.03054261301717,17.178100211873783,-42.661414340684594,0.7748930229245765,0.07108035019475878,-42.64689361340732,0.7885319719353193,0.062180562068544276,0.021819226757468873,0.019921657250398045,0.5329732628246258,-0.01452072633970281,-0.013638949159293689,0.008899788126214503,0.019921657250398045,0.021819226757468873,4,36
120983.63400006294,9.003999948501587,121.44299559999999,31.03054016833333,17.18,121.44299568881218,31.0305402711984,17.17524487089087,-43.39385960047727,0.5174891705413752,0.06408035019476088,-43.38538033991384,0.5288938501340557,0.05932522108563276,0.014985854194873718,0.014211424035104173,0.5602855293595288,-0.008479260219616052,-0.011404679707627626,0.00475512910912812,0.014211424035104173,0.014985854194873718,4,36
120983.73399996758,9.103999853134155,121.44298790666666,31.030537835000004,17.177999999999997,121.44298794853502,31.030537928710793,17.172132617104253,-44.128373466102666,0.2587918326216722,0.06208035019475844,-44.124376122896706,0.2691815746828297,0.05621296729901459,0.012583786247047996,0.01113218281677618,0.641951880360866,-0.003997343139759014,-0.010389742157009885,0.0058673828957438445,0.01113218281677618,0.012583786247047996,4,36
120983.83400011063,9.203999996185303,121.44298017499999,31.03053549666667,17.183999999999997,121.44298021219399,31.0305355832011,17.16968512828574,-44.86654716963996,-0.00045985785426409337,0.06808035019475867,-44.86299610778075,0.009134239606201366,0.05376547848049995,0.017594666815704683,0.010230188080381286,0.5894668432888063,-0.0035510618860535416,-0.009594097541790641,0.014314871714258715,0.010230188080381286,0.017594666815704683,4,36
120983.93400001526,9.303999900817871,121.44297239499998,31.030533163333335,17.189,121.44297246310019,31.030533246945428,17.167887019116108,-45.609335456166924,-0.2591571964792251,0.07308035019476122,-45.602833652268714,-0.24988709949304488,0.051967369310869316,0.023957589985069708,0.011322904048393556,0.6357576522010281,-0.006501804104247058,-0.009270097058775776,0.021112980883891908,0.011322904048393556,0.023957589985069708,4,35
120984.03399991989,9.40399980545044,121.44296458833333,31.030530798333334,17.189999999999998,121.44296471223936,31.030530906562255,17.165051285183857,-46.3546697149923,-0.521365427339331,0.07408035019475889,-46.34283990081803,-0.5093660558418043,0.0491316353786182,0.03010594307311283,0.016850205854659236,0.6486467319057324,-0.011829814833153065,-0.011999371581783113,0.024948714816140694,0.016850205854659236,0.03010594307311283,5,35
120984.13400006294,9.503999948501587,121.44295678666667,31.030528425000004,17.189,121.44295695338825,31.030528552777973,17.163736570985463,-47.09952660249341,-0.7844975772458043,0.07308035019476122,-47.08360901501377,-0.7703307969069233,0.047816921180224625,0.03305008540208047,0.021308854955447112,0.6338267461348847,-0.01591758875437179,-0.014166780430252306,0.025263429014536598,0.021308854955447112,0.03305008540208047,4,35
120984.23399996758,9.603999853134155,121.44294900166666,31.030526021666667,17.188,121.44294921663018,31.03052617089486,17.16328078600363,-47.842792257915356,-1.0509558361423554,0.07208035019476,-47.82226881586369,-1.0344108636746396,0.047361136198389886,0.03613844794483636,0.026361864108277833,0.6518174060979293,-0.020523444204527456,-0.016544972567126108,0.024719213996370115,0.026361864108277833,0.03613844794483636,4,35
120984.33400011063,9.703999996185303,121.44294129166668,31.03052364333333,17.182,121.44294150039477,31.030523785313058,17.160788984845667,-48.57889735561993,-1.314642337899804,0.06608035019475977,-48.55896923635112,-1.2989010048377714,0.04486933504042767,0.03308816666787518,0.025395267463915006,0.6511901404238081,-0.019928121848132672,-0.015741333144615087,0.021211015154332102,0.025395267463915006,0.03308816666787518,4,35
120984.43400001526,9.803999900817871,121.44293353833334,31.03052126,17.177999999999997,121.44293378546276,31.03052142163729,17.157761863612865,-49.319139667419215,-1.57888319080297,0.06208035019475844,-49.295545214332925,-1.560962417902905,0.04184221380762665,0.035880839679500384,0.029628575593198217,0.629959622840838,-0.023594456711652348,-0.017920772978971208,0.02023813638713179,0.029628575593198217,0.035880839679500384,4,35
120984.53399991989,9.90399980545044,121.44292588333334,31.030518903333338,17.166999999999998,121.44292608557485,31.03051906759334,17.15752661150864,-50.04999369027414,-1.8401675019114503,0.051080350194759205,-50.03068487082196,-1.821955948305933,0.04160696170340117,0.028182200382708376,0.026542255535333337,0.7124296863112647,-0.01930882289323782,-0.018211553678379785,0.009473388491358037,0.026542255535333337,0.028182200382708376,4,35
120984.63400006294,10.003999948501587,121.44291822333335,31.030516516666662,17.16,121.44291841951876,31.030516675680346,17.156146014659864,-50.78132508688262,-2.1047779234205244,0.04408035019476131,-50.7625944661899,-2.0871480306672936,0.040226364854625274,0.026009663926653964,0.025722546813554462,0.692338458928493,-0.018730624494760956,-0.017629892813394013,0.0038539853401360347,0.025722546813554462,0.026009663926653964,4,35
120984.73399996758,10.103999853134155,121.44291055666666,31.030514129999997,17.155,121.44291079359165,31.030514312163916,17.15339675871261,-51.51329297778033,-2.3693883442243404,0.0390803501947623,-51.49067278421074,-2.3491917777241156,0.037477108907371104,0.030366841667109606,0.030324489941459993,0.6898477595626696,-0.02262019870999958,-0.02019656655300206,0.0016032412873911994,0.030324489941459993,0.030366841667109606,4,35
120984.83400011063,10.203999996185303,121.44290289,31.030511755,17.15,121.44290316756442,31.0305119700958,17.151275578587306,-52.245260866248756,-2.632705277375881,0.034080350194759745,-52.21876066146439,-2.6088575442295108,0.03535592878206728,0.035673557235343684,0.03565074452365538,0.687678158047155,-0.026500211446159716,-0.02384773319206188,-0.0012755785873075354,0.03565074452365538,0.035673557235343684,4,35
120984.93400001526,10.303999900817871,121.44289533000001,31.030509436666662,17.142,121.44289554193013,31.03050960141039,17.14613520376208,-52.967044855806456,-2.8897395618584323,0.026080350194760626,-52.94681102328418,-2.87147437761153,0.030215553956839614,0.027570365797425812,0.027258487853326616,0.6716978125232392,-0.020233838093237443,-0.018265184260406686,-0.004135203762078987,0.027258487853326616,0.027570365797425812,4,35
120985.03399991989,10.40399980545044,121.44288768166668,31.030507033333333,17.133,121.44288794534357,31.030507226113468,17.140497736842153,-53.697262386801434,-3.1561978207549832,0.017080350194760285,-53.67208808040253,-3.1348242315025003,0.024578087036914553,0.033864324248313475,0.033023876196484184,0.6995257611166775,-0.025174313932633245,-0.02137358924144334,-0.007497736842154268,0.033023876196484184,0.033864324248313475,4,35
120985.13400006294,10.503999948501587,121.44288016833335,31.030504636666667,17.125999999999998,121.44288041641127,31.03050485553356,17.13610448209854,-54.41459091876372,-3.421916943850234,0.010080350194758836,-54.390905909255245,-3.3976511083563303,0.020184832293299593,0.035382359545893215,0.03390886032521781,0.6906736289144988,-0.023685017166843587,-0.024265835455665952,-0.010104482098540757,0.03390886032521781,0.035382359545893215,4,35
120985.23399996758,10.603999853134155,121.44287273833334,31.030502263333332,17.121,121.44287296459942,31.030502527227767,17.15417595695264,-55.12396327818369,-3.6850490937567075,0.005080350194759831,-55.10236073357354,-3.6557910420683184,0.03825630714739958,0.04922751233453703,0.036368995737077886,0.7415791757745579,-0.021602552181831446,-0.029258051714952566,-0.03317595695263975,0.036368995737077886,0.04922751233453703,5,35
120985.33400011063,10.703999996185303,121.442865305,31.030499910000003,17.110999999999997,121.4428655672684,31.03050020848165,17.148249451915806,-55.83365388353364,-3.9459638376697956,-0.0049196498052417326,-55.808614052583586,-3.9128710914494818,0.03232980211056713,0.05576419211583254,0.04149847532504446,0.7061254324663744,-0.02503984030987108,-0.03309274620758269,-0.03724945191580886,0.04149847532504446,0.05576419211583254,5,35
120985.43499994278,10.804999828338623,121.44285783833332,31.03049752833333,17.101,121.44285807374445,31.03049784113707,17.143505322869043,-56.546526960329814,-4.2100199073278946,-0.014919649805239743,-56.52405130187438,-4.175339267018337,0.027585673063803995,0.05928410331422294,0.04132677623006429,0.7286088165427268,-0.02247566739596625,-0.0346806402575804,-0.04250532286904374,0.04132677623006429,0.05928410331422294,5,35
120985.53500008583,10.90499997138977,121.44285046833332,31.030495341666665,17.084,121.44285065038237,31.030495507744195,17.140952619165056,-57.25017087600517,-4.452456270313633,-0.0319196498052392,-57.23278991209611,-4.434043206858428,0.025032969359816803,0.06232768161314197,0.025320724032090618,0.6448588561968591,-0.017380971239780295,-0.01841306341354479,-0.056952619165056007,0.025320724032090618,0.06232768161314197,5,35
120985.63499999046,11.004999876022339,121.44284299499999,31.030492986666665,17.069,121.44284328377165,31.03049315573241,17.139512323711294,-57.9636804446613,-4.713555798882304,-0.04691964980523977,-57.93611023741656,-4.694811430595432,0.02359267390605524,0.07799651364869972,0.03333869142880902,0.700619626021872,-0.027570219544228898,-0.018744368233375136,-0.07051232371129501,0.03333869142880902,0.07799651364869972,5,35
120985.7349998951,11.104999780654907,121.44283571333332,31.03049068333333,17.054,121.44283596536788,31.030490818402882,17.134905335951498,-58.658890816470105,-4.968927028517188,-0.06191964980524034,-58.63482805085984,-4.953951828533718,0.01898568614625873,0.08572600090448707,0.028342086120312155,0.7599958558503015,-0.024062776915274198,-0.014975199924439677,-0.08090533595149907,0.028342086120312155,0.08572600090448707,5,35
120985.83500003815,11.204999923706055,121.44282840333332,31.030488253333335,17.035,121.4428286555591,31.030488479202436,17.12805781729251,-59.35680628597158,-5.238341827797908,-0.08091964980523869,-59.33272526429155,-5.2132996555523095,0.012138167487272256,0.09933158571378203,0.03474199995924352,0.7302075380924549,-0.02408103355632447,-0.025042172110806435,-0.09305781729251095,0.03474199995924352,0.09933158571378203,5,35
120985.93499994278,11.304999828338623,121.44282114833335,31.030485941666665,17.02,121.44282130902886,31.030486114153064,17.124224824203026,-60.049470680623415,-5.494636977184417,-0.09591964980523926,-60.034128425348044,-5.475513360625219,0.008305174397786885,0.10706965828967367,0.0245172948368245,0.6869843151925852,-0.015342263211768301,-0.0191236164377087,-0.10422482420302615,0.0245172948368245,0.10706965828967367,5,35
120986.03500008583,11.40499997138977,121.44281373999999,31.03048354,17.012999999999998,121.4428139365684,31.030483734202612,17.121780820597415,-60.75677443663995,-5.760910452130642,-0.10291964980524071,-60.73800725036345,-5.7393791523729645,0.005861170792176296,0.11246809082972375,0.028562292012994487,0.7085587876601187,-0.01876719644405822,-0.021531299604661512,-0.108780820597417,0.028562292012994487,0.11246809082972375,5,35
120986.13499999046,11.504999876022339,121.44280636333333,31.030481201666664,17.0,121.44280655354385,31.0304813749229,17.118012530209047,-61.46105484417527,-6.020162141901321,-0.11591964980523883,-61.44289467282586,-6.000953173605213,0.0020928804038078397,0.12093690065502703,0.026434383928942318,0.6778389787367264,-0.018160181625032752,-0.01920896814117163,-0.11801253020904667,0.026434383928942318,0.12093690065502703,5,35
120986.2349998951,11.604999780654907,121.44279896166667,31.030478841666664,16.988,121.44279918034391,31.03047902537766,17.11411686106717,-62.16772210590258,-6.281816021615709,-0.1279196498052393,-62.146844097694846,-6.26144793072132,-0.0018027887380682728,0.12944579369561815,0.029167633775341154,0.6551384165872879,-0.020878020520966316,-0.020368090710190082,-0.12611686106717102,0.029167633775341154,0.12944579369561815,5,35
120986.33500003815,11.704999923706055,121.44279158333332,31.030476465,16.982999999999997,121.44279180679024,31.03047668503464,17.11308852970955,-62.87216163883219,-6.545317739422833,-0.13291964980524185,-62.85082729690021,-6.520922435481415,-0.002831120095688533,0.1340645781317853,0.03240810928857515,0.7697389519375487,-0.021334355032551773,-0.024395303707993952,-0.1300885297095533,0.03240810928857515,0.1340645781317853,5,35
120986.43499994278,11.804999828338623,121.44278415833332,31.030474081666664,16.975,121.44278443321953,31.03047432587188,17.113143741757494,-63.5810566269279,-6.809558592325999,-0.1409196498052374,-63.55481212129662,-6.782483489839583,-0.0027759080477451903,0.14319751919133766,0.037707242219404274,0.778954937763115,-0.026244522394113484,-0.02707510221767778,-0.13814374175749222,0.037707242219404274,0.14319751919133766,5,35
120986.53500008583,11.90499997138977,121.44277686666668,31.030471751666663,16.968,121.4427770465594,31.030471953441825,17.114196161610653,-64.27722173652664,-7.0678863630503095,-0.14791964980523886,-64.26004664715445,-7.045515493106261,-0.001723488194585343,0.14889176460802375,0.02820354407521931,0.6999308732618008,-0.017175100770781188,-0.022370869717477454,-0.14619616161065352,0.02820354407521931,0.14889176460802375,5,35
120986.63499999046,12.004999876022339,121.44276938333333,31.030469371666662,16.963,121.44276960588672,31.03046958705974,17.117406035821553,-64.99168604783128,-7.331757648758083,-0.15291964980523787,-64.97043796977654,-7.307876956083092,0.0014863860163139009,0.1576800330176172,0.03196512027680366,0.6796225814470476,-0.021248092692454642,-0.02388069243643032,-0.15440603582155177,0.03196512027680366,0.1576800330176172,5,35
120986.7349998951,12.104999780654907,121.44276202,31.030467033333334,16.961,121.44276216879686,31.03046719956197,17.119676587269936,-65.69469346921738,-7.591009338528762,-0.1549196498052403,-65.68048722733836,-7.572579521669133,0.0037569374646970743,0.16037373565181617,0.023269631266622088,0.6844988074274595,-0.014206252025076901,-0.01842981667528342,-0.15867658726993739,0.023269631266622088,0.16037373565181617,5,35
120986.83500003815,12.204999923706055,121.442754535,31.030464605,16.956,121.44275473157839,31.03046478480637,17.12409696656377,-66.40931690105772,-7.860239354564415,-0.15991964980523932,-66.39054876250188,-7.840304170088799,0.008177316758530395,0.17031219946491777,0.0273798305078177,0.7181838533894851,-0.01876815244649412,-0.019935184282619048,-0.1680969665637697,0.0273798305078177,0.17031219946491777,5,35
120986.93499994278,12.304999828338623,121.44274703666666,31.030462170000003,16.957,121.44274732514633,31.030462377849748,17.125172599680212,-67.12521332390583,-8.130208504990854,-0.1589196498052381,-67.09767099512503,-8.107164143957375,0.009252949874973382,0.1719640860298987,0.03591132970105312,0.740257553467385,-0.027542349862628133,-0.023044360805679294,-0.16817259968021148,0.03591132970105312,0.1719640860298987,5,35
120987.03500008583,12.40499997138977,121.44273952999998,31.030459766666663,16.955,121.4427399078352,31.030459982280416,17.126578379352495,-67.84190536157887,-8.396666764592663,-0.16091964980524054,-67.80583189487339,-8.372761605811466,0.010658729547255774,0.1769516711537077,0.04327532394865203,0.6415036204057892,-0.036073495228163326,-0.023905158541295095,-0.1715783793524963,0.04327532394865203,0.1769516711537077,5,35
120987.13499999046,12.504999876022339,121.44273196166665,31.030457308333332,16.944,121.44273247018566,31.030457583277894,17.129563524059087,-68.5644849683908,-8.669222888913136,-0.17191964980523977,-68.51593458696756,-8.638739706001454,0.013643874253848054,0.19421686143946412,0.05732685065628798,0.8339708428637139,-0.04855042105080071,-0.03048318260874861,-0.18556352405908783,0.05732685065628798,0.19421686143946412,5,35
120987.2349998951,12.604999780654907,121.44272446666668,31.030454881666667,16.938,121.44272503254132,31.030455160765605,17.133890369080635,-69.28006314045035,-8.938268120293205,-0.17791964980524,-69.22603678348779,-8.907324341122106,0.01797071927539662,0.20554660374879852,0.06226049802336597,0.7849278746185061,-0.05402640246373997,-0.030943778873039236,-0.19589036908063662,0.06226049802336597,0.20554660374879852,5,35
120987.33500003815,12.704999923706055,121.44271698333333,31.030452526666668,16.929,121.44271760712658,31.030452742368208,17.138846798950645,-69.99452745175498,-9.199367648861877,-0.18691964980524034,-69.9349713689138,-9.175452756814654,0.02292714914540639,0.21944141414854404,0.06417830796834448,0.757732269462054,-0.059556134550554946,-0.023914891826555765,-0.20984679895064673,0.06417830796834448,0.21944141414854404,5,35
120987.43499994278,12.804999828338623,121.44270946500001,31.03045016833333,16.929,121.44271019077861,31.030450341843384,17.143090439827095,-70.71233335261223,-9.460836744625942,-0.18691964980524034,-70.64304031297237,-9.44159963512405,0.02717079002185585,0.2258457808512858,0.07191383943975951,0.7402979628428433,-0.06929310158731732,-0.019237109330074352,-0.2140904398270962,0.07191383943975951,0.2258457808512858,5,35
120987.53500008583,12.90499997138977,121.44270213666665,31.030447673333335,16.917,121.44270276436798,31.030447904389167,17.145252570853916,-71.41199918201643,-9.737458113032535,-0.19891964980523724,-71.35206998057679,-9.711840886086586,0.029332921048677463,0.23737521816349957,0.06517482717083078,0.7532270740307522,-0.059929256562378685,-0.02561722671618172,-0.2282525708539147,0.06517482717083078,0.23737521816349957,5,35
120987.63499999046,13.004999876022339,121.44269459333333,31.030445201666666,16.911,121.4426953081929,31.030445450526443,17.157076598708056,-72.13219193463638,-10.01149250825035,-0.20491964980523747,-72.06394138095627,-9.9839013529501,0.04115694890281674,0.25685231393539176,0.07361670151698119,0.7106461625990778,-0.06825061833301828,-0.02759115509363406,-0.2460765987080542,0.07361670151698119,0.25685231393539176,5,35
120987.7349998951,13.104999780654907,121.44268701666667,31.03044275166667,16.907,121.44268782479382,31.030443017707267,17.162082683307055,-72.85556715870254,-10.283124712819198,-0.2089196498052388,-72.77841196710163,-10.253628715535687,0.046163033501816386,0.26812333793938514,0.08260114420896547,0.6880868355267882,-0.07715526671068486,-0.029495997074745522,-0.2550826833070552,0.08260114420896547,0.26812333793938514,5,35
120987.83500003815,13.204999923706055,121.44267941166666,31.03044033666667,16.898,121.44268032403937,31.03044060966049,17.162373023811988,-73.58164748046137,-10.550876458662767,-0.21791964980523915,-73.49453954118732,-10.520609555114367,0.04645337400674876,0.27999462387103513,0.09221655858460834,0.7807316636702945,-0.08710802626824135,-0.03026690332425624,-0.2643730238119879,0.09221655858460834,0.27999462387103513,5,35
120987.93499994278,13.304999828338623,121.44267200166665,31.030437818333333,16.903,121.44267285556154,31.030438164671537,17.163560612519348,-74.28911035944292,-10.830084800963396,-0.21291964980524014,-74.2075855368527,-10.791686184209563,0.04764096271410878,0.2757038208989891,0.09011528206604898,0.7068326782004171,-0.08152490610630109,-0.03839861646208571,-0.2605606125193489,0.09011528206604898,0.2757038208989891,5,35
120988.03500008583,13.40499997138977,121.44266444000002,31.030435348333338,16.894,121.44266540293415,31.03043571355967,17.166219656129222,-75.01105346710703,-11.103934411525628,-0.22191964980524048,-74.91911822458391,-11.063441662944678,0.050300006323983126,0.290164281779756,0.10045779829186428,0.7220476709796665,-0.09193533909655519,-0.04049274827484919,-0.2722196561292236,0.10045779829186428,0.290164281779756,5,35
120988.13599991798,13.50599980354309,121.44265688166666,31.030432941666664,16.887,121.44265788413202,31.030433293107706,17.17041206761492,-75.73267833369974,-11.37076223832283,-0.22891964980523838,-75.63696888500012,-11.33179786922202,0.05449241780967995,0.3016636212699727,0.10333702302636018,0.7713502808513555,-0.09570955172090279,-0.0389643688173481,-0.28341206761491833,0.10333702302636018,0.3016636212699727,5,35
120988.23600006104,13.605999946594238,121.44264953666668,31.030430643333336,16.875,121.44265043278848,31.030430909635374,17.173782379219563,-76.43393539518313,-11.625579116106739,-0.24091964980523883,-76.34837899834515,-11.59605413271833,0.057862729414324576,0.31218992285819275,0.09050766709014955,0.666121892687816,-0.08555649110627682,-0.02952498317836805,-0.2987823792195634,0.09050766709014955,0.31218992285819275,5,36
120988.33599996567,13.705999851226807,121.44264202999999,31.03042826,16.921,121.44264294133693,31.030428496680415,17.178837215119557,-77.15062743528546,-11.889819969715163,-0.19491964980523946,-77.06361838730722,-11.86357914374837,0.06291756531431858,0.27338471417678545,0.09087998924358115,0.6484256350712881,-0.08700914610953611,-0.02624082579117551,-0.25783721511955804,0.09087998924358115,0.27338471417678545,5,36
120988.43600010872,13.805999994277954,121.44263438166666,31.030425806666667,16.914,121.44263540937489,31.03042605737922,17.183232314998552,-77.88084496628043,-12.161821742889918,-0.20191964980523736,-77.7827254783017,-12.134025169905255,0.06731266519331314,0.2878995398410804,0.10198090802315464,0.6390322195221275,-0.09811960120889682,-0.027796572807347642,-0.2692323149985505,0.10198090802315464,0.2878995398410804,4,36
120988.53600001335,13.905999898910522,121.44262675166668,31.03042339833333,16.96,121.44262786204706,31.030423616269463,17.18530406340185,-78.60931213980196,-12.428834352932187,-0.15591964980523798,-78.50329960179812,-12.404671711498011,0.0693844135966124,0.25016882090387677,0.10873140285607898,0.6944496951234111,-0.10601266308080516,-0.02416264127877223,-0.22530406340185039,0.10873140285607898,0.25016882090387677,4,36
120988.63599991798,14.00599980354309,121.44261909999999,31.030420968333335,16.958,121.44262033238276,31.0304211906734,17.18930551179622,-79.3398479191562,-12.698249152212908,-0.15791964980524043,-79.22218731872417,-12.673598245131151,0.07338586199098174,0.2606797983735309,0.12021529641752103,0.7594571238880952,-0.11766074230731012,-0.02465090692946622,-0.23130551179622216,0.12021529641752103,0.2606797983735309,4,36
120988.73600006104,14.105999946594238,121.44261146666668,31.030418538333333,16.957,121.44261282555243,31.0304187671853,17.19305788494713,-80.0686333386077,-12.967663952198887,-0.1589196498052381,-79.93889498155234,-12.942291068948878,0.07713823514189144,0.2705534900870208,0.1321963159568201,0.7720759738107899,-0.12973851685530668,-0.025372883098708204,-0.23605788494712954,0.1321963159568201,0.2705534900870208,4,36
120988.83599996567,14.205999851226807,121.44260381999999,31.03041610333333,16.951999999999998,121.44260531628622,31.030416340130422,17.195026783509817,-80.79869174906696,-13.23763310403584,-0.16391964980524065,-80.65583520946142,-13.211379342226321,0.07910713370457856,0.2831242125518123,0.14524910405904493,0.7710530228281773,-0.1428567192298497,-0.026253761651221726,-0.2430267835098192,0.14524910405904493,0.2831242125518123,4,36
120988.93600010872,14.305999994277954,121.44259611833334,31.030413715,16.95,121.44259775871183,31.030413911660368,17.19946787385009,-81.53400122951732,-13.502428307379466,-0.16591964980523954,-81.37738761536896,-13.480624516372743,0.08354822404485063,0.2953599710132156,0.15812429412852108,0.7231444892101905,-0.1566138151530846,-0.02180379088228674,-0.24946787385009017,0.15812429412852108,0.2953599710132156,5,37
120989.03600001335,14.405999898910522,121.44258919666666,31.03041148166667,17.043,121.4425901377117,31.03041146849332,17.203386380502227,-82.19484093642919,-13.750038617448016,-0.07291964980523957,-82.10499553411083,-13.75149915040073,0.08746673069698829,0.18384270904030497,0.08985739043992325,0.6718885047769674,-0.08984551997840619,0.0014605329447246133,-0.16038638050222787,0.08985739043992325,0.18384270904030497,4,36
120989.13599991798,14.50599980354309,121.44258145333333,31.030409026666668,17.049,121.44258250302649,31.030409016116213,17.20301723245701,-82.93412850315069,-14.022225174573098,-0.06691964980523935,-82.83391002385412,-14.023394906367875,0.08709758265177214,0.18375648717384352,0.10022543930935798,0.7012880314678666,-0.10021861310304715,0.0011697317878671073,-0.1540172324570115,0.10022543930935798,0.18375648717384352,4,36
120989.23600006104,14.605999946594238,121.44257369666666,31.030406574999997,17.046,121.4425748651522,31.03040655924509,17.199847473851857,-83.67468906087994,-14.294042163797528,-0.06991964980523946,-83.56312898791602,-14.295788915141518,0.08392782404661858,0.19004678395253338,0.11157389874026433,0.6775779836941236,-0.11156022472138735,0.0017467513321333954,-0.15384747385185804,0.11157389874026433,0.19004678395253338,4,35
120989.33599996567,14.705999851226807,121.44256650666667,31.030404251666663,17.104,121.44256721898117,31.030404090806908,17.193357408845042,-84.3611476428922,-14.551630799425798,-0.01191964980523963,-84.29314007592164,-14.569465367226739,0.07743775903980321,0.1137007488823101,0.07030728113714826,0.6424558982872439,-0.06800766116742349,0.01783456765483601,-0.08935740884504284,0.07030728113714826,0.1137007488823101,4,35
120989.43600010872,14.805999994277954,121.44255878666667,31.030401746666666,17.101,121.44255957671069,31.03040158117371,17.183666849454035,-85.09820748324529,-14.829360870829083,-0.014919649805239743,-85.0227787619676,-14.847709122482147,0.06774719964879594,0.1134018269968557,0.07762838635169864,0.599688205249252,-0.07542882761683141,0.01834825146761736,-0.08266684945403568,0.07762838635169864,0.1134018269968557,4,35
120989.53600001335,14.905999898910522,121.44255102000001,31.030399278333334,17.093,121.44255190411444,31.03039910178436,17.175745708815416,-85.83972277876448,-15.103025698146249,-0.022919649805238862,-85.75531277322439,-15.12259973338628,0.059826059010177346,0.11981262308470543,0.08664994127564105,0.6168607906379073,-0.08441012662287109,0.01957403501026064,-0.08274570881541621,0.08664994127564105,0.11981262308470543,4,35
120989.63599991798,15.00599980354309,121.44254349666666,31.030396711666672,17.121,121.44254421760171,31.030396653522875,17.16786170341199,-86.55800605337528,-15.3875927700695,0.005080350194759831,-86.48917544739194,-15.394039189525907,0.051942053606751415,0.08351791252198391,0.06913192074111853,0.610171109645365,-0.06883070639372137,0.0064464193702875984,-0.046861703411991584,0.06913192074111853,0.08351791252198391,4,35
120989.73600006104,15.105999946594238,121.442535715,31.030394261666668,17.12,121.44253651637965,31.030394180390473,17.157471127297622,-87.30095345800868,-15.659224976048863,0.004080350194762161,-87.22444248096177,-15.6682360910035,0.041551477492383526,0.0856693208961405,0.0770399062944092,0.6474204463297099,-0.07651109051388025,0.009011114816057741,-0.037471127297621365,0.0770399062944092,0.0856693208961405,4,35
120989.83599996567,15.205999851226807,121.44252786833334,31.030391811666664,17.109,121.44252877080089,31.030391725302273,17.1490196049936,-88.05010668014022,-15.930857182028227,-0.006919649805237071,-87.96394442957295,-15.940432426531123,0.03309995518836217,0.09548408187573251,0.08669279732369857,0.6269832447851506,-0.0861623804432738,0.009575244339254428,-0.040019604993599245,0.08669279732369857,0.09548408187573251,4,35
120989.93600010872,15.305999994277954,121.44251995666667,31.030389415,17.104,121.4425209596925,31.030389316129938,17.140486129347853,-88.80546571976988,-16.19657630512348,-0.01191964980523963,-88.70970275880083,-16.207538057286083,0.024566479542613706,0.10306294396031875,0.09638844735226063,0.59779866633914,-0.0957631075990374,0.010961751956448535,-0.036486129347853336,0.09638844735226063,0.10306294396031875,4,36
120990.03600001335,15.405999898910522,121.44251251666668,31.030386983333333,17.105,121.44251310962376,31.03038690985132,17.12955344883338,-89.51579281697981,-16.466175888354524,-0.010919649805238407,-89.4591807907879,-16.474322860522623,0.01363379902814188,0.06224288293995518,0.05719531997518276,0.5499980564355592,-0.056612114201205405,0.00814697199781718,-0.024553448833380287,0.05719531997518276,0.06224288293995518,4,36
120990.13599991798,15.50599980354309,121.44250457166666,31.030384558333335,17.095,121.44250524820119,31.030384466376375,17.117822401739264,-90.27433432562641,-16.73503633648953,-0.02091964980523997,-90.20974282034085,-16.745231631154876,0.0019027519340255594,0.06925952479058439,0.06539128193474375,0.5822149761876342,-0.06459160723007011,0.010195294429564027,-0.02282240173926553,0.06539128193474375,0.06925952479058439,4,36
120990.23600006104,15.605999946594238,121.44249660833333,31.030382143333334,17.085,121.44249736760602,31.03038203352154,17.108080363547074,-91.03462619174647,-17.002788082333097,-0.03091964980523798,-90.96213533487294,-17.01496294741696,-0.007839286258164435,0.07704460839591754,0.07350624804338204,0.6086985672514741,-0.07249097301752461,0.01217486477903249,-0.023080363547073546,0.07350624804338204,0.07704460839591754,4,35
120990.33599996567,15.705999851226807,121.44248873500001,31.030379545,17.092,121.44248948257106,31.030379592999427,17.098093075344767,-91.7863253861764,-17.29086604719675,-0.023919649805240084,-91.71495173518196,-17.285544336567952,-0.017826574460471534,0.07183077887306316,0.07157188852024146,0.6120476241065324,-0.07137376705671258,-0.005321710485173005,-0.00609307534476855,0.07157188852024146,0.07183077887306316,4,35
120990.43600010872,15.805999994277954,121.44248086,31.030377056666666,17.079,121.44248157564215,31.030377115848538,17.087904852411445,-92.53818370842988,-17.5667482805073,-0.03691964980523821,-92.46985843968898,-17.560186769288254,-0.02801479739379431,0.06921493755912574,0.06863972016874832,0.6136128551821678,-0.06832538150542213,-0.00656151102891681,-0.008904852411443898,0.06863972016874832,0.06921493755912574,4,35
120990.53600001335,15.905999898910522,121.44247279833334,31.030374578333333,17.07,121.44247360841125,31.03037463024148,17.07807252736693,-93.30786385620645,-17.8415218101159,-0.04591964980523855,-93.23052242111322,-17.83576673958742,-0.03784712243830768,0.07797438138169002,0.07755538958555622,0.6114086710205345,-0.07734156462748297,-0.005755070350593074,-0.00807252736693087,0.07755538958555622,0.07797438138169002,5,35
120990.63599991798,16.00599980354309,121.44246466166666,31.030372076666662,17.067999999999998,121.44246557208722,31.030372114184786,17.069112505841233,-94.08470456170038,-18.118882314323795,-0.047919649805240994,-93.99778300438784,-18.114722669335023,-0.046807143964006315,0.08702828921790923,0.087021178197892,0.6260929990419352,-0.08692170505488618,-0.004159644852706467,-0.0011125058412346789,0.087021178197892,0.08702828921790923,5,35
120990.73600006104,16.10599994659424,121.442456735,31.030369498333336,17.039,121.4424575056358,31.030369590138516,17.058522194404325,-94.84149571044425,-18.404742873194063,-0.07691964980523736,-94.76791997174543,-18.394564405985232,-0.057397455400913344,0.07679925297174338,0.07427657223282193,0.6035886475443064,-0.0735758655752051,-0.01017846685493273,-0.01952219440432401,0.07427657223282193,0.07679925297174338,5,35
120990.83699989319,16.20699977874756,121.44244855666666,31.03036699833334,17.03,121.44244933818797,31.030367053514198,17.04745629119064,-95.62231449978003,-18.681918592746374,-0.0859196498052377,-95.54769947934717,-18.67580067472098,-0.06846335861459707,0.07687373915429216,0.07486554393998425,0.6232003750570864,-0.07461515094956833,-0.00611791779961504,-0.017456291190640627,0.07486554393998425,0.07687373915429216,5,35
120990.93700003624,16.306999921798706,121.44244034999998,31.030364481666666,17.015,121.44244123664613,31.03036452692918,17.036111664105746,-96.40583839166707,-18.960942151096678,-0.10091964980523827,-96.32118667236226,-18.95592388337594,-0.07980798569949243,0.08738892592116183,0.08480048356194954,0.6258423373676592,-0.08465186946188456,-0.005018267524607382,-0.02111166410574583,0.08480048356194954,0.08738892592116183,5,35
120991.03699994087,16.406999826431274,121.44243210666667,31.030361969999998,17.002000000000002,121.44243310882426,31.030362000475783,17.02563015730417,-97.19286299364245,-19.239411357596005,-0.11391964980523639,-97.09718292713363,-19.23603249883182,-0.09028949250106777,0.09861292551055775,0.09573988063252982,0.6109588326323955,-0.0956802385967016,-0.003378858625232897,-0.02363015730416862,0.09573988063252982,0.09861292551055775,5,35
120991.13700008392,16.506999969482422,121.44242379333333,31.03035945,16.989,121.442424923973,31.03035946885695,17.016821217973288,-97.98657078444022,-19.518804483141704,-0.12691964980523807,-97.8786240115933,-19.51671380778417,-0.09909843183195122,0.11149412253924469,0.10796721350150226,0.60853334337534,-0.10794696970366259,-0.00209067526783205,-0.02782121797328685,0.10796721350150226,0.11149412253924469,5,35
120991.23699998856,16.60699987411499,121.44241590000001,31.03035694,16.954,121.44241670905053,31.030356936246864,17.00786620621645,-98.74017946173787,-19.797088905690707,-0.1619196498052382,-98.66293611384744,-19.79750501709483,-0.10805344358879054,0.09417164209514402,0.0772446114803035,0.570845651298973,-0.07724349069052922,0.0004161113855212854,-0.053866206216447665,0.0772446114803035,0.09417164209514402,5,35
120991.33699989319,16.70699977874756,121.44240759499999,31.030354451666668,16.931,121.44240847338965,31.030354390228105,16.99872116893855,-99.5330916377107,-20.072971139001258,-0.1849196498052379,-99.44922819922223,-20.079782850378898,-0.1171984808666906,0.1080076793717962,0.08413977704318848,0.5669055897795611,-0.08386359563782199,0.006811711060618435,-0.0677211689385473,0.08413977704318848,0.1080076793717962,5,35
120991.43700003624,16.806999921798706,121.44239925333335,31.03035193,16.912,121.44240024525351,31.030351840528173,16.988125985861767,-100.32950452377186,-20.352549048497277,-0.2039196498052398,-100.2348018651319,-20.362468815777778,-0.12779366394347136,0.12191060294462733,0.09522095035703228,0.5693181566462626,-0.09470283846623943,0.009919766798356043,-0.07612598586176844,0.09522095035703228,0.12191060294462733,5,35
120991.53699994087,16.906999826431274,121.44239099333332,31.03034938,16.889,121.44239201946797,31.030349295847184,16.98116986570188,-101.11812036511425,-20.635268283033053,-0.2269196498052395,-101.02015111135012,-20.644598329772535,-0.13474978410335936,0.13483451164214016,0.09841270947531021,0.6719944835368874,-0.0979694422911155,0.00933004627210399,-0.09216986570188013,0.09841270947531021,0.13483451164214016,5,35
120991.63700008392,17.006999969482422,121.44238264333332,31.030346855,16.882,121.4423838080788,31.030346729344238,16.973331366323052,-101.91532887085893,-20.915215759724465,-0.23391964980523738,-101.8041258759308,-20.929147250469953,-0.142588283482187,0.14457406128344524,0.11207247976891632,0.6210004941156541,-0.1112032117667526,0.013931490024865817,-0.09133136632305039,0.11207247976891632,0.14457406128344524,5,35
120991.73699998856,17.10699987411499,121.44237444333334,31.030344255,16.862000000000002,121.4423756107665,31.030344164950126,16.965875039745757,-102.69821626359816,-21.203478508538442,-0.25391964980523696,-102.58675666582326,-21.21346236402635,-0.15004461005948144,0.15268592686905022,0.11190606945862527,0.5979390777981648,-0.11145981796997714,0.009983854955788764,-0.10387503974575552,0.11190606945862527,0.15268592686905022,5,35
120991.83699989319,17.20699977874756,121.442366115,31.030341696666664,16.851,121.44236741821156,31.03034158702845,16.959432114219386,-103.4933561659394,-21.487121662120586,-0.26491964980523974,-103.36893325004434,-21.499277282828675,-0.15648753558585327,0.16548838769778107,0.12501553131001372,0.5997254997184137,-0.12442316492556517,0.012155620043034918,-0.10843211421938648,0.12501553131001372,0.16548838769778107,5,35
120991.93700003624,17.306999921798706,121.44235779166665,31.030339084999998,16.838,121.44235926535377,31.030338962300963,16.951069037794444,-104.28801869695639,-21.776677897176324,-0.27791964980523787,-104.1473197867275,-21.790281574822632,-0.16485061201079532,0.18101362089473227,0.1413553099167512,0.6875666936823914,-0.14069919550958326,0.013603676878581127,-0.11306903779444255,0.1413553099167512,0.18101362089473227,5,35
120992.03699994087,17.406999826431274,121.44234950666666,31.030336521666662,16.825,121.44235110823783,31.03033638585848,16.942507193299395,-105.0790213876322,-22.06087540260944,-0.29091964980523954,-104.92611286652864,-22.075932495039197,-0.1734124565058437,0.19343155978260956,0.15364839030341865,0.511630962428027,-0.152908835051397,0.015057091553694566,-0.11750719329939585,0.15364839030341865,0.19343155978260956,5,35
120992.13700008392,17.506999969482422,121.44234116333334,31.030333895,16.817,121.44234292526022,31.03033380545979,16.92819187911641,-105.87559339908763,-22.352094691807586,-0.29891964980523866,-105.70737506336813,-22.362022040611876,-0.18772777068882718,0.2018903472035706,0.1685113595949532,0.6310291371379811,-0.1682186852589474,0.009927348200341217,-0.11119187911641149,0.1685113595949532,0.2018903472035706,1,35
120992.23699998856,17.60699987411499,121.44233324166667,31.030331395,16.783,121.44233484139691,31.03033120913349,16.912440682297966,-106.63190717650726,-22.629270411359897,-0.3329196498052376,-106.47917441653526,-22.649877485283966,-0.203478967507273,0.20126334921627165,0.1541169864226144,0.7145538252589532,-0.1527330811003068,0.020607072611009407,-0.12944068229796457,0.1541169864226144,0.20126334921627165,5,35
120992.33699989319,17.70699977874756,121.44232532166667,31.030328796666662,16.762999999999998,121.44232676304101,31.030328618911035,16.908546054690813,-107.38806183096187,-22.91734837692881,-0.3529196498052407,-107.25044795359526,-22.937056194679705,-0.20737359511442577,0.2012702460537949,0.13901819273207894,0.6309348666400125,-0.1376141703469371,0.019707816475135604,-0.14554605469081494,0.13901819273207894,0.2012702460537949,5,35
120992.43700003624,17.806999921798706,121.44231735,31.03032626,16.733,121.44231878695965,31.030326135298502,16.900786293704513,-108.14914931433617,-23.198589340567242,-0.3829196498052383,-108.0119569250431,-23.212415031324593,-0.2151333561007256,0.21717555757689322,0.13788757178853164,0.7989545569311304,-0.1371926847692016,0.01382568984014688,-0.1677862937045127,0.13788757178853164,0.21717555757689322,5,35
120992.53699994087,17.906999826431274,121.44230945333332,31.030323814999996,16.703,121.44231083141676,31.0303236579469,16.892090647765993,-108.90307623999308,-23.46966719469563,-0.41291964980523943,-108.7715050026845,-23.48707971634615,-0.2238290020392455,0.23101847294979141,0.13271873180335286,0.7413398935848834,-0.13157152390449767,0.017412520464841177,-0.18909064776599394,0.13271873180335286,0.23101847294979141,5,35
120992.63700008392,18.006999969482422,121.44230125333334,31.030321338333337,16.71,121.44230285055338,31.030321157594805,16.88453629559905,-109.68596363516161,-23.744255940353906,-0.405919649805238,-109.53347053377999,-23.764294473340758,-0.23138335420618716,0.23263428308346049,0.15380439260410084,0.5360024445588577,-0.15249343735388307,0.02003853159075597,-0.17453629559905082,0.15380439260410084,0.23263428308346049,5,35
120992.73699998856,18.10699987411499,121.44229324666667,31.03031882333333,16.706,121.4422948317918,31.030318656159082,16.878652874122928,-110.4503927105178,-24.023094714753885,-0.4099196498052393,-110.29905435717126,-24.041629372450736,-0.23726677568231125,0.23033876725312638,0.15246944860129286,0.5531641065761388,-0.1513386905903913,0.018534656381171234,-0.17265287412292807,0.15246944860129286,0.23033876725312638,5,35
120992.83699989319,18.20699977874756,121.44228524,31.030316428333336,16.699,121.44228678985306,31.030316175029448,16.874435820346605,-111.21482178344473,-24.28862905389881,-0.4169196498052372,-111.06685100084393,-24.316712929256337,-0.2414838294586339,0.23121825662268608,0.1506125995225786,0.6820821995664722,-0.1479711160783677,0.028083873334546976,-0.17543582034660332,0.1506125995225786,0.23121825662268608,5,35
120992.93700003624,18.306999921798706,121.44227741833335,31.03031383,16.717,121.44227877380987,31.030313687089947,16.867898991282676,-111.96158815381355,-24.576707019467722,-0.3989196498052401,-111.83217528924256,-24.592551497926678,-0.24802065852256305,0.1994224633069421,0.13037949724277673,0.6501900575533166,-0.12941315945652876,0.015844477295205595,-0.15089899128267703,0.13037949724277673,0.1994224633069421,5,35
120993.03699994087,18.406999826431274,121.442269565,31.03031134833333,16.729,121.44227077215288,31.030311176304284,16.85934511420722,-112.71137787023434,-24.85185011768223,-0.38691964980523963,-112.59612607014657,-24.870923027599822,-0.2565745355980198,0.17503332041311634,0.11681958079511955,0.6657670681737561,-0.11525206557421636,0.019072908483605718,-0.13034511420721984,0.11681958079511955,0.17503332041311634,5,35
120993.13700008392,18.506999969482422,121.44226157,31.03030881833333,16.736,121.44226273176038,31.03030865621946,16.8510890099923,-113.47469308240633,-25.132351946224617,-0.3799196498052382,-113.36377508622643,-25.150325557761303,-0.26483063981293853,0.1608458580614341,0.11236507390871663,0.6472923444541389,-0.11091825446024978,0.01797361015496414,-0.11508900999229965,0.11236507390871663,0.1608458580614341,5,35
120993.23699998856,18.60699987411499,121.44225337333334,31.030306326666665,16.718,121.44225465443441,31.03030614262739,16.8463144508917,-114.25726222921558,-25.408603746730563,-0.39791964980523886,-114.1349502931552,-25.429008234581193,-0.2696051989135384,0.17844108693129354,0.1240025128680175,0.7179582471782617,-0.12231222399294142,0.02040448625874647,-0.12831445089170046,0.1240025128680175,0.17844108693129354,5,33
120993.33699989319,18.70699977874756,121.44224541500002,31.030303765,16.735,121.44224657532102,31.03030363034703,16.841825772420393,-115.0170767215821,-25.692616467508095,-0.3809196498052394,-114.90629615000191,-25.70754548084865,-0.27409387738484625,0.15461893320090359,0.11178223853086795,0.6620960264761291,-0.1107808351968603,0.014929012159481073,-0.10682577242039315,0.11178223853086795,0.15461893320090359,5,33
120993.43700003624,18.806999921798706,121.44223743333332,31.030301251666668,16.725,121.44223847672599,31.030301120039088,16.832098922148276,-115.7791189476049,-25.971270457957747,-0.3909196498052374,-115.67950200034127,-25.985864045643986,-0.28382072765696265,0.14699229841562134,0.10068046815636512,0.6303154748496875,-0.09961718677590087,0.014593586503671206,-0.10709892214827477,0.10068046815636512,0.14699229841562134,5,33
120993.53800010681,18.907999992370605,121.44222935833335,31.030298601666665,16.715,121.44223024840898,31.030298539490232,16.821779707651803,-116.55007207910137,-26.265076721049933,-0.400919649805239,-116.46509293603138,-26.2719702402429,-0.29413994215343564,0.13664156180950382,0.08525849193796395,0.596981862379712,-0.08497934954190915,0.006893518620406205,-0.10677970765180334,0.08525849193796395,0.13664156180950382,5,33
120993.63800001144,19.007999897003174,121.44222102,31.030296058333338,16.732,121.44222204793924,31.03029597102162,16.815619565390964,-117.34616672409112,-26.547056819784405,-0.3839196498052395,-117.24802517821304,-26.55673709483893,-0.3003000844142747,0.12929713746012134,0.09861804114464892,0.6463310288244187,-0.09814178686930033,0.009680274237256767,-0.08361956539096482,0.09861804114464892,0.12929713746012134,5,34
120993.73799991608,19.107999801635742,121.442212655,31.030293505,16.727,121.44221382846622,31.03029339873377,16.806848461681163,-118.14480733894997,-26.83014562222083,-0.3889196498052385,-118.03277174091768,-26.84192738917524,-0.30907118812407575,0.13808194795894216,0.11265366181038187,0.6494805357920862,-0.11203587599805839,0.011781765938753588,-0.07984846168116277,0.11265366181038187,0.13808194795894216,5,34
120993.83800005913,19.20799994468689,121.44220454166667,31.030290971666666,16.703,121.44220561976339,31.030290803632123,16.794858925414818,-118.9194203156462,-27.11101701795861,-0.41291964980523943,-118.81649003140365,-27.129647056161513,-0.32106072439042066,0.13921148286352236,0.10460293869053365,0.708346387046082,-0.10293054221504883,0.018630036554220505,-0.09185892541481877,0.10460293869053365,0.13921148286352236,5,33
120993.93799996376,19.307999849319458,121.44219624333333,31.03028831,16.671,121.44219736563421,31.03028817645997,16.78735600898969,-119.71169599490051,-27.406116767997812,-0.44491964980523946,-119.60454535917458,-27.42092238939401,-0.328563640815549,0.1588686378863441,0.10816895708036292,0.6854039936612571,-0.10715090709098057,0.0148056200624441,-0.11635600898969045,0.10816895708036292,0.1588686378863441,5,33
120994.03800010681,19.407999992370605,121.44218790333335,31.030285745,16.665,121.442189055688,31.030285528921027,16.77942405394332,-120.50794975799666,-27.690499055970736,-0.4509196498052397,-120.39792976610659,-27.714455794502975,-0.33649559586191913,0.16053426394982098,0.11259833826965147,0.6686432134773497,-0.11002027342854999,0.023956736334358224,-0.11442405394332056,0.11259833826965147,0.16053426394982098,5,32
120994.13800001144,19.507999897003174,121.44217941833334,31.03028317,16.651,121.44218068999963,31.03028287089926,16.771010175795393,-121.31804726520332,-27.975990047645613,-0.46491964980523903,-121.19663610524589,-28.009151433103376,-0.34490947400984595,0.17390476002259087,0.1258587432961007,0.714654474661926,-0.12141147385726031,0.033161382357820526,-0.12001017579539308,0.1258587432961007,0.17390476002259087,5,32
120994.23799991608,19.607999801635742,121.44217124500001,31.03028058,16.646,121.44217228681768,31.030280215103883,16.764751826614447,-122.09838868321485,-28.2631440934629,-0.46991964980523804,-121.998922108635,-28.303600231394427,-0.3511678231907922,0.16010105014262965,0.1073794669967467,0.6667153455192306,-0.09946683440596245,0.040456134093141645,-0.11875182661444583,0.1073794669967467,0.16010105014262965,5,33
120994.33800005913,19.70799994468689,121.44216294833335,31.03027773666667,16.644000000000002,121.44216387348797,31.03027754580791,16.75804444079963,-122.89050523950417,-28.57838527857186,-0.47191964980523693,-122.80217695909593,-28.59954584463737,-0.3578752090056092,0.1457937935785491,0.09082783586943373,0.6090639240534169,-0.08832851350948358,0.02116056402674019,-0.11404444079962772,0.09082783586943373,0.1457937935785491,5,33
120994.43799996376,19.807999849319458,121.44215433333332,31.030274979999998,16.627000000000002,121.44215544112699,31.030274837734694,16.746946549609515,-123.71301437684853,-28.884017706021755,-0.4889196498052364,-123.60724880472155,-28.899790701642896,-0.36897310019572416,0.16069342858044078,0.10693550965750356,0.5872143067003095,-0.10576585405443413,0.015772994067271416,-0.11994654960951223,0.10693550965750356,0.16069342858044078,5,33
120994.53800010681,19.907999992370605,121.44214572833334,31.03027231,16.617,121.442146956372,31.030272139824433,16.73820934925905,-124.53456876911511,-29.180041375107322,-0.49891964980523795,-124.41732291792263,-29.198908789056862,-0.3777103005461875,0.16968897792816684,0.11875454889183579,0.5613071973124263,-0.11724616686602482,0.01886741205697492,-0.12120934925905047,0.11875454889183579,0.16968897792816684,5,33
120994.63800001144,20.007999897003174,121.44213702166665,31.030269666666662,16.615000000000002,121.442138438003,31.030269425843574,16.730217458083168,-125.365829696256,-29.473108503103465,-0.5009196498052368,-125.23060629757317,-29.499808628360164,-0.3857021917220713,0.17964806204472294,0.13783455136241646,0.6319577739938567,-0.13522376642428038,0.026700122533619256,-0.11521745808316552,0.13783455136241646,0.17964806204472294,5,33
120994.73799991608,20.107999801635742,121.44212861666668,31.030266976666667,16.606,121.44212993479847,31.030266722222827,16.7185644353373,-126.16828927442104,-29.77134957747716,-0.5099196498052372,-126.04244186278805,-29.799559839304624,-0.39735521446793953,0.1711847797028104,0.12897083662245146,0.5976035029003279,-0.1258477572014512,0.028210258886788894,-0.11256443533729765,0.12897083662245146,0.1711847797028104,5,31
120994.83800005913,20.20799994468689,121.44212002166665,31.030264289999998,16.6,121.44212142293968,31.030264022652105,16.70802224082214,-126.98888892889768,-30.069221084655464,-0.5159196498052374,-126.85510368824636,-30.09886202233708,-0.4078974089831,0.17448776282289943,0.1370298320173551,0.5987307017198082,-0.1337856115689607,0.02964093453020208,-0.1080222408221374,0.1370298320173551,0.17448776282289943,4,31
120994.93799996376,20.307999849319458,121.44211135333335,31.03026159333333,16.588,121.4421128873643,31.030261289869326,16.69701322260043,-127.81649001326814,-30.36820129483046,-0.5279196498052379,-127.67002982994973,-30.401846435810725,-0.41890642720481,0.18565177984426795,0.15027541601211455,0.6024585364342824,-0.14646059330626157,0.03364513733055549,-0.1090132226004279,0.15027541601211455,0.18565177984426795,4,31
120995.03800010681,20.407999992370605,121.44210264666665,31.030258908333334,16.578000000000003,121.44210432426185,31.030258559601943,16.687860755017756,-128.64775094040905,-30.66588801735318,-0.5379196498052359,-128.4875840950508,-30.704551966987086,-0.42805889478748327,0.1980349704737955,0.16476790961072,0.6265385462588119,-0.1601672980545355,0.038663945367693464,-0.10986075501775261,0.16476790961072,0.1980349704737955,4,32
120995.13800001144,20.507999897003174,121.44209453833334,31.030255996666664,16.567,121.4420957393572,31.030255815001265,16.67684174708883,-129.42188654335172,-30.988705339488664,-0.5489196498052387,-129.30721990435154,-31.008846634212077,-0.43907790271640934,0.16006059539867482,0.11642244111790448,0.5234465304764931,-0.11466696618465869,0.020141292457493232,-0.10984174708882932,0.11642244111790448,0.16006059539867482,5,32
120995.23799991608,20.607999801635742,121.44208605166665,31.030253188333337,16.558,121.44208715043534,31.03025305813541,16.666858117667868,-130.23214317595264,-31.30006606375657,-0.557919649805239,-130.12723925387942,-31.314501145406563,-0.449061532137371,0.1518662489957666,0.10589271836086173,0.49712645469720773,-0.1049042242587408,0.01443507999716664,-0.10885811766786802,0.10589271836086173,0.1518662489957666,5,31
120995.33800005913,20.70799994468689,121.44207756833333,31.030250514999995,16.531,121.44207855494398,31.030250303444344,16.65812564049975,-131.04208155533573,-31.59645930144805,-0.58491964980524,-130.9478858202607,-31.619914537344805,-0.45779400930548775,0.1599498813578853,0.09707232393390672,0.5224059585868798,-0.09419600899679305,0.023455233168855998,-0.12712564049975228,0.09707232393390672,0.1599498813578853,5,32
120995.43799996376,20.807999849319458,121.442068895,31.03024778,16.525000000000002,121.44206996443005,31.030247537091174,16.64990865808214,-131.87016001103044,-31.899689538248975,-0.5909196498052367,-131.76805717009267,-31.9266209098548,-0.466010991723099,0.16356198459464988,0.10559521741376408,0.5564374553834855,-0.10210314067302569,0.026931368427252817,-0.12490865808213769,0.10559521741376408,0.16356198459464988,5,31
120995.53800010681,20.907999992370605,121.44206013166668,31.030244915000004,16.51,121.44206135126093,31.030244743123067,16.640172613574002,-132.70683113355668,-32.21733291259639,-0.6059196498052373,-132.5903915034434,-32.23638895838405,-0.4757470362312368,0.17568810413128827,0.11798898511539259,0.49616031686737044,-0.1164399751573505,0.01905604350110325,-0.13017261357400045,0.11798898511539259,0.17568810413128827,5,31
120995.63800001144,21.007999897003174,121.44205140000001,31.03024210833333,16.509,121.44205268499189,31.030241960934067,16.631264385096014,-133.540478910031,-32.52850885502974,-0.6069196498052385,-133.4177955024267,-32.54485105382539,-0.48465526470922526,0.17397400896690704,0.12376742678552878,0.5316429242301438,-0.12268377454539679,0.016342196804759075,-0.12226438509601323,0.12376742678552878,0.17397400896690704,4,31
120995.73799991608,21.107999801635742,121.44204256500001,31.030239368333334,16.499000000000002,121.44204397607031,31.030239189779525,16.622341880245795,-134.38399234191536,-32.83229344368164,-0.6169196498052365,-134.2492717127217,-32.85208975579922,-0.4935777695594439,0.18372498686775873,0.1361677325102782,0.5740600416242438,-0.13472103584985123,0.01979630966957667,-0.12334188024579262,0.1361677325102782,0.18372498686775873,4,31
120995.83800005913,21.20799994468689,121.44203376166666,31.030236614999996,16.489,121.44203530053774,31.03023640518749,16.61348352429771,-135.22448242774777,-33.13755630393615,-0.6269196498052381,-135.0775601387262,-33.16081827656532,-0.5024361255075291,0.193967929257117,0.1487528479011937,0.5964608201839664,-0.14692273657919874,0.02326196971013069,-0.12448352429770893,0.1487528479011937,0.193967929257117,4,31
120995.93799996376,21.307999849319458,121.44202496833334,31.03023385666667,16.48,121.44202664221042,31.03023362283935,16.60240242557134,-136.06401777093168,-33.44337351392585,-0.6359196498052384,-135.9042059095664,-33.46929801615198,-0.5135172242338975,0.20296408908769822,0.16190141343870793,0.5915784032697854,-0.1598123525556658,0.025924498916565734,-0.12240242557134096,0.16190141343870793,0.20296408908769822,5,31
120996.03800010681,21.407999992370605,121.44201643833334,31.030231145000002,16.490000000000002,121.4420179502749,31.03023086126083,16.59312318713035,-136.87841161033947,-33.74401677824326,-0.6259196498052368,-136.7340603929793,-33.77547502198711,-0.52279646267489,0.18017051854100657,0.1477397171630387,0.5657207823577393,-0.14435166498651433,0.0314582396684207,-0.10312318713034685,0.1477397171630387,0.18017051854100657,5,31
120996.13800001144,21.507999897003174,121.442007905,31.030228321666662,16.488,121.442009196914,31.030228090354203,16.586741822204267,-137.69312369810652,-34.05704055806409,-0.6279196498052393,-137.56977940620098,-34.08268623723461,-0.5291778276009715,0.16006735360771826,0.1259825791082207,0.6205788513613708,-0.12334467783791792,0.02564567581132008,-0.09874182220426775,0.1259825791082207,0.16006735360771826,4,31
120996.23900008202,21.608999967575073,121.441999215,31.03022548,16.47,121.44200032713516,31.030225275640593,16.580809753642466,-138.52279338830968,-34.37209695992799,-0.64591964980524,-138.41661331473014,-34.3947543458822,-0.5351098961627727,0.15513361248976057,0.10857088109534208,0.6838406284074472,-0.10618040883059333,0.022657382955384907,-0.11080975364246726,0.10857088109534208,0.15513361248976057,5,31
120996.33899998665,21.70899987220764,121.44199033166666,31.030222738333336,16.472,121.44199152030191,31.030222488153445,16.573015776667848,-139.37092139832515,-34.676066331824956,-0.6439196498052375,-139.25743755101533,-34.70380384861823,-0.5429038731373907,0.1544416472708175,0.11682480591002625,0.7280609833938181,-0.11348420878814672,0.027737513076042532,-0.10101577666784678,0.11682480591002625,0.1544416472708175,5,31
120996.43899989128,21.80899977684021,121.44198151500001,31.030219860000003,16.464000000000002,121.44198269516446,31.030219668052176,16.564118883975162,-140.21268447030678,-34.99518797777497,-0.6519196498052366,-140.10000936567297,-35.0164692882462,-0.5518007658300768,0.15222498407474186,0.11466758412090092,0.6760293546368452,-0.11267546669885438,0.021281307580109952,-0.10011888397515989,0.11466758412090092,0.15222498407474186,5,31
120996.53900003433,21.908999919891357,121.44197251333331,31.030217003333338,16.459,121.44197383273615,31.030216820806743,16.555755128678776,-141.07211024970505,-35.31190743307601,-0.6569196498052392,-140.94614148804501,-35.33214420915737,-0.5601645211264632,0.16012280823098898,0.127584320314573,0.7013938382767002,-0.12596917002455504,0.0202367732965587,-0.096755128678776,0.127584320314573,0.16012280823098898,5,31
120996.63899993896,22.008999824523926,121.44196414666666,31.030214134999998,16.432000000000002,121.44196493016473,31.030213976568554,16.546256376661866,-141.87090998995816,-35.62992037673459,-0.6839196498052367,-141.79610623844613,-35.64748571651538,-0.5696632731433731,0.13769058979901172,0.07683865505916963,0.7208011855154415,-0.07480399612186381,0.017565337329588617,-0.11425637666186361,0.07683865505916963,0.13769058979901172,5,31
120996.73900008202,22.108999967575073,121.44195513166666,31.030211299999998,16.422,121.44195601130829,31.030211113331145,16.536942870902475,-142.73160875307636,-35.944237642797184,-0.6939196498052382,-142.64762578409463,-35.96493367232668,-0.5789767789027636,0.1438519193361455,0.08649572894305217,0.6233906099379388,-0.08398324599754442,0.020696026601884035,-0.11494287090247468,0.08649572894305217,0.1438519193361455,5,31
120996.83899998665,22.20899987220764,121.44194631,31.030208391666665,16.405,121.44194708839942,31.030208243855327,16.528376906876876,-143.5738491963822,-36.26668539703202,-0.7109196498052377,-143.49953223452874,-36.283073282442636,-0.5875427429283633,0.14496024086749518,0.07610262992733746,0.5959737461482908,-0.07431720911450905,0.01638788306303203,-0.12337690687687441,0.07610262992733746,0.14496024086749518,5,31
120996.93899989128,22.30899977684021,121.44193730833334,31.03020555666667,16.399,121.44193815083933,31.03020537977676,16.517865158254754,-144.43327497335122,-36.58100266238935,-0.7169196498052379,-144.35283749345103,-36.600614498049104,-0.5980544915504851,0.14485779725595913,0.08279405521485898,0.5849767257615365,-0.0804377497993729,0.019611832809164013,-0.11886515825475286,0.08279405521485898,0.14485779725595913,5,31
120997.03900003433,22.408999919891357,121.44192835500002,31.030202583333335,16.394000000000002,121.44192918553766,31.030202486888783,16.508443625786004,-145.28808616733053,-36.91065698575006,-0.7219196498052369,-145.20879135706502,-36.9213498209113,-0.6074760240192347,0.13964021507055516,0.08001278761488313,0.5680277858285384,-0.07929507861020399,0.010692833586377595,-0.1144436257860022,0.08001278761488313,0.13964021507055516,5,31
120997.13899993896,22.508999824523926,121.44191936500002,31.03019971,16.381,121.44192018491354,31.030199582934603,16.50067876571614,-146.14639807868602,-37.2292242798491,-0.7349196498052386,-146.06811759654863,-37.24331205718383,-0.6152408840891006,0.14369881032910709,0.07953829974711833,0.5828267458996073,-0.07828074932928515,0.014087775236284357,-0.119678765716138,0.07953829974711833,0.14369881032910709,5,31
120997.23900008202,22.608999967575073,121.44191029833334,31.030196855,16.37,121.44191118886783,31.03019670548108,16.492026132358124,-147.0120296731531,-37.54575895190508,-0.7459196498052378,-146.92700671794498,-37.562336157485646,-0.6238935174471152,0.1496466949720171,0.08662422488984166,0.5745995360723847,-0.08502324785472504,0.016577203081336034,-0.12202613235812265,0.08662422488984166,0.1496466949720171,5,31
120997.33899998665,22.70899987220764,121.44190124833334,31.030194003333335,16.358,121.44190221705415,31.030193827476545,16.48387401435398,-147.87607002825322,-37.86192405606041,-0.7579196498052383,-147.78358230823034,-37.881421349353516,-0.6320456354512594,0.15741171986927902,0.0945208022745188,0.5740846977336107,-0.09248804102585242,0.019497290319911507,-0.12587401435397894,0.0945208022745188,0.15741171986927902,5,31
120997.43899989128,22.80899977684021,121.44189229,31.03019109833333,16.349,121.44189325655788,31.03019090173487,16.475928497132465,-148.73135859598605,-38.18400224309985,-0.7669196498052386,-148.63907737968464,-38.20579917124071,-0.6399911526727742,0.15843557620865964,0.09482082273564156,0.545539267107208,-0.09228153929365451,0.02179692477983212,-0.12692849713246446,0.09482082273564156,0.15843557620865964,5,31
120997.53900003433,22.908999919891357,121.44188338333333,31.030188316666667,16.325000000000003,121.44188427196264,31.030187988032033,16.4671597965512,-149.58171433479924,-38.492406426983585,-0.790919649805236,-149.49687327709418,-38.52884224364952,-0.6487598532540382,0.1695141054769655,0.09233430673470089,0.47186898004864397,-0.08484135712224869,0.036435810980859074,-0.14215979655119781,0.09233430673470089,0.1695141054769655,5,31
120997.63899993896,23.008999824523926,121.44187436666668,31.030185448333334,16.314,121.44187532359715,31.030185089038696,16.46293231919867,-150.4425722208824,-38.81041936993691,-0.8019196498052388,-150.3512101727936,-38.85025446963948,-0.6529873306065674,0.17920589726073552,0.09966904188929664,0.44212416239845886,-0.09136237322630493,0.03983509344268853,-0.14893231919867134,0.09966904188929664,0.17920589726073552,5,31
120997.73900008202,23.108999967575073,121.44186546166665,31.030182606666667,16.308999999999997,121.44186647738684,31.030182172820336,16.461614800689283,-151.29276884158915,-39.125475771095545,-0.8069196498052413,-151.1957938986524,-39.173576439155994,-0.654304849115956,0.18710734349162983,0.10824915980766069,0.6038005191918282,-0.09697529098394284,0.04810066046993612,-0.15261480068928535,0.10824915980766069,0.18710734349162983,5,31
120997.83899998665,23.20899987220764,121.44185659666667,31.030179708333335,16.307,121.44185769143594,31.03017925981071,16.460175413313838,-152.1391464917019,-39.446814822333685,-0.8089196498052402,-152.03462441178627,-39.49654265536608,-0.655744236491401,0.1919909063155265,0.11574886981734123,0.5444592561054479,-0.10452245820734625,0.0497278251513714,-0.15317541331383921,0.11574886981734123,0.1919909063155265,5,31
120997.93899989128,23.30899977684021,121.44184776499999,31.03017696333333,16.303,121.44184887573844,31.0301763305487,16.46182628106901,-152.98234167765628,-39.75115376354182,-0.812919649805238,-152.87629495476702,-39.821310777624134,-0.6540933687362305,0.2034546193983699,0.12715342935337676,0.5052589877182497,-0.1060471099719461,0.07015700294997032,-0.15882628106900754,0.12715342935337676,0.2034546193983699,5,31
120998.03900003433,23.408999919891357,121.441839365,31.03017383166667,16.314,121.44184000510444,31.030173416054637,16.466704200791657,-153.78432388449704,-40.09836254807825,-0.8019196498052388,-153.7232105091044,-40.1444415735526,-0.6492154490135817,0.1708119463208244,0.07653853974625778,0.6032674116341945,-0.06111360037107484,0.04607901817719258,-0.15270420079165703,0.07653853974625778,0.1708119463208244,4,31
120998.13899993896,23.508999824523926,121.44183041666665,31.030170975,16.311999999999998,121.44183110727819,31.030170531210672,16.46743795016087,-154.63865771443994,-40.41508200408455,-0.8039196498052412,-154.57272221746118,-40.46428505461926,-0.6484816996443676,0.17586761440869758,0.08227065970072267,0.6129337094234094,-0.06593574170392916,0.04920304272649051,-0.15543795016087358,0.08227065970072267,0.17586761440869758,4,31
120998.23900008202,23.608999967575073,121.44182178833334,31.030167560000002,16.299,121.44182224559336,31.030167626051526,16.462740047374364,-155.46243983307494,-40.79370403690274,-0.8169196498052393,-155.41878335858203,-40.786380885804014,-0.6531796024308747,0.1696181996862957,0.04426658503500018,0.6440054057421921,-0.04365663782055198,-0.0073231499278693145,-0.16374004737436465,0.04426658503500018,0.1696181996862957,5,31
120998.33899998665,23.70899987220764,121.44181303666667,31.030164589999995,16.281,121.44181343226101,31.030164701675453,16.459717571352577,-156.29799709241698,-41.12298879306805,-0.83491964980524,-156.2602280898916,-41.11060730289803,-0.6562020784526617,0.1830840786931445,0.03974681824691867,0.6120251827707619,-0.03776914496290638,-0.01238148817891253,-0.17871757135257837,0.03974681824691867,0.1830840786931445,5,31
120998.43899989128,23.80899977684021,121.44180424,31.030161768333333,16.29,121.44180465571257,31.03016181370849,16.45802418654267,-157.13785068638944,-41.435827788233304,-0.8259196498052397,-157.0981609121133,-41.43079703180343,-0.6578954632625695,0.17272152709891828,0.04000748255084726,0.6466517094720519,-0.03968992514449611,-0.005030755617265026,-0.16802418654267015,0.04000748255084726,0.17272152709891828,4,31
120998.53900003433,23.908999919891357,121.44179555000001,31.030158848333333,16.289,121.44179588549655,31.030158935313043,16.45928231583067,-157.9675203741633,-41.759569029415154,-0.8269196498052374,-157.9354891535505,-41.749925563892816,-0.6566373339745688,0.173536942574069,0.033451507489202406,0.6445547301975121,-0.032031343339124656,-0.00964346396225335,-0.17028231583066855,0.033451507489202406,0.173536942574069,5,31
120998.63899993896,24.008999824523926,121.44178686333335,31.030155869999998,16.286,121.44178709504057,31.030156031286808,16.46259719648925,-158.7968718184365,-42.08977770392158,-0.8299196498052375,-158.77474978600424,-42.07189578862301,-0.6533224533159903,0.17887347678862797,0.028445577698300292,0.6036646320354565,-0.02212211787463649,-0.017881912406975033,-0.1765971964892472,0.028445577698300292,0.17887347678862797,5,31
120998.73900008202,24.108999967575073,121.44177801333332,31.03015296833333,16.287,121.44177828057765,31.03015313384482,16.467825280215465,-159.64181736186436,-42.411486323060366,-0.8289196498052398,-159.61630245769277,-42.39313601628542,-0.6480943695897743,0.18353618449581152,0.031428475214030735,0.6655603848607194,-0.025515003511568126,-0.01835030381447704,-0.1808252802154655,0.031428475214030735,0.18353618449581152,5,31
120998.83899998665,24.20899987220764,121.44176910166668,31.030150029999998,16.283,121.44176944701134,31.03015024000788,16.471790177258892,-160.49265046957248,-42.73726018558002,-0.8329196498052376,-160.45967900913706,-42.713976550950555,-0.6441294725463464,0.19305694556737207,0.04036400874987188,0.6562983529832096,-0.03297158982420165,-0.023283630877170686,-0.18879017725889113,0.04036400874987188,0.19305694556737207,5,31
120998.93899989128,24.30899977684021,121.44176026166666,31.030147054999997,16.281,121.44176060864241,31.030147328462146,16.4738108422902,-161.3366412727811,-43.067099292185794,-0.83491964980524,-161.3035140855198,-43.03678046472044,-0.6421088075150401,0.19797138965867997,0.044907128818624506,0.6962408931067587,-0.03312731827937171,-0.03031882257525415,-0.19281084229019996,0.044907128818624506,0.19797138965867997,5,31
120999.03999996185,24.40999984741211,121.44175138333334,31.030144123333336,16.279,121.44175166994245,31.030144372490835,16.47750915360821,-162.1842919139016,-43.39213401890415,-0.8369196498052389,-162.15692817393904,-43.36450985541247,-0.6384104961970287,0.20228138437228438,0.038882829080711855,0.7145013452852721,-0.02736384904713395,-0.02762415903960731,-0.1985091536082102,0.038882829080711855,0.20228138437228438,5,31
120999.1400001049,24.509999990463257,121.441742365,31.030141366666665,16.289,121.4417428216438,31.030141451129808,16.480938813024938,-163.04530892537906,-43.697766446354045,-0.8269196498052374,-163.00171128085842,-43.68840199360172,-0.6349808367803007,0.1970506807218677,0.044592183480177995,0.7151987641541445,-0.04359781967519058,-0.009364451243902361,-0.19193881302493665,0.044592183480177995,0.1970506807218677,5,31
120999.24000000954,24.609999895095825,121.44173338833335,31.03013864833333,16.294,121.44173396534235,31.03013854912979,16.485503538744773,-163.90234784815604,-43.99914884576749,-0.8219196498052384,-163.84725844863198,-44.01014757108215,-0.630416111060466,0.1995731539682897,0.05617684961868327,0.7194137479239875,-0.0550896225567028,0.010998723545947378,-0.19150353874477233,0.05617684961868327,0.1995731539682897,5,31
120999.33999991417,24.709999799728394,121.44172456166667,31.03013595166666,16.486,121.44172509411322,31.03013564170198,16.49069094775948,-164.74506566278615,-44.29812905594249,-0.6299196498052382,-164.69423082149441,-44.3324949297211,-0.6252287020457601,0.06154039378559821,0.06136134839134765,0.6967112409701072,-0.05083504868505024,0.0343658682647902,-0.004690947759478092,0.06136134839134765,0.06154039378559821,4,31
120999.44000005722,24.80999994277954,121.44171560000001,31.030133056666667,16.491,121.44171618543898,31.03013272642887,16.495878597947076,-165.60067247644898,-44.61909853927998,-0.6249196498052392,-165.5447782332498,-44.6557120986001,-0.6200410518581627,0.06699660532218113,0.06681874293016062,0.701989937677549,-0.05589447298142376,0.036613553459009955,-0.004878597947076457,0.06681874293016062,0.06699660532218113,4,31
120999.53999996185,24.90999984741211,121.44170652833333,31.030130196666665,16.512,121.44170726174141,31.03012983121866,16.500332580863347,-166.46678143981106,-44.936187563186934,-0.6039196498052384,-166.39675998177285,-44.9767048885996,-0.6155870689418919,0.08173632610512277,0.0808993098601751,0.7070205779132281,-0.07002174806459692,0.040517318936853945,0.011667419136653479,0.0808993098601751,0.08173632610512277,4,31
120999.6400001049,25.009999990463257,121.44169757333333,31.030127338333333,16.516,121.44169836408666,31.030126940391337,16.50548755956831,-167.32175175918465,-45.253091802438306,-0.5999196498052406,-167.246255316755,-45.29721174594507,-0.6104320902369302,0.08807292766336669,0.08744329124276373,0.7351203602099176,-0.07549675747438576,0.04411993647117566,0.01051244043168964,0.08744329124276373,0.08807292766336669,4,31
120999.74000000954,25.109999895095825,121.44168901166668,31.030124496666666,16.512999999999998,121.4416895014356,31.030124036363457,16.509457995886688,-168.1391689397858,-45.5681482043022,-0.6029196498052407,-168.09240870750904,-45.61918215333709,-0.6064616539185508,0.0693076231312066,0.0692170559252462,0.787833731327025,-0.04676042885383972,0.0510339409056723,0.003542004113310071,0.0692170559252462,0.0693076231312066,4,31
120999.83999991417,25.209999799728394,121.44168038499998,31.030121601666664,16.512999999999998,121.44168063832596,31.030121133270132,16.514965117295684,-168.96279194274365,-45.88911768763969,-0.6029196498052407,-168.93860588124986,-45.941048946335606,-0.6009545325095544,0.05732091227652659,0.057287217581476674,0.7613723412548011,-0.024186163924960563,0.05193125044539547,-0.0019651172956862695,0.057287217581476674,0.05732091227652659,4,32
120999.94000005722,25.30999994277954,121.44167145833332,31.030118700000003,16.518,121.44167175732258,31.030118241535984,16.523020430344175,-169.81505716442456,-46.21082630607322,-0.5979196498052382,-169.78651144172323,-46.26165634385485,-0.5928992194610636,0.058512920649265,0.05829714540238204,0.5222455575899273,-0.02854584449464113,0.050830029747721384,-0.005020430344174542,0.05829714540238204,0.058512920649265,4,32
121000.03999996185,25.40999984741211,121.44166263666666,31.030115761666668,16.517,121.44166286451815,31.030115341329697,16.530652824519585,-170.65729760773044,-46.53660016929813,-0.5989196498052394,-170.63554369685932,-46.58320304985587,-0.5852668252856539,0.053211503611281845,0.0514301905422376,0.5072197289509939,-0.021754004371640975,0.04660287322697487,-0.013652824519585494,0.0514301905422376,0.053211503611281845,4,32
121000.1400001049,25.509999990463257,121.44165373,31.03011288833333,16.524,121.44165398343007,31.03011244630957,16.53763574909404,-171.5076533465436,-46.85516746339717,-0.5919196498052379,-171.48345734441938,-46.904174765335014,-0.5782839007111988,0.05633027722489139,0.054654976707318524,0.5023679107760117,-0.024196106879417464,0.04900729426072548,-0.013635749094039085,0.054654976707318524,0.05633027722489139,5,32
121000.24000000954,25.609999895095825,121.44164485499999,31.030109805,16.506,121.44164510083553,31.030109571747136,16.54356202720244,-172.35498573930482,-47.19701751760572,-0.6099196498052386,-172.33151482017195,-47.222878330095234,-0.572357622602798,0.05128914261712788,0.034923777900496306,0.4226948404999017,-0.023471021475570484,0.025860808450945676,-0.03756202720244062,0.034923777900496306,0.05128914261712788,4,32
121000.33999991417,25.709999799728394,121.44163595666666,31.030106948333334,16.509,121.44163622983527,31.030106696739495,16.550508496795846,-173.20454586329308,-47.513736973612026,-0.6069196498052385,-173.17846534405348,-47.54163125515949,-0.5654111530093928,0.05640253066383144,0.038187565502840255,0.43170072150945255,-0.026080633772949835,0.02789427720940236,-0.04150849679584567,0.038187565502840255,0.05640253066383144,4,32
121000.44000005722,25.80999994277954,121.44162706,31.030104090000002,16.515,121.4416273768324,31.0301038355014,16.556963304191566,-174.05394686188703,-47.8306412128634,-0.6009196498052383,-174.02369758186984,-47.85885754625721,-0.558956345613673,0.058924588729498115,0.04136651131370229,0.42839395115993584,-0.030249413792647898,0.028216329021823913,-0.04196330419156524,0.04136651131370229,0.058924588729498115,5,31
121000.53999996185,25.90999984741211,121.441618285,31.030101215,16.543,121.44161857487502,31.030100988199926,16.563001237106885,-174.8917318475975,-48.14939329161802,-0.5729196498052396,-174.86405629930772,-48.1745386804916,-0.5529184126983537,0.04240616307670444,0.037392956303055044,0.40821845036425014,-0.02767567153252199,0.025145384990215118,-0.02000123710688584,0.037392956303055044,0.04240616307670444,5,31
121000.6400001049,26.009999990463257,121.44160960833332,31.03009838166667,16.55,121.44160981472157,31.03009815013268,16.570542286308864,-175.72012855165144,-48.46352577373029,-0.5659196498052381,-175.70042382448693,-48.48919601351159,-0.5453773634963746,0.03833048772636637,0.032361099526218205,0.39939057513495224,-0.01970481551975021,0.02567023583604972,-0.020542286308863567,0.032361099526218205,0.03833048772636637,5,32
121000.74000000954,26.109999895095825,121.44160101333334,31.030095394999996,16.572,121.4416010695114,31.03009532814244,16.576950327823607,-176.54072820369882,-48.79465836728308,-0.5439196498052397,-176.53536465542612,-48.80207088374215,-0.5389693219816323,0.010402838016851513,0.00914949688472922,0.3558457086846411,-0.005363572486142437,0.007412515324069525,-0.004950327823607381,0.00914949688472922,0.010402838016851513,5,32
121000.83999991417,26.209999799728394,121.44159231833333,31.030092531666664,16.583,121.4415923378083,31.030092508572277,16.584793118396995,-177.37087526522623,-49.11211695838543,-0.5329196498052404,-177.36901591063523,-49.11467743996695,-0.5311265314082441,0.0036371099020628887,0.003164379062950125,0.33057797972305314,-0.001859363042010572,0.002560481191503328,-0.0017931183969963627,0.003164379062950125,0.0036371099020628887,5,32
121000.94000005722,26.30999994277954,121.44158358833334,31.030089715,16.59,121.44158362848967,31.030089689119976,16.592200650014625,-178.20436391873557,-49.424401602404956,-0.525919649805239,-178.2005300299081,-49.42727092846577,-0.5237189997906135,0.005270173440316034,0.004788722961723888,0.34206659877943535,-0.0038339063704047,0.002869325625841699,-0.002200650014625438,0.004788722961723888,0.005270173440316034,5,32
121001.03999996185,26.40999984741211,121.441575035,31.030086905,16.594,121.44157495089641,31.03008687790938,16.597592503729253,-179.02098548694104,-49.73594711132845,-0.5219196498052376,-179.02901519877065,-49.73895065645484,-0.5183271460759862,0.009295387547729088,0.008573106007614236,0.3333548869001034,0.008029748814202353,0.0030035446723175644,-0.0035925037292514617,0.008573106007614236,0.009295387547729088,5,32
121001.1400001049,26.509999990463257,121.44156639833334,31.0300841,16.6,121.44156629942316,31.030084096427252,16.60132188124674,-179.84556322525955,-50.04693826910622,-0.5159196498052374,-179.85500658364444,-50.04733438080323,-0.5145977685584988,0.009543695239636597,0.009451706131518429,0.3244060849972295,0.009443402160634367,0.00039611163717974976,-0.0013218812467385987,0.009451706131518429,0.009543695239636597,5,32
121001.24000000954,26.609999895095825,121.44155774999999,31.030081341666666,16.601,121.4415576829056,31.030081324301747,16.607712470476923,-180.67125483162084,-50.352755480506445,-0.5149196498052397,-180.67766060591987,-50.354680734067514,-0.5082071793283163,0.009476190549353152,0.006688865929593805,0.35982571267861385,0.006405804185655911,0.0019252532714201557,-0.006712470476923471,0.006688865929593805,0.009476190549353152,5,32
121001.33999991417,26.709999799728394,121.44154915833333,31.030078581666665,16.606,121.44154910512725,31.030078556026677,16.613701569271036,-181.49153623773822,-50.65875747515173,-0.5099196498052372,-181.49661603834397,-50.6616001883009,-0.5022180805342025,0.009654004422109284,0.005821136671266139,0.33392610311438753,0.005079824457629994,0.00284271272295031,-0.007701569271034714,0.005821136671266139,0.009654004422109284,5,32
121001.44000005722,26.80999994277954,121.44154056666666,31.030075943333333,16.604,121.44154053511022,31.030075883193803,16.624376339442108,-182.3118176438556,-50.9512702512969,-0.5119196498052396,-182.31483046624896,-50.95793793840661,-0.4915433103631308,0.021650183181380935,0.007316776799063271,0.36372319448292145,0.003012836629045576,0.00666768611843658,-0.020376339442108815,0.007316776799063271,0.021650183181380935,5,32
121001.53999996185,26.90999984741211,121.44153213,31.030073089999995,16.616,121.44153192531766,31.030073177348843,16.633210106032788,-183.11730056807258,-51.26762014010781,-0.4999196498052392,-183.13684242631606,-51.25793574846218,-0.4827095437724509,0.027782422835316442,0.02180998094773347,0.29096795018042565,0.019541951158955746,-0.009684390215263182,-0.017210106032788275,0.02180998094773347,0.027782422835316442,5,32
121001.6400001049,27.009999990463257,121.44152334333333,31.03007027333333,16.654,121.44152328098215,31.03007042618513,16.638575462966834,-183.9561994193965,-51.579904784127336,-0.4619196498052389,-183.96215234113538,-51.562958061424695,-0.47734418683840474,0.023675837572633158,0.017961874681619514,0.23499184529436798,0.005952950219267083,-0.016946720206728265,0.01542453703316582,0.017961874681619514,0.023675837572633158,5,31
121001.74099993706,27.110999822616577,121.44151460166668,31.030067456666664,16.693,121.44151452816779,31.030067689092814,16.64765927736054,-184.79080193609005,-51.89218942885213,-0.42291964980523744,-184.79781917576457,-51.866420274516805,-0.46826037244469987,0.05262197618046647,0.02670751294428068,0.2718731251056745,0.007017273457562458,-0.025769150565952102,0.04534072263946243,0.02670751294428068,0.05262197618046647,5,31
121001.84100008011,27.210999965667725,121.44150596166668,31.030064731666666,16.695,121.44150596206136,31.030064988026975,16.65384644998315,-185.61569792276782,-52.19431096336162,-0.42091964980523855,-185.61566024214267,-52.165888222101124,-0.4620731998220897,0.050014678686905435,0.0284227620959843,0.3965673151569759,-3.768080767642695e-05,-0.028422737118751505,0.04115355001685117,0.0284227620959843,0.050014678686905435,5,31
121001.94099998474,27.310999870300293,121.44149745666667,31.03006199166667,16.707,121.4414974935674,31.03006228532121,16.65619185512003,-186.42770491041293,-52.49809555130827,-0.4089196498052381,-186.42418184848188,-52.46553798802576,-0.4597277946852074,0.0604472852188002,0.03274762135146656,0.34620096479284246,-0.003523079095703514,-0.03255755853660476,0.05080814487996932,0.03274762135146656,0.0604472852188002,5,32
121002.04099988937,27.41099977493286,121.441488935,31.030059281666663,16.715,121.44148901062646,31.030059582584055,16.664322047809097,-187.2413031325665,-52.798554033085864,-0.400919649805239,-187.23408276830466,-52.76519123510402,-0.4515976019961414,0.06110208651104048,0.03413517449405059,0.3093181250374215,-0.007220399653144852,-0.033362793147279315,0.05067795219090243,0.03413517449405059,0.06110208651104048,5,32
121002.14100003242,27.51099991798401,121.441480365,31.030056585000004,16.726,121.44148048437772,31.030056890745048,16.675861112080863,-188.05951593528042,-53.09753424185034,-0.38991964980523974,-188.04811845836235,-53.06363620098376,-0.44005853772437575,0.061586432660848095,0.0357628383398395,0.35799550011917886,-0.011397533125051812,-0.0338980360018813,0.05013888791913601,0.0357628383398395,0.061586432660848095,5,32
121002.24099993706,27.610999822616577,121.44147178666665,31.030053888333335,16.737000000000002,121.44147194951948,31.03005420683658,16.686062662389023,-188.8785243552486,-53.396514452025336,-0.37891964980523696,-188.86297613312357,-53.36120190546064,-0.4298569874162155,0.06390099813611279,0.038584001864719566,0.35149062261928404,-0.015548299262376624,-0.03531254153900936,0.05093733761097852,0.038584001864719566,0.06390099813611279,5,32
121002.34100008011,27.710999965667725,121.44146324500001,31.030051220000004,16.746000000000002,121.44146345010606,31.03005154625782,16.693986797314643,-189.69403205541133,-53.69235333645533,-0.3699196498052366,-189.6744497471588,-53.65618103874582,-0.4219328524905954,0.06631197952547674,0.04113277738007768,0.35963450150234805,-0.01958240597227777,-0.0361722925916499,0.052013202685358806,0.04113277738007768,0.06631197952547674,5,32
121002.44099998474,27.810999870300293,121.44145472500001,31.030048565,16.754,121.44145496924979,31.030048906628757,16.700987194081492,-190.50747115459987,-53.986713951398485,-0.3619196498052375,-190.48415163330864,-53.94883747313,-0.41493245572374704,0.06920108615627747,0.044479576592577605,0.31334891673377496,-0.02331963832915623,-0.037876472935746336,0.05301280591850954,0.044479576592577605,0.06920108615627747,1,32
121002.54099988937,27.91099977493286,121.44144623666668,31.030045934999997,16.758,121.44144649251746,31.030046258183194,16.70460105472112,-191.3178869077365,-54.278302809202536,-0.3579196498052397,-191.29345979081393,-54.24247139513922,-0.4113185950841185,0.06878973247358583,0.04336565388519833,0.3058445431206783,-0.024427240209101093,-0.03583140902417447,0.053398945278878784,0.04336565388519833,0.06878973247358583,5,31
121002.64100003242,28.01099991798401,121.44143779166667,31.030043306666666,16.762,121.44143802315148,31.030043590628942,16.71037625416679,-192.12416544920768,-54.569706882351014,-0.3539196498052384,-192.10206465357672,-54.53822390309238,-0.40554339563844977,0.06437887048691063,0.038465930787105654,0.33607963877661695,-0.022100907812243793,-0.031482974846623116,0.05162374583321139,0.038465930787105654,0.06437887048691063,5,31
121002.74099993706,28.110999822616577,121.44142937833334,31.03004068333333,16.765,121.4414296022531,31.030040958672533,16.71736118563874,-192.92742064705624,-54.860556605059024,-0.35091964980523827,-192.90604211644705,-54.830029667939364,-0.39855846416649854,0.06048467988420944,0.03726848356116293,0.36643879733887225,-0.021378639735552936,-0.03052693286273793,0.04763881436126027,0.03726848356116293,0.06048467988420944,5,32
121002.84100008011,28.210999965667725,121.44142095500001,31.030038209999997,16.784,121.4414212347899,31.030038348591702,16.72250976186214,-193.731630585124,-55.13477578352191,-0.3319196498052399,-193.70491790543795,-55.11941008146378,-0.3934098879431005,0.06878029297129244,0.030816867377558285,0.3957340128163546,-0.026712816790523133,-0.015365699921642408,0.06149023813786059,0.030816867377558285,0.06878029297129244,5,32
121002.94099998474,28.310999870300293,121.44141265166667,31.03003555833333,16.806,121.44141289755837,31.030035738320105,16.727658349570397,-194.52438363570255,-55.42876683056442,-0.3099196498052379,-194.5009073527104,-55.408811644971166,-0.3882613002348414,0.08418292620983232,0.03081153798848542,0.3346921143132748,-0.023476404144748726,-0.019955182826732133,0.0783416504296035,0.03081153798848542,0.08418292620983232,5,32
121003.04099988937,28.41099977493286,121.44140421833332,31.030032945000002,16.815,121.44140451540805,31.03003312157468,16.736017545799918,-195.3295483139895,-55.71850784886522,-0.30091964980523755,-195.30118538033858,-55.698930963677505,-0.3799021040053212,0.08617393314668802,0.03446329471338373,0.30345762512469493,-0.028363080834373847,-0.01957688249145706,0.07898245420008365,0.03446329471338373,0.08617393314668802,5,32
121003.14100003242,28.51099991798401,121.44139585166667,31.030030314999998,16.819,121.44139611626882,31.03003048893278,16.74295632148438,-196.12834805424265,-56.01009670666928,-0.29691964980523977,-196.10308540935793,-55.99081272924522,-0.3729633283208571,0.08241796292227963,0.03178174900900987,0.312869237859813,-0.025262776702192506,-0.01928397478132709,0.07604367851561733,0.03178174900900987,0.08241796292227963,5,32
121003.24099993706,28.610999822616577,121.44138742166666,31.03002770666667,16.826,121.4413877401984,31.030027865584277,16.74764153386757,-196.93319448659966,-56.299283373824366,-0.2899196498052383,-196.90278296441673,-56.28166413328837,-0.36827811593767024,0.08587989958075345,0.03514694776752056,0.29742639991446124,-0.030411681722468605,-0.017619238127231478,0.07835846613243191,0.03514694776752056,0.08587989958075345,5,32
121003.34100008011,28.710999965667725,121.44137903666666,31.030025109999997,16.831,121.44137939988909,31.03002526771209,16.75212891837499,-197.73374458432627,-56.58717655544295,-0.2849196498052393,-197.6990662603193,-56.56969097047138,-0.36379073143024954,0.08791468566518922,0.03883741030128043,0.30436787770275897,-0.03467850689583556,-0.01748558258639065,0.07887108162501022,0.03883741030128043,0.08791468566518922,5,32
121003.44099998474,28.810999870300293,121.441371015,31.030022804999998,16.826999999999998,121.44137107938892,31.030022683684734,16.758040807815163,-198.49960576879664,-56.842732569028165,-0.28891964980524065,-198.49345829784323,-56.85618282766437,-0.35787884199007536,0.07052709688375548,0.014788549897324754,0.309458651596645,-0.006147503546018116,0.013450256808602528,0.0689591921848347,0.014788549897324754,0.07052709688375548,5,32
121003.54099988937,28.91099977493286,121.44136265333333,31.03002023666666,16.836,121.44136276892489,31.030020092165078,16.76421605548951,-199.29792814015482,-57.127484425606994,-0.2799196498052403,-199.28689214313528,-57.14350535821372,-0.3517035943157296,0.07437337850406546,0.01945417026305614,0.24621346816463263,-0.011036055839566628,0.01602093043895844,0.0717839445104893,0.01945417026305614,0.07437337850406546,5,32
121003.64100003242,29.01099991798401,121.44135426166667,31.030017591666667,16.83,121.44135446021656,31.03001748970264,16.769324101988474,-200.09911473217062,-57.42073633684821,-0.28591964980524054,-200.08015836539738,-57.43204111805191,-0.34659554781676505,0.06456555068255528,0.022071378195225814,0.29432445179409816,-0.018956468338140908,0.011304779678602795,0.06067589801152451,0.022071378195225814,0.06456555068255528,5,32
121003.74099993706,29.110999822616577,121.44134575000001,31.030014878333336,16.821,121.44134616354728,31.03001488046275,16.77508833521575,-200.91175821167568,-57.72156438441068,-0.2949196498052373,-200.87227516947365,-57.72132829575994,-0.3408313145894901,0.060554637437750906,0.03948396069236046,0.36014083813480186,-0.03948325485721563,-0.00023608861900588154,0.04591166478425279,0.03948396069236046,0.060554637437750906,5,32
121003.84100008011,29.210999965667725,121.441337305,31.03001220333333,16.815,121.4413379049553,31.030012315751506,16.77860418099071,-201.71803675557618,-58.01814240534722,-0.30091964980523755,-201.66075657909434,-58.00567856995526,-0.33731546881453056,0.06900041255464749,0.05862082643015484,0.41838817640834125,-0.057280486558574636,-0.012463833718695529,0.03639581900929301,0.05862082643015484,0.06900041255464749,5,32
121003.94099998474,29.310999870300293,121.44132926833332,31.03000964833333,16.808,121.44132970128955,31.030009771663735,16.782146621618907,-202.4853300540193,-58.30141599102871,-0.307919649805239,-202.44399395878918,-58.28774231370222,-0.33377302818633225,0.05063652768599697,0.04353918651489435,0.43221045324321117,-0.041336320117904966,-0.013673675493035617,0.02585337838109325,0.04353918651489435,0.05063652768599697,5,31
121004.04099988937,29.41099977493286,121.44132105833333,31.03000713666667,16.811,121.44132154508014,31.030007239696058,16.785942800074043,-203.26917218697776,-58.57988519682279,-0.3049196498052389,-203.22270048805757,-58.56846229900476,-0.3299768497311959,0.054018406528273825,0.04785525024200037,0.43768138010364044,-0.04647195300503203,-0.011422896288707652,0.025057199925957008,0.04785525024200037,0.054018406528273825,5,32
121004.14100003242,29.51099991798401,121.44131316500001,31.030004768333335,16.792,121.44131340948988,31.030004702338818,16.79104345159812,-204.0227808667047,-58.84246299558354,-0.32391964980523724,-203.999438422689,-58.84977982686509,-0.324876198207118,0.024481149301610633,0.024462454625049593,0.4151469572083574,-0.02334257227837537,0.007316830304949802,0.0009565484018807524,0.024462454625049593,0.024481149301610633,5,32
121004.24099993706,29.610999822616577,121.44130501666665,31.030002265,16.794,121.44130530872117,31.030002180285713,16.79591425736174,-204.80073543781214,-59.12000828374176,-0.32191964980523835,-204.7728518019077,-59.12940058078623,-0.32000539244349824,0.02948534109339922,0.029423136443063318,0.3939900974182835,-0.02788378987616081,0.009392295794385556,-0.0019142573617401126,0.029423136443063318,0.02948534109339922,5,31
121004.34100008011,29.710999965667725,121.44129687666667,31.029999781666668,16.801000000000002,121.44129723709062,31.029999682584197,16.802628074313223,-205.57789438437746,-59.395336165201336,-0.3149196498052369,-205.5434832427494,-59.40632146733997,-0.31329157549201625,0.03615891683817662,0.03612224579038247,0.37047369551789655,-0.03441133257846272,0.010985300683879085,-0.001628074313220651,0.03612224579038247,0.03615891683817662,5,31
121004.44099998474,29.810999870300293,121.44128881500001,31.02999734,16.808,121.44128921055746,31.029997197560675,16.807179130636804,-206.34757453215403,-59.66604445142907,-0.307919649805239,-206.30980905209054,-59.681836740794054,-0.3087405191684347,0.04094285716868099,0.04093462747630152,0.3620048827203471,-0.03776569063482193,0.015792287278874537,0.0008208693631956976,0.04093462747630152,0.04094285716868099,5,32
121004.54200005531,29.911999940872192,121.44128102666667,31.02999485,16.818,121.44128117017073,31.029994687782292,16.810009407949043,-207.0911584359352,-59.94211146868995,-0.29791964980523744,-207.0774575191522,-59.96009659285866,-0.3059102418561963,0.023979812161270472,0.022609330595242495,0.3491709148074116,-0.013700993541403606,0.017985121793954718,0.007990592050958867,0.022609330595242495,0.023979812161270472,5,32
121004.64199995995,30.01199984550476,121.441273155,31.029992250000003,16.817,121.44127327325387,31.029992224144934,16.813859507031907,-207.84269850982946,-60.23037421679867,-0.29891964980523866,-207.83140833195938,-60.23324077613224,-0.3020601427733318,0.0120643859209162,0.011648463914446336,0.36732284751879024,-0.011290241419898154,0.0028665589557123282,0.003140492968093156,0.011648463914446336,0.0120643859209162,5,32
121004.742000103,30.111999988555908,121.44126509000002,31.029989754999995,16.813000000000002,121.44126547790331,31.029989803717438,16.81894881482815,-208.61269690353598,-60.50699558591052,-0.30291964980523645,-208.57566219584714,-60.50159426928196,-0.2969708349770883,0.03789653938308453,0.03742671905676588,0.42506109471397907,-0.03703491711477819,-0.00540131591888419,-0.00594881482814813,0.03742671905676588,0.03789653938308453,5,32
121004.84200000763,30.211999893188477,121.44125806666668,31.029987268333336,16.805,121.4412577884701,31.029987430517536,16.82324782618032,-209.2832431404636,-60.78269303456549,-0.3109196498052391,-209.30980370081065,-60.76471162569606,-0.29267182362491795,0.03690237825618249,0.0320749491138358,0.3480474035405905,0.026560711219604436,-0.017981406512393154,-0.01824782618032117,0.0320749491138358,0.03690237825618249,5,32
121004.94199991226,30.311999797821045,121.44125037999999,31.029984951666666,16.811,121.44125018960641,31.02998506252883,16.826037457825965,-210.01712051422905,-61.03954253580297,-0.3049196498052389,-210.03529816427735,-61.0272512156927,-0.2898821919792738,0.02660136049390982,0.021943273280421654,0.36682012494770255,0.018177753760879715,-0.01229131849998568,-0.015037457825965106,0.021943273280421654,0.02660136049390982,5,33
121005.04200005531,30.411999940872192,121.44124273833334,31.029982786666665,16.84,121.44124267471447,31.02998272134404,16.829459218973298,-210.7467015485055,-61.279576708845,-0.275919649805239,-210.75277550203518,-61.28681904724748,-0.2864604308319407,0.01415813726360912,0.00945223709617578,0.3832019720480543,0.006073988336448308,0.007242337454925131,0.010540781026701751,0.00945223709617578,0.01415813726360912,4,33
121005.14199995995,30.51199984550476,121.44123502333332,31.029980408333337,16.857,121.44123528164695,31.02998042824778,16.83482723563685,-211.48328402239292,-61.54326320989719,-0.2589196498052395,-211.4586217677776,-61.541055290329524,-0.2810924141683877,0.03323763214836769,0.024761032113514797,0.4414472379040442,-0.024662396553864388,-0.0022079192798762103,0.02217276436314819,0.024761032113514797,0.03323763214836769,4,32
121005.242000103,30.611999988555908,121.441227735,31.029978188333335,16.862000000000002,121.44122804888116,31.029978188836292,16.839104617296147,-212.17913088606167,-61.78939524977366,-0.25391964980523696,-212.14916337384489,-61.789339486432,-0.27681503250909145,0.037712913272936036,0.02996773729156132,0.4626272481880818,-0.029967685409897294,-5.5763334407069616e-05,0.022895382703854494,0.02996773729156132,0.037712913272936036,4,32
121005.34200000763,30.711999893188477,121.44122082333334,31.029975896666663,16.924,121.44122096956234,31.029975988028568,16.84271586249394,-212.83901585032504,-62.04347299316678,-0.19191964980523935,-212.8250547717941,-62.0333436725688,-0.27320378731129935,0.0830940918183422,0.01724868357327634,0.4472523158438722,-0.013961159545984498,-0.010129319283277578,0.08128413750606,0.01724868357327634,0.0830940918183422,5,32
121005.44199991226,30.811999797821045,121.44121375166667,31.029973801666664,16.899,121.44121400961001,31.029973801689373,16.84630748501878,-213.51417666781308,-62.27574624664248,-0.21691964980523792,-213.4895497665688,-62.275743728871326,-0.26961216478645866,0.058163497775252114,0.02462704485734303,0.47118362561429594,-0.02462704472863961,-2.5177708292039933e-06,0.05269251498122074,0.02462704485734303,0.058163497775252114,5,32
121005.54200005531,30.911999940872192,121.44120683833334,31.029971658333338,16.905,121.441207159245,31.029971647607482,16.850815833793945,-214.17422075504143,-62.513378229740795,-0.2109196498052377,-214.1435820122025,-62.5145674083204,-0.26510381601129396,0.06225818466562658,0.0306619909727619,0.4509418049375763,-0.03063892206140621,0.0011891784259764665,0.05418416620605626,0.0306619909727619,0.06225818466562658,5,32
121005.64199995995,31.01199984550476,121.44119937333335,31.029969785000002,16.858,121.44120042708431,31.02996953899799,16.85640537089936,-214.8869347064433,-62.721075235454705,-0.2579196498052383,-214.78632880978222,-62.748349550060155,-0.2595142789058791,0.10425016166676322,0.10423796508747499,0.3795616802756424,-0.100606487463602,0.027274311096959904,0.0015946291006407876,0.10423796508747499,0.10425016166676322,5,32
121005.742000103,31.111999988555908,121.44119242500001,31.02996778,16.859,121.44119383656005,31.02996746786111,16.86086739279287,-215.55032038565358,-62.94337016337068,-0.25691964980523707,-215.41555300245878,-62.97797709222706,-0.25505225701236967,0.13915311017829843,0.13914057968993376,0.41224064661138377,-0.13476817761915988,0.03460692441782979,-0.0018673927928674061,0.13914057968993376,0.13915311017829843,5,32
121005.84200000763,31.211999893188477,121.44118581833332,31.029965759999996,16.866,121.44118739755811,31.029965429689273,16.863925969278462,-216.18108576229892,-63.167328145429074,-0.24991964980523917,-216.03031074049338,-63.20394979053247,-0.25199368052677684,0.1551735233684502,0.15515966212629195,0.41685805860354413,-0.1507759138743395,0.036621640412505194,0.0020740307215376674,0.15515966212629195,0.1551735233684502,5,32
121005.94199991226,31.311999797821045,121.44117935499999,31.029963681666665,16.852,121.44118111315036,31.029963426578345,16.867476005785456,-216.79816651779882,-63.39775356010677,-0.2639196498052385,-216.63030874127918,-63.42603527585648,-0.24844364401978325,0.1709266794815681,0.17022462513844247,0.443339976779325,-0.16785877326576484,0.02828171213409488,-0.015476005785455271,0.17022462513844247,0.1709266794815681,4,32
121006.04200005531,31.411999940872192,121.44117308000001,31.029961763333336,16.857,121.44117498101022,31.029961465668936,16.873140297448593,-217.39726631995205,-63.61043972895317,-0.2589196498052395,-217.21576913369273,-63.64344186644324,-0.24277935235664572,0.18517902485302595,0.184474285589587,0.4534852568172603,-0.18149826787623127,0.03300213329038458,-0.0161402974485938,0.184474285589587,0.18517902485302595,4,32
121006.14199995995,31.51199984550476,121.44116693333332,31.029959895,16.861,121.44116897901961,31.029959551092325,16.878851823388327,-217.98411362222043,-63.81758238352136,-0.2549196498052382,-217.78880362149533,-63.855711526825246,-0.2370678264169115,0.19979732589204935,0.19899820058313533,0.4993737002820714,-0.19531116873978685,0.0381291384747187,-0.017851823388326693,0.19899820058313533,0.19979732589204935,4,32
121006.242000103,31.611999988555908,121.44116114333335,31.02995784666667,16.852,121.44116307492119,31.029957673325562,16.882793744353847,-218.53690850066326,-64.04468168991424,-0.2639196498052385,-218.3524919417101,-64.0639000684682,-0.23312590545139145,0.18795604816150263,0.18541634596000162,0.46621162560267543,-0.18441766555357425,0.01921837612622477,-0.030793744353847075,0.18541634596000162,0.18795604816150263,5,32
121006.34200000763,31.711999893188477,121.44115536833333,31.029955953333335,16.835,121.441157230133,31.02995580581691,16.88541208650012,-219.0882712699919,-64.25459610162153,-0.280919649805238,-218.91051767364198,-64.27095129056478,-0.23050756330511746,0.18548744450564417,0.17850550020640482,0.42250668366805755,-0.1777546665100113,0.01635518687919728,-0.05041208650012052,0.17850550020640482,0.18548744450564417,4,32
121006.44199991226,31.811999797821045,121.44114943833334,31.029954105,16.838,121.4411514243785,31.029953925420617,16.888640226893834,-219.65443251879174,-64.4595213509016,-0.27791964980523787,-219.46481669918876,-64.47943136894979,-0.2272794229114048,0.19726995390723046,0.1906593877434362,0.4190520807656315,-0.1896169650002483,0.019910015539837005,-0.050640226893833074,0.1906593877434362,0.19726995390723046,4,32
121006.54200005531,31.911999940872192,121.44114387666666,31.029952158333337,16.848,121.4411457382304,31.02995209201562,16.898786263246915,-220.18542748786962,-64.67534884408249,-0.26791964980523986,-220.00769641584154,-64.68270150881912,-0.2171333865583236,0.18499195415504902,0.1778841717734287,0.44309183103477434,-0.1777321493210201,0.007352663819956477,-0.05078626324691626,0.1778841717734287,0.18499195415504902,5,32
121006.64199995995,32.01199984550476,121.44113821,31.029950406666664,16.86,121.44114019299171,31.029950305445038,16.91205932665151,-220.72644723046395,-64.86955663270679,-0.2559196498052394,-220.53712293709555,-64.88077910395147,-0.20386032315373015,0.19667292999445193,0.18965776520141236,0.463218607439072,-0.18932544485964742,0.011222469865883457,-0.05205932665150925,0.18965776520141236,0.19667292999445193,5,32
121006.742000103,32.11199998855591,121.44113252333334,31.02994864666667,16.86,121.4411345830024,31.02994851260017,16.911607909367117,-221.26937645835537,-65.06468833896695,-0.2559196498052394,-221.0727314640053,-65.07955233033847,-0.20431174043812206,0.20384808098970722,0.19720715964168656,0.4051519760210941,-0.19664619403612119,0.01486398954015451,-0.051607909367117344,0.19720715964168656,0.20384808098970722,5,33
121006.84200000763,32.21199989318848,121.44112692333334,31.029946825000003,16.856,121.44112900740186,31.029946692198582,16.907509873127346,-221.80403126291588,-65.26665704715758,-0.2599196498052372,-221.60505675519497,-65.28138077892852,-0.20840977667789318,0.20606162792209484,0.19951974206155335,0.4372445445715582,-0.1989757252753927,0.014723729943198175,-0.05150987312734401,0.19951974206155335,0.20606162792209484,5,33
121006.94199991226,32.311999797821045,121.441121675,31.02994459166667,16.855,121.44112349196796,31.029944797453297,16.903822966582993,-222.30511101983367,-65.51426735652088,-0.2609196498052384,-222.13163769082934,-65.49145173393899,-0.21209668322224573,0.18165241504108565,0.17496833377584306,0.29933444645604707,-0.173474393847173,-0.02281561972970977,-0.04882296658299268,0.17496833377584306,0.18165241504108565,5,33
121007.04200005531,32.41199994087219,121.44111600666665,31.029942713333337,16.862000000000002,121.44111791137112,31.02994289949773,16.916219819908996,-222.8462898902516,-65.72251871408577,-0.25391964980523696,-222.6644399986678,-65.70187861433882,-0.19969982989624313,0.19088109643867276,0.1830185895111919,0.2664955002217094,-0.18185101180417604,-0.020640097200924083,-0.05421981990899383,0.1830185895111919,0.19088109643867276,5,33
121007.14199995995,32.51199984550476,121.44111051833333,31.029941213333338,16.911,121.44111237863778,31.02994104208892,16.925999273917235,-223.37028342457714,-65.8888241459582,-0.20491964980523747,-223.19267258267615,-65.90781006370871,-0.18992037588800414,0.17925245977790547,0.17862381173400543,0.38634236358482826,-0.17761193972698755,0.018985915432297835,-0.014999273917233324,0.17862381173400543,0.17925245977790547,5,33
121007.242000103,32.61199998855591,121.44110500000001,31.0299395,16.914,121.44110696359994,31.029939257700338,16.92941836164086,-223.89714117956035,-66.07878190654606,-0.20191964980523736,-223.70966829945328,-66.10564573982221,-0.18650128816437928,0.19001554632279352,0.18938897002904206,0.4093720409139768,-0.18747404248649505,0.026863830003058992,-0.01541836164085808,0.18938897002904206,0.19001554632279352,5,34
121007.34299993515,32.71299982070923,121.44110019666665,31.029937761666663,16.942,121.4411015214539,31.02993742451808,16.933145273566023,-224.3557349785032,-66.27151142427302,-0.17391964980523866,-224.22925214389522,-66.30889118437648,-0.182774376239216,0.13218834582034272,0.13189144244604326,0.3503272257917334,-0.1264836213299685,0.037379755560397715,0.008854726433977333,0.13189144244604326,0.13218834582034272,5,34
121007.4430000782,32.812999963760376,121.44109476666667,31.029935856666665,16.942,121.44109611777013,31.029935530179504,16.938447442819577,-224.87415918961986,-66.48271932222207,-0.17391964980523866,-224.74516384124294,-66.51891704800973,-0.17747220698566224,0.13402575605551467,0.13397866480799153,0.25120700570837534,-0.12899615338688378,0.03619772140784142,0.0035525571804235767,0.13397866480799153,0.13402575605551467,5,34
121007.54299998283,32.912999868392944,121.44108927166666,31.029933991666667,16.947000000000003,121.44109069341516,31.029933646285652,16.943089846569833,-225.3987892206639,-66.68949240888962,-0.1689196498052361,-225.2630491011135,-66.72778490194187,-0.17282980323540542,0.14109292948323357,0.14103873741037692,0.24394923889561348,-0.13574096942231223,0.03829248843577753,0.003910153430169316,0.14103873741037692,0.14109292948323357,5,33
121007.64299988747,33.01299977302551,121.44108449333335,31.02993194166667,16.981,121.44108525568774,31.02993177433821,16.948690516139656,-225.85499616055623,-66.91677649923282,-0.13491964980523719,-225.78221108337212,-66.93532825379475,-0.16722913366558245,0.08176676755941562,0.07511259235170617,0.2638022065085763,-0.07278553438043106,0.018551752336334108,0.03230948386034527,0.07511259235170617,0.08176676755941562,5,33
121007.74300003052,33.11299991607666,121.44107894166667,31.029930125000003,16.967,121.4410798264363,31.029929877220113,16.957967349348202,-226.38503638698563,-67.11819085557248,-0.14891964980524008,-226.30056382981007,-67.14566228344908,-0.1579523004570369,0.08928589368888244,0.08882782240956386,0.2940295278304757,-0.08447308958336426,0.02747142461296699,0.009032650651796814,0.08882782240956386,0.08928589368888244,5,33
121007.84299993515,33.21299982070923,121.44107348166666,31.02992825666667,16.977,121.44107441590327,31.029927992259616,16.967369449506897,-226.90632482604775,-67.32533351014068,-0.13891964980523852,-226.8171294515602,-67.35464839645766,-0.14855020029834165,0.09438233581685844,0.09388971089233382,0.27830508401081505,-0.08919593854998625,0.029314882869169126,0.00963055049310313,0.09388971089233382,0.09438233581685844,5,32
121007.9430000782,33.312999963760376,121.44106850666667,31.02992619,16.979,121.44106905889149,31.029926134122835,16.976387418694227,-227.38130833654094,-67.55446543857661,-0.13691964980523963,-227.3285851835921,-67.5606605562614,-0.1395322311110121,0.05315045799889917,0.05308620917350826,0.39049765395003677,-0.05272348746266958,0.006195116963157061,0.0026125813057724656,0.05308620917350826,0.05315045799889917,4,32
121008.04299998283,33.412999868392944,121.44106355000001,31.02992441166667,16.968,121.44106373139466,31.029924295625772,16.983286407317628,-227.8545414871314,-67.75162976758509,-0.14791964980523886,-227.83722300197923,-67.76449525518112,-0.13263324248761066,0.026441042482490722,0.02157439405592755,0.36268113442919564,-0.017318595384505617,0.012865486107731132,-0.015286407317628203,0.02157439405592755,0.026441042482490722,4,32
121008.14299988747,33.51299977302551,121.441058265,31.029922548333335,16.969,121.44105843888778,31.02992242448817,16.988565577811674,-228.35912196385468,-67.95821807100756,-0.14691964980523764,-228.3425201879517,-67.97194881992935,-0.1273540719935653,0.029102710194323596,0.021544277791334325,0.33512794576795946,-0.016601881911772448,0.013730747340831247,-0.01956557781167234,0.021544277791334325,0.029102710194323596,4,32
121008.24300003052,33.61299991607666,121.44105300999999,31.029920648333338,16.973,121.44105318626735,31.029920519075205,16.993963119780414,-228.86083821506176,-68.1688716178109,-0.14291964980523986,-228.84400925251276,-68.18320250393477,-0.12195653002482487,0.030463818704507987,0.022104114077092177,0.3234797136500463,-0.01682907035768864,0.014330884481743274,-0.020963119780414985,0.022104114077092177,0.030463818704507987,4,32
121008.34299993515,33.71299982070923,121.44104780666666,31.02991858833333,16.977,121.44104797917355,31.02991857828695,16.99951933591233,-229.35762163977844,-68.39726441185606,-0.13891964980523852,-229.34115170355108,-68.39837825688902,-0.11640031389291039,0.0279217375295377,0.01650766297015185,0.37039092669955964,-0.016470042084389458,0.001113844905973349,-0.02251933591232813,0.01650766297015185,0.0279217375295377,5,32
121008.4430000782,33.812999963760376,121.44104261166667,31.029916668333332,16.98,121.4410427779692,31.02991665501171,17.005231389129218,-229.8536094448116,-68.61013536394752,-0.1359196498052384,-229.83773186521123,-68.61161233646483,-0.11068826067602089,0.029848035611698538,0.01594622941284955,0.37212210774781906,-0.01587768198337292,0.0014769723498099347,-0.02523138912921752,0.01594622941284955,0.029848035611698538,5,32
121008.54299998283,33.912999868392944,121.44103742500002,31.029914793333333,16.985,121.4410375893223,31.02991478106728,17.010142009181006,-230.3488016325905,-68.81801715431702,-0.1309196498052394,-230.333113114452,-68.81937709490686,-0.10577764062423256,0.029666527422004967,0.01574745133736696,0.3778453780176392,-0.015688619621641208,0.0013599404362673235,-0.02514200918100684,0.01574745133736696,0.029666527422004967,5,32
121008.64299988747,34.01299977302551,121.44103222999999,31.02991286666667,16.959,121.44103240376967,31.02991293252696,17.0167001352021,-230.84478944248227,-69.03162724150452,-0.1569196498052392,-230.82819894331593,-69.02432529257786,-0.09921951460313849,0.06048034625571906,0.018126408383101405,0.45535425618402947,-0.016590606821518982,-0.007301948107507803,-0.05770013520210071,0.018126408383101405,0.06048034625571906,5,32
121008.74300003052,34.11299991607666,121.44102703333334,31.029910996666665,16.964,121.44102719599168,31.02991105905775,17.025323104108498,-231.3409363704804,-69.23895468072828,-0.1519196498052402,-231.32540671780282,-69.23203736330846,-0.0905965456967408,0.06363604025577194,0.01700066239687063,0.45011358721636824,-0.015529753773949185,-0.006917316651193732,-0.06132310410849939,0.01700066239687063,0.06363604025577194,5,32
121008.84299993515,34.21299982070923,121.44102182833333,31.029909105,16.977,121.44102191214951,31.029909106402766,17.033192527646403,-231.83787892059132,-69.44868430848526,-0.13891964980523852,-231.82987664752528,-69.44852878357469,-0.08272712215883615,0.056759682539817724,0.008003836500653576,0.4725901800914141,-0.00800232533309642,-0.00015552489343438193,-0.05619252764640237,0.008003836500653576,0.056759682539817724,5,32
121008.9430000782,34.312999963760376,121.44101653000001,31.029907058333333,17.012,121.44101651008982,31.029907107086686,17.04101842038737,-232.34373237860527,-69.67559883163308,-0.10391964980523838,-232.34563328610025,-69.6701935331177,-0.07490122941786836,0.029578699499827946,0.0057298117179354425,0.47372343664590477,0.0019009199528264408,-0.005405297924808274,-0.029018420387370014,0.0057298117179354425,0.029578699499827946,5,32
121009.04299998283,34.412999868392944,121.441011015,31.029904976666664,17.02,121.44101096988045,31.02990508957474,17.04724458878021,-232.87027189008776,-69.90639381421143,-0.09591964980523926,-232.87457963749475,-69.89387566337254,-0.0686750610250293,0.03029073482046368,0.013238617683161185,0.46713723077769387,0.004307775733386898,-0.012518149479525759,-0.027244588780209966,0.013238617683161185,0.03029073482046368,4,33
121009.14299988747,34.51299977302551,121.44100535000001,31.029902954999997,17.026,121.44100527674333,31.02990306556334,17.05354958103297,-233.41113250971716,-70.13053657951488,-0.08991964980523903,-233.41812662503665,-70.11827839031093,-0.06237006877226747,0.030954173867605524,0.014113166361015032,0.45864649934701834,0.006994161465434214,-0.012258187881131592,-0.02754958103297156,0.014113166361015032,0.030954173867605524,4,33
121009.24300003052,34.61299991607666,121.44099923999998,31.029900891666664,17.035,121.44099943242041,31.029901045540345,17.06007469470539,-233.99447909703864,-70.35929894075544,-0.08091964980523869,-233.97610793508005,-70.34223892117183,-0.055844955099850324,0.03545826533470079,0.02507086488291962,0.46634285315650686,-0.018371283574754826,-0.017060017754784305,-0.025074694705388367,0.02507086488291962,0.03545826533470079,4,32
121009.34299993515,34.71299982070923,121.440993285,31.02989887333333,17.04,121.440993482365,31.02989902052598,17.065860835919256,-234.5630271976011,-70.58307213815824,-0.07591964980523969,-234.5441839577283,-70.56675284684856,-0.050058813885982545,0.0359189984849586,0.024927727889234478,0.47122721980305005,-0.018843365029900663,-0.01631928957000381,-0.02586083591925714,0.024927727889234478,0.0359189984849586,4,32
121009.4430000782,34.812999963760376,121.44098727333333,31.029896795,17.045,121.44098745881902,31.029896960696128,17.071552908495462,-235.1369854959782,-70.8134975535412,-0.07091964980523713,-235.11927642324585,-70.79512677594677,-0.04436674130977636,0.03682604763698456,0.02551667758531944,0.45798418070364777,-0.017709190753198625,-0.018370775646661407,-0.02655290849546077,0.02551667758531944,0.03682604763698456,4,32
121009.54299998283,34.912999868392944,121.440981175,31.029894693333336,17.045,121.4409813607087,31.029894858310573,17.073092706915684,-235.71921821525692,-71.04650994140768,-0.07091964980523713,-235.70148784984968,-71.02821886784388,-0.04282694288955469,0.0379227312380404,0.025474170500768292,0.472014425589799,-0.017730483963681886,-0.018291071622948532,-0.02809270691568244,0.025474170500768292,0.0379227312380404,4,32
121009.64299988747,35.01299977302551,121.44097509166667,31.02989253666666,17.041,121.44097517292538,31.029892747530578,17.06977442275329,-236.30001882299212,-71.28562019681385,-0.07491964980523846,-236.2922607245555,-71.26224165349596,-0.04614522705194801,0.03787759858269,0.02463219579343913,0.4521450949431781,-0.007758150479209471,-0.02337854081734491,-0.028774422753290452,0.02463219579343913,0.03787759858269,4,32
121009.74300003052,35.11299991607666,121.44096879166666,31.02989046333333,17.035,121.44096886890244,31.02989066561584,17.06472830038324,-236.90150548176663,-71.51549126034584,-0.08091964980523869,-236.89413146771682,-71.49306413972684,-0.05119134942199821,0.03796214284299903,0.023608313060362585,0.46664809059399326,-0.007374063670496643,-0.022427118195157133,-0.02972830038324048,0.023608313060362585,0.03796214284299903,4,32
121009.84299993515,35.21299982070923,121.44096238499999,31.029888391666667,17.029,121.44096245751021,31.029888588745557,17.060976704235895,-237.51317603945188,-71.74517753992751,-0.08691964980523892,-237.50625319446837,-71.7233273464689,-0.054942945569344204,0.039342939564640876,0.022920673633143887,0.4619667651613534,-0.0069228917143696654,-0.02185019107715558,-0.031976704235894715,0.022920673633143887,0.039342939564640876,4,32
121009.9430000782,35.312999963760376,121.44095589499999,31.029886315,17.021,121.4409559656811,31.02988650817575,17.054062044815108,-238.1328027721087,-71.97541817136015,-0.09491964980523804,-238.12605455863965,-71.95400071999521,-0.06185760499013071,0.03996679785446362,0.02245542525501116,0.460270684611043,-0.006748259160467277,-0.021417449000442665,-0.03306204481510733,0.02245542525501116,0.03996679785446362,4,32
121010.04299998283,35.412999868392944,121.44094935166667,31.029884218333336,17.009999999999998,121.44094942020081,31.029884413798804,17.04499651280816,-238.7575214517916,-72.20787620737565,-0.10591964980524082,-238.75097821888292,-72.1862048948577,-0.07092313699707731,0.041679924041042,0.022637582895156418,0.4600306158388397,-0.006543277346118164,-0.021671310087460222,-0.034996512808163516,0.022637582895156418,0.041679924041042,1,32
121010.1440000534,35.513999938964844,121.44094275166665,31.02988206,16.997999999999998,121.4409427563955,31.029882296128026,17.03382250944469,-239.38765033171845,-72.44717124602688,-0.11791964980524128,-239.38719884927448,-72.42099166396189,-0.08209714036054905,0.04437145909922884,0.026183471879784658,0.45723260103340996,-0.0004514855193213556,-0.026179579074257803,-0.03582250944469223,0.026183471879784658,0.04437145909922884,5,32
121010.24399995804,35.61399984359741,121.44093609000001,31.02987997833333,16.983999999999998,121.44093610220375,31.029880208193035,17.025180408394178,-240.0236667759256,-72.6779662293105,-0.13191964980524062,-240.0225016354133,-72.65248161767339,-0.09073924141106104,0.04844222214341778,0.025511229893535506,0.4406314197522455,-0.0011651484727684016,-0.025484608682834923,-0.04118040839417958,0.025511229893535506,0.04844222214341778,5,32
121010.34400010109,35.71399998664856,121.44092948999999,31.029878301666667,16.967,121.44092938151907,31.02987810796102,17.015772559629195,-240.6537956582817,-72.86385874510698,-0.14891964980524008,-240.6641527724343,-72.88533494587607,-0.10014709017604417,0.05428868157726678,0.0238432039502747,0.4390287578015664,0.01035718512637035,0.021476198240668383,-0.04877255962919591,0.0238432039502747,0.05428868157726678,5,32
121010.44400000572,35.81399989128113,121.44092270499999,31.029876189999996,16.954,121.44092258103639,31.02987597107186,17.005480868187167,-241.30158723833733,-73.0979798366754,-0.1619196498052382,-241.31342254998142,-73.1222524623936,-0.11043878161807186,0.05813360933939112,0.027004383820419725,0.43693922388066153,0.011835392992622653,0.02427262281317627,-0.05148086818716635,0.027004383820419725,0.05813360933939112,5,32
121010.54399991035,35.913999795913696,121.44091580166666,31.029874093333333,16.923,121.4409156789358,31.029873793285542,16.995952083717143,-241.96067658777577,-73.33043787339618,-0.19291964980524057,-241.97239420303606,-73.36370425837421,-0.11996756608809633,0.08103063013401449,0.03526976752464123,0.42052493053567186,0.01171769604898554,0.03326638093550042,-0.07295208371714423,0.03526976752464123,0.08103063013401449,5,32
121010.6440000534,36.013999938964844,121.44090887666668,31.029872090000005,16.897,121.4409086577349,31.029871595356944,16.98677645884818,-242.6218345381883,-73.55254801665657,-0.21891964980524037,-242.6427368465246,-73.60738923485451,-0.12914319095705906,0.1072580233469257,0.05868961585298093,0.40861162490044756,0.020902452899958717,0.05484121143570297,-0.0897764588481813,0.05868961585298093,0.1072580233469257,5,32
121010.74399995804,36.11399984359741,121.44090178833333,31.029869950000002,16.883,121.44090156268335,31.029869390866356,16.977394751815122,-243.2985865901848,-73.78981043326475,-0.23291964980523971,-243.32013031211056,-73.85180174141001,-0.13852489799011636,0.11496707741168392,0.06562819301447656,0.41439457141623126,0.021543871390089186,0.06199130038862458,-0.09439475181512336,0.06562819301447656,0.11496707741168392,5,32
121010.84400010109,36.21399998664856,121.44089467,31.02986775333333,16.866,121.44089443738687,31.029867171183586,16.97035446616582,-243.97820286283897,-74.03335549924718,-0.24991964980523917,-244.0004113850719,-74.09789860936343,-0.14556518363941962,0.12469519614983353,0.0682571412680921,0.3846361089096742,0.022208676800023617,0.06454310194656261,-0.10435446616581956,0.0682571412680921,0.12469519614983353,5,32
121010.94400000572,36.31399989128113,121.440887515,31.029865576666666,16.849,121.44088728099125,31.029864963062035,16.96662516364079,-244.6613198528693,-74.27468315923623,-0.26691964980523863,-244.68366162133336,-74.34271368143213,-0.1492944861644503,0.13770617807543797,0.07160525370824404,0.37405665744998007,0.022341924460865286,0.06803051352155874,-0.11762516364078834,0.07160525370824404,0.13770617807543797,5,32
121011.04399991035,36.413999795913696,121.44088026666668,31.029863396666663,16.837,121.44087999210248,31.029862768505314,16.960300517987623,-245.35334775323193,-74.51638038712592,-0.2789196498052391,-245.3795615162733,-74.58602481685338,-0.1556191318176161,0.14401574246281956,0.07441449012861026,0.3302603688993935,0.026213946648697195,0.06964442075428792,-0.12330051798762298,0.07441449012861026,0.14401574246281956,5,32
121011.1440000534,36.513999938964844,121.44087280000001,31.029861331666666,16.819,121.44087257025573,31.029860541264018,16.952005278473024,-246.06622083002804,-74.74532753161155,-0.29691964980523977,-246.0881554504824,-74.83295970060448,-0.16391437133221487,0.1607822548522173,0.09033564841011801,0.42747740122205247,0.021934774571423222,0.08763215755747032,-0.1330052784730249,0.09033564841011801,0.1607822548522173,5,35
121011.24399995804,36.61399984359741,121.44086543,31.029858771666667,16.9,121.44086500305019,31.02985824088763,16.948899015029756,-246.76986474327416,-75.02915546843876,-0.21591964980524025,-246.81062738170735,-75.08800309316142,-0.1670206347754828,0.08669355118145258,0.07158671766166327,0.34601227097222953,0.04076292579957573,0.058847616993630045,-0.048899015029757464,0.07158671766166327,0.08669355118145258,5,36
121011.34400010109,36.71399998664856,121.44085771833333,31.029856218333332,16.938,121.4408573872315,31.029855910053385,16.9458294292723,-247.506128966373,-75.31224427087518,-0.17791964980524,-247.53774060832953,-75.34642335706542,-0.17009022053293776,0.04721037630871157,0.04655662862021015,0.3591501103097833,0.03161186556530497,0.03417908167229273,-0.007829429272302235,0.04655662862021015,0.04721037630871157,5,36
121011.44400000572,36.81399989128113,121.44084994666667,31.029853845,16.948999999999998,121.44084979590806,31.029853628191095,16.937438512640277,-248.24812163321647,-75.5753764200764,-0.16691964980524077,-248.26251517289708,-75.59941408626194,-0.17848113716496172,0.030309308071103443,0.02801760456891468,0.4872859328249503,0.01439364181930744,0.024037662967883396,0.011561487359720957,0.02801760456891468,0.030309308071103443,5,36
121011.54399991035,36.913999795913696,121.44084245500001,31.02985133166667,16.953,121.44084221138773,31.029851291836827,16.929124194549132,-248.9633815617753,-75.85403041052605,-0.16291964980523943,-248.98664021735425,-75.8584463568606,-0.18679545525610664,0.03362331668014903,0.02367431812420218,0.4062494120155238,0.023258821163208217,0.004415945736059872,0.023875805450867205,0.02367431812420218,0.03362331668014903,4,36
121011.6440000534,37.013999938964844,121.44083485333334,31.029848783333332,16.938,121.44083454452566,31.029848880916248,16.922293130971294,-249.68914363517487,-76.13656486181675,-0.17791964980524,-249.7186267627243,-76.12574581579483,-0.19362651883394477,0.03511445127585642,0.03140571530342223,0.2686098791368214,0.029483338158397748,-0.010819044539938665,0.015706869028704773,0.03140571530342223,0.03511445127585642,4,36
121011.74399995804,37.11399984359741,121.44082703833334,31.02984635333333,16.935,121.44082671296839,31.029846471015485,16.918227549007963,-250.43527351368377,-76.40597966180273,-0.1809196498052401,-250.46633742982016,-76.39293220705694,-0.19769210079727628,0.037636841791238836,0.03369297772145536,0.25765706530574534,0.031064138799877163,-0.013047452945324365,0.01677245099203617,0.03369297772145536,0.037636841791238836,4,36
121011.84400010109,37.21399998664856,121.44081909500001,31.029843925,16.932,121.44081876758614,31.029844045465136,16.914333636285495,-251.1936558945068,-76.67520967713313,-0.18391964980524023,-251.224915431172,-76.6618536727059,-0.20158601351974426,0.03830999740087368,0.033993462517987245,0.21585659196535986,0.0312597615039852,-0.01335600257097043,0.01766636371450403,0.033993462517987245,0.03830999740087368,4,36
121011.94400000572,37.31399989128113,121.44081110666666,31.029841483333332,16.926,121.4408107812503,31.029841601111933,16.908214455160582,-251.95633461481887,-76.94591796336087,-0.18991964980524045,-251.98740343810906,-76.93285981619813,-0.20770519464465664,0.038106777331065315,0.03370164496466767,0.22873529797349415,0.031069047520902296,-0.013058145330345517,0.01778554483941619,0.03370164496466767,0.038106777331065315,4,36
121012.04399991035,37.413999795913696,121.44080314833333,31.029839041666666,16.917,121.44080283866883,31.029839174609872,16.90246193442399,-252.71614910718537,-77.2166262495886,-0.19891964980523724,-252.74571403844647,-77.20188679832151,-0.21345771538124936,0.03609299839333334,0.03303557449672602,0.38717878809248474,0.0295651453607489,-0.014739449179888725,0.014538065576012116,0.03303557449672602,0.03609299839333334,4,36
121012.1440000534,37.513999938964844,121.44079529333334,31.029836601666663,16.914,121.44079494405327,31.029836720548982,16.90021315472781,-253.46609794657115,-77.48714975257127,-0.20191964980523736,-253.49944513708544,-77.47396923608832,-0.21570649507743056,0.038416849758287755,0.03585773616378281,0.20138146300621262,0.033347432847088354,-0.013180514606812221,0.013786845272193204,0.03585773616378281,0.038416849758287755,1,36
121012.24399995804,37.61399984359741,121.44078724333333,31.02983413,16.903,121.44078688228427,31.029834235905394,16.888103788589376,-254.2346642311635,-77.76118414708384,-0.21291964980524014,-254.26913505544252,-77.74944238589099,-0.22781586121586272,0.03934489908360343,0.03641598508222696,0.22828113551351514,0.03447107560666023,-0.011741759494594061,0.014896211410622584,0.03641598508222696,0.03934489908360343,5,36
121012.34400010109,37.71399998664856,121.44077878333334,31.029831723333338,16.874,121.44077874988518,31.02983169997864,16.873742281636567,-255.04237488417817,-78.02801197317578,-0.24191964980524006,-255.04556831655407,-78.03060131532627,-0.2421773681686723,0.004119377270247604,0.004111307619210999,0.27964887638001784,0.0031934557367401446,0.0025893417691111907,0.00025771836343224663,0.004111307619210999,0.004119377270247604,5,36
121012.44400000572,37.81399989128113,121.44077034833332,31.029829371666665,16.846,121.44077048913925,31.029829136231726,16.87537058132141,-255.8476986878594,-78.28874193454905,-0.26991964980523875,-255.83425537235888,-78.31484467381524,-0.24054906848382984,0.04152961869502668,0.029361167922901426,0.293736170140452,-0.013443414205485022,0.026102735417894023,-0.029370581321408906,0.029361167922901426,0.04152961869502668,5,36
121012.54399991035,37.913999795913696,121.44076219833332,31.029826954999997,16.858999999999998,121.44076236057425,31.029826640123712,16.86639289858616,-256.6258123795025,-78.5566784636377,-0.2569196498052406,-256.61032257680074,-78.59158888829649,-0.2495267512190793,0.03890154056784389,0.03819260280533834,0.45350689825819623,-0.01548991681487873,0.03491041944913402,-0.007392898586161323,0.03819260280533834,0.03890154056784389,5,36
121012.6440000534,38.013999938964844,121.44075410666667,31.029824501666667,16.848,121.44075428189845,31.0298241740892,16.85562349249831,-257.39835674793676,-78.82868023681245,-0.26791964980523986,-257.38162665724934,-78.86499884453114,-0.2602961573069287,0.04070698437879854,0.03998675955043046,0.4211774146162503,-0.016730214340528085,0.036318602223432694,-0.00762349249831118,0.03998675955043046,0.04070698437879854,5,36
121012.74399995804,38.11399984359741,121.44074596333333,31.029822068333335,16.845,121.44074615676338,31.0298217019394,16.84515821268451,-258.1758339477199,-79.09846460399382,-0.27091964980523997,-258.1573663917696,-79.13908680480135,-0.2707614371207292,0.04462335043879208,0.044623069965318445,0.32745347195538255,-0.018467692891855663,0.04062219457860209,-0.0001582126845107723,0.044623069965318445,0.04462335043879208,5,36
121012.84400010109,38.21399998664856,121.44073771500001,31.029819621666668,16.836,121.44073792190765,31.029819209606167,16.843251998690356,-258.96333592101956,-79.36972724136727,-0.2799196498052403,-258.94358160487934,-79.41541250788539,-0.2726676511148831,0.05029883927608482,0.049773303562416576,0.2281086903916565,-0.019754463131853806,0.045685259481464034,-0.007251998690357198,0.049773303562416576,0.05029883927608482,5,36
121012.94499993324,38.31499981880188,121.440729345,31.029817138333335,16.836,121.44072948568295,31.0298166573066,16.84512865297221,-259.7624539096319,-79.6450551235321,-0.2799196498052403,-259.7490223348613,-79.69838669601887,-0.27079099683302843,0.055749421051938516,0.054996960302722664,0.27226462648961175,-0.013431675076915884,0.05333156426702117,-0.009128652972211881,0.054996960302722664,0.055749421051938516,5,36
121013.0450000763,38.41499996185303,121.44072089499998,31.029814578333337,16.835,121.44072104321077,31.029814088290735,16.84551061701072,-260.5692098224274,-79.92888306035931,-0.280919649805238,-260.55505953667756,-79.98321422466819,-0.2704090327945181,0.05711900875714999,0.05614363803186736,0.1802272867584753,-0.014150391804081335,0.054331155916696,-0.01051061701071987,0.05614363803186736,0.05711900875714999,1,36
121013.14499998093,38.514999866485596,121.440712415,31.029812114999995,16.838,121.44071251630898,31.029811509219087,16.842810946836114,-261.3788299583098,-80.20199353723602,-0.27791964980523787,-261.3691575767401,-80.26915664072185,-0.27310870296912526,0.06802633792060793,0.06785600519798404,0.2215415657141656,-0.009672454319207694,0.06716309305616947,-0.004810946836112606,0.06785600519798404,0.06802633792060793,5,36
121013.24499988556,38.614999771118164,121.44070374500001,31.029809323333332,16.828,121.4407039153869,31.029808873260098,16.836951695956497,-262.2065901656452,-80.51150642411645,-0.28791964980523943,-262.19032263493705,-80.56140617296121,-0.27896795384874196,0.05324240382957633,0.05248448061145421,0.19737086315505872,-0.016267653495358345,0.04989974102947897,-0.008951695956497474,0.05248448061145421,0.05324240382957633,5,35
121013.34500002861,38.71499991416931,121.44069480666667,31.029806184999998,16.855,121.44069529856213,31.029806168960047,16.82664141521981,-263.0599692505103,-80.85945434445419,-0.2609196498052384,-263.01300598838833,-80.86123269841035,-0.2892782345854279,0.054890375059943416,0.04699727591558965,0.14908436612472528,-0.04696361785144111,0.0017783536740099968,0.02835858478018949,0.04699727591558965,0.054890375059943416,4,35
121013.44499993324,38.81499981880188,121.44068616666667,31.029803481666665,16.85,121.44068666679055,31.0298034640847,16.81775158230343,-263.8848652396174,-81.15917368901997,-0.2659196498052374,-263.8371163737501,-81.16112300669016,-0.298168067501809,0.057651965586434345,0.04778900178960486,0.14817429742388005,-0.047749228830286934,0.0019493173573720656,0.03224841769657161,0.04778900178960486,0.057651965586434345,4,35
121013.5450000763,38.91499996185303,121.44067787833335,31.029800833333336,16.828,121.44067803862579,31.029800735980427,16.809346331630987,-264.6761861762232,-81.45279516816183,-0.28791964980523943,-264.6608824032367,-81.46358871346402,-0.3065733181742516,0.026432346982569452,0.018727242813235036,0.20836242217938966,-0.01530388973413126,0.010793543551189071,0.018653668369012166,0.018727242813235036,0.026432346982569452,4,35
121013.64499998093,39.014999866485596,121.44066918666667,31.029798088333337,16.825,121.44066934172174,31.02979801057175,16.801898140949163,-265.50601498939136,-81.7571341086647,-0.29091964980523954,-265.4912112505202,-81.7657555579807,-0.3140215088560758,0.028760724882544712,0.0171313573357373,0.21705893701665344,-0.01480385220846467,0.008621447903609686,0.023101859050836282,0.0171313573357373,0.028760724882544712,5,35
121013.74499988556,39.114999771118164,121.44066037500001,31.02979535833333,16.822,121.44066052948881,31.029795264061608,16.798977903079496,-266.347300692478,-82.05980999502516,-0.29391964980523966,-266.33255101732374,-82.07026192814963,-0.3169417467257425,0.02927142082800781,0.018077586417254477,0.1890169746465382,-0.014749788494122798,0.010451931402948755,0.023022096920502833,0.018077586417254477,0.02927142082800781,5,34
121013.84500002861,39.21499991416931,121.44065127500001,31.02979257,16.818,121.4406516282642,31.029792516410634,16.796945056668502,-267.21611475353274,-82.36895331400495,-0.29791964980523744,-267.1823871808606,-82.37489478281938,-0.31897459313673693,0.040201721158111124,0.03424715674887282,0.19712095457602952,-0.03372783280008447,0.005941467831387392,0.021054943331499487,0.03424715674887282,0.040201721158111124,4,34
121013.94499993324,39.31499981880188,121.44064227666668,31.029789838333333,16.815,121.44064265903984,31.02978977741526,16.792950471399497,-268.0752222821425,-82.67181398431573,-0.30091964980523755,-268.0387155599114,-82.6785679886606,-0.32296917840574224,0.04318054737485321,0.037126512899644484,0.22415969130587082,-0.03650700481535171,0.006754003220265359,0.022049528600504686,0.037126512899644484,0.04318054737485321,4,34
121014.0450000763,39.41499996185303,121.44063327666666,31.02978698833333,16.794,121.44063365007531,31.029787023562815,16.786668939653353,-268.93448893614647,-82.987794305226,-0.32191964980523835,-268.8988380919902,-82.98388840220163,-0.3292507101518858,0.03660605080099741,0.03586444631440748,0.21930737188813607,-0.03565112110617261,-0.003905902368471361,0.007331060346647433,0.03586444631440748,0.03660605080099741,5,34
121014.14499998093,39.514999866485596,121.44062453166667,31.029784345,16.774,121.44062460107935,31.02978423234803,16.779373163446824,-269.76940970119927,-83.28086143322214,-0.3419196498052379,-269.7627825899703,-83.29335118896236,-0.3365464863584151,0.01512561136127301,0.014139067636375402,0.21016199646339875,-0.006627162896699767,0.012489753623134616,-0.005373163446822815,0.014139067636375402,0.01512561136127301,4,34
121014.24499988556,39.614999771118164,121.44061564999998,31.029781529999998,16.756999999999998,121.44061550795188,31.029781411207207,16.77192061582959,-270.617378590679,-83.59296129399661,-0.35891964980524094,-270.6309405013984,-83.60613188467809,-0.3439990339756491,0.02408355200071432,0.018904832721736653,0.18603104577325075,0.013562016837585043,0.01317058842777743,-0.01492061582959181,0.018904832721736653,0.02408355200071432,5,34
121014.34500002861,39.71499991416931,121.44060656166667,31.029778640000004,16.734,121.44060638946928,31.02977857844242,16.764900058173296,-271.485078783691,-83.91337642548312,-0.38191964980523707,-271.501519170107,-83.92020133223845,-0.3510195916319425,0.03566067136222975,0.01780083949964061,0.19074228890785755,0.016440515525919464,0.006824905576926792,-0.030900058173294553,0.01780083949964061,0.03566067136222975,5,34
121014.44499993324,39.81499981880188,121.44059742833333,31.029775811666664,16.726,121.44059725615668,31.029775730701342,16.758954369087938,-272.3570753137627,-84.22695455715494,-0.38991964980523974,-272.37351372031213,-84.23593120544454,-0.3569652807173007,0.037905093300794494,0.018729806623609978,0.18512550517027643,0.01643853611762817,0.00897664672732855,-0.03295436908793903,0.018729806623609978,0.037905093300794494,4,34
121014.5450000763,39.91499996185303,121.44058826,31.029772961666662,16.719,121.44058809204198,31.029772865076172,16.753487591311313,-273.2324134358163,-84.5429348780652,-0.39691964980523764,-273.24844907192596,-84.55364389325608,-0.36243205849392623,0.03951230965928604,0.019282859231848026,0.18954513065668196,0.01603576296951473,0.01070901331313052,-0.034487591311311405,0.019282859231848026,0.03951230965928604,4,35
121014.64499998093,40.014999866485596,121.44057840666667,31.029770021666664,16.717,121.4405788804,31.029769982698085,16.748446888797126,-274.17315129568186,-84.86889352382991,-0.3989196498052401,-274.1279220468101,-84.87321398175393,-0.36747276100811277,0.05525658880206262,0.045435490434475784,0.2146648336194414,-0.04522960801223497,0.004320457161101225,-0.031446888797127315,0.045435490434475784,0.05525658880206262,4,34
121014.74499988556,40.114999771118164,121.44056905666666,31.029767101666668,16.708,121.44056960862541,31.029767079942463,16.743170011537924,-275.06583387679285,-85.1926347643065,-0.4079196498052404,-275.0131361268675,-85.19504333330907,-0.3727496382673152,0.06340211374601185,0.052753182992919326,0.21457410070049418,-0.05269816992370793,0.002408568574161266,-0.035170011537925205,0.052753182992919326,0.06340211374601185,5,34
121014.84500002861,40.21499991416931,121.44055971166667,31.029764216666663,16.701,121.44056030056835,31.029764173151502,16.736671932985256,-275.9580390841503,-85.51249554605782,-0.4149196498052383,-275.9018142421117,-85.51732008433542,-0.3792477168199824,0.06676111444488242,0.05643190231613759,0.23071555870231364,-0.05622529179803991,0.004824537412370385,-0.03567193298525595,0.05643190231613759,0.06676111444488242,5,34
121014.94499993324,40.31499981880188,121.44055082999999,31.029761455000003,16.668,121.44055099196532,31.02976125087606,16.730824661284103,-276.8060079736301,-85.81868232394818,-0.4479196498052396,-276.790544482504,-85.84131360407127,-0.38509498852113566,0.06854368036457652,0.027409816716987518,0.23148635958433159,-0.015463615281100858,0.02263127603333388,-0.06282466128410391,0.027409816716987518,0.06854368036457652,5,34
121015.0450000763,40.41499996185303,121.44054144666667,31.02975852666667,16.665,121.44054167148973,31.029758318671433,16.72348228431877,-277.70187301889945,-86.14334748347113,-0.4509196498052397,-277.68040824627656,-86.16640797516621,-0.3924373654864688,0.06642821352274243,0.031504443697381875,0.2379272677619166,-0.02146494559456102,0.023060487490598282,-0.058482284318770894,0.031504443697381875,0.06642821352274243,5,34
121015.14499998093,40.514999866485596,121.440532065,31.029755603333335,16.657,121.44053231518284,31.029755371026813,16.71714161269808,-278.5975789436331,-86.46745829184837,-0.4589196498052388,-278.5736929691708,-86.49321418310126,-0.3987780371071601,0.0696486056835433,0.03512712193926505,0.21574538153727738,-0.02388616765685376,0.025755886519486564,-0.06014161269807872,0.03512712193926505,0.0696486056835433,5,32
121015.24499988556,40.614999771118164,121.440522595,31.02975251,16.649,121.4405229109946,31.029752395519164,16.711751463773833,-279.50171840980397,-86.81041704975888,-0.4669196498052379,-279.47154911882325,-86.82310957282385,-0.4041681860314057,0.07077462246320973,0.03273073447161389,0.2676143903241019,-0.030169535908465852,0.01269252071572403,-0.06275146377383223,0.03273073447161389,0.07077462246320973,5,32
121015.34500002861,40.71499991416931,121.44051316666668,31.02974960166667,16.616,121.44051348878305,31.029749400789893,16.706598257790233,-280.40187978970374,-87.13286480328846,-0.4999196498052392,-280.37112602755207,-87.15513606964139,-0.4093213920150056,0.09823371486238748,0.03797128416368387,0.2848762791089067,-0.03075401276180055,0.02227126220235931,-0.09059825779023356,0.03797128416368387,0.09823371486238748,4,32
121015.44499993324,40.81499981880188,121.44050369333333,31.029746624999998,16.608,121.44050404442409,31.029746401032714,16.70027977510455,-281.30633750666317,-87.46288869454982,-0.5079196498052383,-281.2728174410068,-87.48772001157161,-0.41563987470068753,0.10127074675755358,0.041715791440245786,0.2629784738918327,-0.03352033982632042,0.024831312357869475,-0.09227977510455077,0.041715791440245786,0.10127074675755358,4,32
121015.5450000763,40.91499996185303,121.44049419666665,31.029743759999995,16.655,121.44049456018418,31.02974340271759,16.69294145802559,-282.21302294999106,-87.78053206960249,-0.4609196498052377,-282.1783164511475,-87.82014407291769,-0.4229781917796487,0.06490936210238742,0.052665653432111846,0.2899428362442331,-0.034706783764949255,0.03961199581092032,-0.037941458025589014,0.052665653432111846,0.06490936210238742,5,32
121015.64499998093,41.014999866485596,121.44048462999999,31.029740793333335,16.649,121.44048503161096,31.02974040017189,16.687775480295503,-283.12639157728285,-88.10944725645663,-0.4669196498052379,-283.08804814138824,-88.15303717951434,-0.42814416950973566,0.06981304924650004,0.05805449141063381,0.302111907525811,-0.038343751844998705,0.043589914744084024,-0.03877548029550226,0.05805449141063381,0.06981304924650004,5,32
121015.7460000515,41.115999937057495,121.44047507833332,31.029737720000004,16.664,121.44047537680285,31.029737364914606,16.680919175243822,-284.03832809303105,-88.4501886076685,-0.45191964980523736,-284.0098319908861,-88.48955702826117,-0.43500047456141644,0.051460389664310886,0.048599518654731465,0.2933288614708011,-0.02849633782627859,0.03936841302316104,-0.016919175243820916,0.048599518654731465,0.051460389664310886,4,32
121015.84599995613,41.21599984169006,121.44046546,31.029734710000003,16.658,121.44046579046758,31.029734337875038,16.673013090026284,-284.95662954681313,-88.78390817441006,-0.4579196498052376,-284.9250784596206,-88.82516577673151,-0.44290655977895454,0.05406541954923539,0.051939163633019404,0.21390703570815423,-0.0315513490993744,0.04125759431797947,-0.015013090026283038,0.051939163633019404,0.05406541954923539,4,32
121015.94600009918,41.31599998474121,121.44045583999998,31.029731641666665,16.654,121.44045618008232,31.029731315789167,16.664305117160545,-285.8750901259895,-89.12409517518147,-0.4619196498052389,-285.8426210803678,-89.16022530762932,-0.45161453264469387,0.04965720379807846,0.048576151034755086,0.19504169246097455,-0.03246931612942105,0.03613012537258978,-0.010305117160545052,0.048576151034755086,0.04965720379807846,4,32
121016.04600000381,41.41599988937378,121.44044619666666,31.029728655,16.653,121.44044656503453,31.02972829409532,16.65554567441599,-286.7957784315343,-89.45522776873425,-0.46291964980524014,-286.76060885041534,-89.4952413741802,-0.46037397538924907,0.053333746978146725,0.05327295851083121,0.22706590971369617,-0.03516987518748567,0.040013597536255385,-0.0025456744159910727,0.05327295851083121,0.053333746978146725,5,33
121016.14599990845,41.51599979400635,121.44043657166667,31.029725635,16.645,121.44043698014904,31.029725240806165,16.647173141724938,-287.7147163796056,-89.79005603847251,-0.47091964980523926,-287.67571690340225,-89.83376042208694,-0.4687465080803008,0.05861552355998523,0.058575225627004755,0.23320902616826403,-0.038999803488347216,0.04370437489685461,-0.002173141724938432,0.058575225627004755,0.05861552355998523,5,32
121016.2460000515,41.615999937057495,121.44042681833335,31.029722544999995,16.636000000000003,121.44042739305095,31.029722175871306,16.638860117014747,-288.6459068324204,-90.13264522848236,-0.47991964980523605,-288.59103620207304,-90.17357063241023,-0.4770595327904914,0.06851207977432777,0.06845235427409213,0.23648429040176694,-0.05487109250918578,0.04092539569160201,-0.0028601170147446453,0.06845235427409213,0.06851207977432777,4,32
121016.34599995613,41.71599984169006,121.44041720166666,31.029719458333336,16.626,121.44041778822549,31.02971908187658,16.632970511717474,-289.5640491656668,-90.4748648498863,-0.4899196498052376,-289.5080480048172,-90.5166027188188,-0.48294913808776485,0.07019131053015824,0.0698443415055055,0.21818595115531744,-0.05600163429214329,0.041737860473995546,-0.0069705117174727604,0.0698443415055055,0.07019131053015824,4,32
121016.44600009918,41.81599998474121,121.44040752000001,31.029716396666664,16.622,121.4404081606071,31.029715989497223,16.628352297989526,-290.48839730912346,-90.81431271556167,-0.49391964980523895,-290.4272359407948,-90.85945570847778,-0.48756735181571287,0.07628248245708114,0.07601753376732998,0.20371455592773732,-0.061161887328211643,0.045142983713067714,-0.006352297989526079,0.07601753376732998,0.07628248245708114,4,33
121016.54600000381,41.91599988937378,121.44039790166669,31.029713261666664,16.596,121.44039852356049,31.029712874170674,16.620470894230433,-291.4066987629056,-91.16189106799875,-0.5199196498052387,-291.34732402854934,-91.20485286004754,-0.49544875557480594,0.07726550726583464,0.07328802049864437,0.20960870480616792,-0.05937524005409214,0.042961783216349955,-0.024470894230432805,0.07328802049864437,0.07726550726583464,4,33
121016.64599990845,42.01599979400635,121.44038837333333,31.029710159999997,16.580000000000002,121.44038888248791,31.02970974629083,16.612085164965674,-292.31640755228534,-91.50577374425036,-0.535919649805237,-292.2677964922047,-91.55164179883859,-0.5038344848395653,0.07413778343527958,0.06683526854754193,0.2263007167175963,-0.0486114756284372,0.04586804507549787,-0.03208516496567171,0.06683526854754193,0.07413778343527958,4,32
121016.7460000515,42.115999937057495,121.44037874333331,31.02970691333333,16.568,121.44037924559785,31.02970664020555,16.60496828091304,-293.2358228741102,-91.86573261289612,-0.5479196498052374,-293.18786963257435,-91.8960143684733,-0.5109513688921972,0.06769926856111085,0.056714523448971634,0.2220519590471874,-0.04795365296303419,0.030281749248430738,-0.036968280913040275,0.056714523448971634,0.06769926856111085,4,32
121016.84599995613,42.21599984169006,121.44036908833331,31.029703835000003,16.568,121.44036961038917,31.029703545769475,16.59771949062469,-294.1576250452685,-92.2070283152537,-0.5479196498052374,-294.10778224585283,-92.2390953870943,-0.5182001591805481,0.06630152505407351,0.05926756365420244,0.20704248901980962,-0.049843228609593865,0.03206706508673193,-0.02971949062468937,0.05926756365420244,0.06630152505407351,5,32
121016.94600009918,42.31599998474121,121.44035938833333,31.02970075,16.562,121.44035995232537,31.02970043750897,16.59110669043347,-295.08372354619866,-92.54906315341258,-0.5539196498052377,-295.02987692953496,-92.5837091239428,-0.5248129593717685,0.07033527163183821,0.06403007892806835,0.18024242733955215,-0.05384708202711399,0.03464596318043301,-0.02910669043346914,0.06403007892806835,0.07033527163183821,5,33
121017.04600000381,42.41599988937378,121.44034965500002,31.029697565,16.528,121.44035025856921,31.0296973105259,16.585007635929216,-296.0130045161457,-92.90218502083312,-0.5879196498052401,-295.9553793084478,-92.93039863757302,-0.5309120138760228,0.08582890278811342,0.06416174872596005,0.17812985229681783,-0.057625707544966244,0.02821361071389581,-0.057007635929217315,0.06416174872596005,0.08582890278811342,5,33
121017.14599990845,42.51599979400635,121.44033990166666,31.029694463333332,16.521,121.44034055131816,31.02969417524915,16.577966932069156,-296.94419497381904,-93.24606769778998,-0.594919649805238,-296.8821700994636,-93.27800767367107,-0.5379527177360828,0.09006966743747778,0.06976613535896979,0.18574117026567563,-0.062025414328951936,0.03193996900824952,-0.05696693206915526,0.06976613535896979,0.09006966743747778,4,33
121017.2460000515,42.615999937057495,121.44033024500001,31.029691333333336,16.488,121.44033086095575,31.029691036147998,16.569341010337148,-297.86615626551304,-93.5930916983761,-0.6279196498052393,-297.8073484628968,-93.62604072217891,-0.5465786394680912,0.10564286886755232,0.0674096119251462,0.1809303384217326,-0.058808316431944514,0.032949016652080824,-0.08134101033714813,0.0674096119251462,0.10564286886755232,5,35
121017.34599995613,42.71599984169006,121.44032054666668,31.029688106666672,16.469,121.44032115847801,31.02968789829107,16.561449170559154,-298.79209564590747,-93.95083316032321,-0.6469196498052376,-298.73368352750936,-93.97393582362724,-0.5544704792460848,0.1117703778683527,0.06281535028764085,0.1592494334215907,-0.05841263059930873,0.023102658250247377,-0.0924491705591528,0.06281535028764085,0.1117703778683527,4,35
121017.44600009918,42.81599998474121,121.44031077333332,31.029684971666665,16.459,121.44031142798308,31.02968474226396,16.553329634592043,-299.7251955840192,-94.29841151417081,-0.6569196498052392,-299.6626935059602,-94.32384545795551,-0.5625900152131962,0.11598079019178789,0.06747935781587702,0.14753877468155052,-0.06250262810557189,0.025433938175983252,-0.09432963459204302,0.06747935781587702,0.11598079019178789,4,34
121017.54600000381,42.91599988937378,121.44030093166666,31.02968179666667,16.442,121.44030165599327,31.029681575670967,16.545170800206005,-300.6648195831299,-94.6504246778894,-0.6739196498052387,-300.59566517058533,-94.67492653503453,-0.5707488495992337,0.1265976777201511,0.07336728146106981,0.15866368044587315,-0.0691550233340647,0.024501851698449338,-0.103170800206005,0.07336728146106981,0.1265976777201511,5,34
121017.64599990845,43.01599979400635,121.44029118666667,31.02967863166667,16.42,121.4402918523179,31.02967842467419,16.53732850572298,-301.59521441869043,-95.00132913931657,-0.6959196498052371,-301.5316619837912,-95.02427845484156,-0.5785911440822602,0.13539435987380094,0.06756962653774021,0.13944193593293971,-0.06355299822473864,0.022949310383888498,-0.11732850572297693,0.06756962653774021,0.13539435987380094,5,34
121017.7460000515,43.115999937057495,121.440281335,31.029675488333336,16.409,121.44028204728656,31.029675252818855,16.52664748268147,-302.53579315559097,-95.34983141080002,-0.7069196498052399,-302.46778825840363,-95.37594296931783,-0.5892721671237702,0.13837446180398594,0.07284614950878349,0.14582580511854146,-0.06800550211909229,0.026111552611558213,-0.11764748268146974,0.07284614950878349,0.13837446180398594,5,33
121017.84599995613,43.21599984169006,121.44027144833332,31.02967222,16.386000000000003,121.4402722259716,31.029672070266102,16.515690444501175,-303.479713489332,-95.71219246938949,-0.729919649805236,-303.4054691946529,-95.72879350916507,-0.6002292053040641,0.1503579711821471,0.07607830244622853,0.1306126670288826,-0.07424495745414217,0.016601035983710148,-0.12969044450117195,0.07607830244622853,0.1503579711821471,5,33
121017.94600009918,43.31599998474121,121.44026155666667,31.029669061666663,16.374000000000002,121.44026238072115,31.029668886095976,16.505795068566044,-304.42411118710953,-96.06235779572062,-0.7419196498052365,-304.34543535113653,-96.08182336791819,-0.6101245812391944,0.15472183587797186,0.0810487902384874,0.14044857436655994,-0.07867654080341843,0.019465567711483917,-0.13179506856604206,0.0810487902384874,0.15472183587797186,5,32
121018.04600000381,43.41599988937378,121.44025174666668,31.02966578,16.353,121.44025253447087,31.02966568668195,16.496871394541483,-305.3607118377389,-96.42619712309165,-0.7629196498052373,-305.2854969639084,-96.43654332252224,-0.6190482552637562,0.16267575397617,0.0759237957718453,0.17824182918245388,-0.07521555006442308,0.010346197026499039,-0.14387139454148112,0.0759237957718453,0.16267575397617,5,32
121018.14599990845,43.51599979400635,121.44024184666665,31.029662593333335,16.343,121.44024267614337,31.029662481457823,16.488458173557444,-306.30590516005844,-96.77950377375727,-0.7729196498052389,-306.22671163879215,-96.79190744429222,-0.6274614762477952,0.16608328697445623,0.08015970282861708,0.1858592611534898,-0.07919423581859876,0.012403667630195821,-0.14545817355744362,0.08015970282861708,0.16608328697445623,5,32
121018.2460000515,43.615999937057495,121.44023223166666,31.029659401666663,16.311,121.44023278623999,31.029659272689592,16.481546249077827,-307.22388836791055,-97.1333647769791,-0.8049196498052389,-307.1709409920423,-97.14766450198232,-0.6343734007274122,0.1791479290880992,0.05484484863721044,0.17190263242491038,-0.052947855322886386,0.014299721631738685,-0.17054624907782667,0.05484484863721044,0.1791479290880992,4,32
121018.34599995613,43.71599984169006,121.44022232500001,31.029656123333332,16.294,121.44022286535022,31.029656066576184,16.475340291392897,-308.16971817723146,-97.49683453715477,-0.8219196498052384,-308.1181287420055,-97.50312721882445,-0.6405793584123423,0.18864097462477333,0.051972262072416224,0.17962611597408565,-0.051589904061908,0.006292680176764295,-0.1813402913928961,0.051972262072416224,0.18864097462477333,5,32
121018.44600009918,43.81599998474121,121.44021237,31.029652958333333,16.279,121.44021292814527,31.029652871090217,16.469589999811628,-309.12016256954206,-97.84773899858192,-0.8369196498052389,-309.0668741683471,-97.85741166813389,-0.6463296499936106,0.19813584738511322,0.05415963433056399,0.15918122963843193,-0.053288887201880374,0.009672667243613629,-0.19058999981162827,0.05415963433056399,0.19813584738511322,5,32
121018.54699993134,43.91699981689453,121.44020243666667,31.029649714999998,16.248,121.44020288270129,31.029649643673377,16.463048463913314,-310.06853835844925,-98.20732829932705,-0.8679196498052377,-310.025953616067,-98.21523630257062,-0.6528711858919252,0.2193669797346108,0.04331316158409425,0.1601402505816696,-0.04258513216075608,0.007908001344258632,-0.21504846391331256,0.04331316158409425,0.2193669797346108,4,32
121018.64700007439,44.01699995994568,121.44019243,31.02964654166666,16.239,121.44019290187649,31.029646444964087,16.45679255434579,-311.02391557725025,-98.55915667980057,-0.8769196498052381,-310.9788636078126,-98.56987812234314,-0.6591270954594499,0.22266176869978205,0.04631054428585528,0.14891116488349623,-0.04505238326010309,0.010721439951655077,-0.21779255434578815,0.04631054428585528,0.22266176869978205,4,32
121018.74699997902,44.11699986457825,121.44018241500001,31.029643221666667,16.217,121.44018290771709,31.02964324282209,16.45094180412701,-311.98008841330545,-98.92724603520806,-0.8989196498052401,-311.9330467071716,-98.92490052755721,-0.66497784567823,0.23863619179663656,0.047100576610066835,0.15254813430847405,-0.04704213976356863,-0.0023455070807079383,-0.23394180412701004,0.047100576610066835,0.23863619179663656,5,32
121018.84699988365,44.216999769210815,121.440172445,31.029640054999998,16.214,121.44017295397254,31.029640035404725,16.44438663475743,-312.9319649171595,-99.27833528058554,-0.9019196498052402,-312.8833712361771,-99.28050781453697,-0.6715330150478103,0.2354657318911871,0.04864267077576015,0.1480321117137257,-0.04859413049677791,0.0021725334200214663,-0.23038663475742993,0.04864267077576015,0.2354657318911871,5,32
121018.9470000267,44.31699991226196,121.44016255666665,31.029636885,16.188,121.4401630337744,31.02963684533411,16.439647226275017,-313.87604437386557,-99.62979409386368,-0.92791964980524,-313.8304929533408,-99.63419186217259,-0.6762724235302215,0.2557745829513117,0.04576364050211809,0.14536641772849337,-0.045551843381115745,0.00439776722774234,-0.25164722627501845,0.04576364050211809,0.2557745829513117,5,32
121019.04699993134,44.41699981689453,121.44015284500001,31.029633791666665,16.171,121.44015314461173,31.029633637948624,16.436349207358827,-314.8032567379799,-99.97275285106892,-0.9449196498052395,-314.77465158770246,-99.98979561439913,-0.679570442446412,0.2674302289434536,0.03329753004037954,0.14831293241719684,-0.028605416764416903,0.01704275912298223,-0.2653492073588275,0.03329753004037954,0.2674302289434536,5,32
121019.14700007439,44.51699995994568,121.44014296499999,31.02963063666667,16.169999999999998,121.44014324820431,31.029630440850912,16.434512539672443,-315.74654057743174,-100.32254860879412,-0.9459196498052407,-315.71950190725806,-100.3442587584611,-0.6814071101327954,0.26677578106727934,0.03467612608250864,0.14669613656970548,-0.027038922962571283,0.021710144290496353,-0.26451253967244526,0.03467612608250864,0.26677578106727934,5,34
121019.24699997902,44.61699986457825,121.440133005,31.029627515,16.169,121.44013335447974,31.02962725673175,16.43323805157904,-316.6974623386373,-100.66864869103912,-0.9469196498052384,-316.6640960855309,-100.6972829666869,-0.6826815982261998,0.26787123207611535,0.043968728338324756,0.15136914344879276,-0.033366566156241034,0.028634268536678092,-0.26423805157903857,0.043968728338324756,0.26787123207611535,5,34
121019.34699988365,44.716999769210815,121.44012311333333,31.029624348333332,16.163,121.44012347770344,31.02962406153073,16.43009220788121,-317.6418600412733,-101.01973793712186,-0.9529196498052386,-317.60707214197924,-101.05153582396304,-0.6858274419240296,0.2712186817679397,0.04713094343507213,0.15081668606300772,-0.03478822682632441,0.031797878912911345,-0.267092207881209,0.04713094343507213,0.2712186817679397,5,34
121019.4470000267,44.81699991226196,121.44011312666667,31.029621046666662,16.153,121.44011359982217,31.02962086616666,16.426025185952074,-318.59532777720653,-101.38579467119155,-0.9629196498052401,-318.5501536949467,-101.40580675841292,-0.6898944638531646,0.2774598563165207,0.04940870068134634,0.12152544560886935,-0.04517450905854575,0.020012082208961696,-0.2730251859520756,0.04940870068134634,0.2774598563165207,5,34
121019.54699993134,44.91699981689453,121.440103235,31.029617873333336,16.143,121.44010371963452,31.029617671012705,16.419856498958566,-319.53972547984256,-101.73762305095983,-0.9729196498052382,-319.4934554479392,-101.76005439748492,-0.6960631508466726,0.2815912685338348,0.05142102195503374,0.12092913072138901,-0.04627047055630037,0.022431340873844414,-0.27685649895856557,0.05142102195503374,0.2815912685338348,5,33
121019.64700007439,45.01699995994568,121.44009358666666,31.029614623333334,16.122,121.44009382727465,31.0296144569176,16.413317397429452,-320.4608911567116,-102.09795148680098,-0.993919649805239,-320.4379193315611,-102.11640204741495,-0.7026022523757867,0.2928036267709165,0.02946417833798728,0.14298891162484567,-0.022972043677753975,0.01845055593742591,-0.2913173974294523,0.02946417833798728,0.2928036267709165,5,33
121019.74699997902,45.11699986457825,121.44008378666668,31.029611303333333,16.111,121.44008395252168,31.029611235245376,16.40604949958014,-321.3965370646925,-102.46604084291373,-1.0049196498052382,-321.38070221376967,-102.47358977461187,-0.7098701502251004,0.29557053444791165,0.017542338251623612,0.14987490340430876,-0.015835002072195598,0.007548929772354367,-0.2950494995801378,0.017542338251623612,0.29557053444791165,5,33
121019.84699988365,45.216999769210815,121.44007393833333,31.02960811166667,16.099,121.44007410058639,31.029608035436144,16.399907862277914,-322.33679755809237,-102.81990184543031,-1.0169196498052386,-322.3213065990514,-102.8283535454866,-0.7160117875273251,0.30142486159350096,0.017646688244467437,0.23162406522359943,-0.015491107410713049,0.00845169788783156,-0.30090786227791355,0.017646688244467437,0.30142486159350096,5,33
121019.9470000267,45.31699991226196,121.44006394000002,31.029604969999998,16.1,121.4400642589689,31.029604854864782,16.39793837780819,-323.2913791596391,-103.1682193336687,-1.0159196498052374,-323.26092589992663,-103.18098440803739,-0.7179812719970471,0.29976264421033993,0.033020688863179125,0.15988030005307355,-0.030453552391095894,0.012765071083298333,-0.2979383778081903,0.033020688863179125,0.29976264421033993,5,34
121020.04699993134,45.41699981689453,121.44005404333332,31.029601725,16.101,121.44005440616998,31.029601653479975,16.398056524458333,-324.2362542335994,-103.52799341765888,-1.0149196498052397,-324.2016127399682,-103.5359228635675,-0.7178631253469057,0.29917471656394884,0.03553775890309182,0.2532218959714696,-0.03464182772115087,0.007929443864003622,-0.2970565244583341,0.03553775890309182,0.29917471656394884,5,34
121020.14700007439,45.51699995994568,121.44004414333334,31.029598524999997,16.098,121.44004451487473,31.02959841715366,16.400057957925824,-325.18144754863107,-103.88277833922183,-1.0179196498052399,-325.1459749799154,-103.8947352936806,-0.7158616918794145,0.3043687009540245,0.03743389071577682,0.3930437313974758,-0.03547291203121914,0.011956951373410787,-0.30205795792582535,0.03743389071577682,0.3043687009540245,5,33
121020.24699997902,45.61699986457825,121.44003429833334,31.029595216666667,16.093,121.44003459006122,31.029595163313843,16.40251392556774,-326.1213897936717,-104.24957420838757,-1.0229196498052389,-326.0935373449161,-104.25548945147702,-0.7134057242375,0.31082090369584753,0.02847391883727227,0.07670065404341046,-0.027852719278557887,0.005915241562389363,-0.3095139255677388,0.02847391883727227,0.31082090369584753,5,33
121020.34699988365,45.716999769210815,121.44002438166666,31.029591908333334,16.086,121.44002466473681,31.029591928185372,16.40334745992628,-327.0681743480704,-104.6163700775533,-1.0299196498052403,-327.04114848751163,-104.61416907656687,-0.7125721898789585,0.318503792915186,0.02711560030124085,0.0856790506665609,-0.02702612397032228,-0.002201000417406669,-0.31734745992628177,0.02711560030124085,0.318503792915186,5,33
121020.4470000267,45.81699991226196,121.44001448333331,31.02958874333334,16.079,121.44001474694271,31.029588686735377,16.403241828576252,-328.0132085449956,-104.96727453827519,-1.0369196498052382,-327.9880406810581,-104.97354957086276,-0.7126778212289864,0.3252776862584313,0.025938577045917337,0.15767213885212733,-0.025168110091791252,0.006275030962032388,-0.32424182857625183,0.025938577045917337,0.3252776862584313,5,33
121020.54699993134,45.91699981689453,121.44000454333333,31.029585521666665,16.073,121.44000480904977,31.029585423978464,16.403340347213355,-328.9622208233335,-105.32446165048712,-1.0429196498052384,-328.9368517928116,-105.33529236923465,-0.7125793025918838,0.331490044718593,0.027584501998316132,0.11038567658724406,-0.025369279508822336,0.010830715936555338,-0.3303403472133546,0.027584501998316132,0.331490044718593,5,33
121020.64700007439,46.01699995994568,121.43999441833333,31.02958191833333,16.091,121.4399948288149,31.029582170675496,16.40490476249463,-329.928895809088,-105.72396425417637,-1.0249196498052378,-329.8897054616061,-105.69598700607465,-0.7110148873106077,0.3175765096959821,0.04815225429688735,0.06804355468407498,-0.03919073346116797,-0.02797724083335945,-0.31390476249463006,0.04815225429688735,0.3175765096959821,5,33
121020.74699997902,46.11699986457825,121.43998442333334,31.029578643333334,16.086,121.43998482368124,31.029578901699264,16.405396662805888,-330.8831591622755,-106.08706444715662,-1.0299196498052403,-330.84493631847135,-106.05841934227185,-0.7105229869993508,0.32294857870101495,0.04776563904593528,0.056856811197918605,-0.03822322156304821,-0.02864509743060239,-0.3193966628058895,0.04776563904593528,0.32294857870101495,5,33
121020.84699988365,46.216999769210815,121.43997445833332,31.029575405,16.1,121.4399748199002,31.029575622901955,16.40527182763451,-331.8345582972346,-106.44609939675603,-1.0159196498052374,-331.8000380345955,-106.42194054396796,-0.7106478221707277,0.30816588192017313,0.04213457051311086,0.12301425564434007,-0.03452060498697597,-0.024158846488553244,-0.30527182763450966,0.04213457051311086,0.30816588192017313,5,33
121020.9470000267,46.31699991226196,121.43996457333333,31.029571983333334,16.101,121.43996482154209,31.029572339541563,16.405794790515085,-332.7783195031521,-106.82546056467025,-1.0149196498052397,-332.75462200226497,-106.78596765616224,-0.7101248592901541,0.30825498545580404,0.04605726580272664,0.118162218043333,-0.023697736717282192,-0.03949289819323708,-0.3047947905150856,0.04605726580272664,0.30825498545580404,5,33
121021.04699993134,46.41699981689453,121.43995462666665,31.02956864333333,16.092,121.43995481974487,31.029569046605186,16.40648720131546,-333.7279682806377,-107.19576732677638,-1.02391964980524,-333.7095343168275,-107.15105646026366,-0.7094324484897783,0.3181840318720375,0.048361951440300026,0.2029073006291253,-0.01843414789549081,-0.04471085481715944,-0.3144872013154618,0.048361951440300026,0.3181840318720375,5,33
121021.14700007439,46.51699995994568,121.43994462166665,31.029565341666665,16.091,121.43994478348228,31.02956574438691,16.40758828487379,-334.6831863764737,-107.56182406084608,-1.0249196498052378,-334.66773717925514,-107.51717435148839,-0.7083313649314498,0.3200943924828467,0.04724698910656629,0.15613101735078683,-0.015449352033025159,-0.04464969766298149,-0.316588284873788,0.04724698910656629,0.3200943924828467,5,33
121021.24699997902,46.61699986457825,121.43993448333335,31.029562008333333,16.079,121.43993471446522,31.029562406409287,16.409611254117706,-335.65113434594815,-107.9313916871509,-1.0369196498052382,-335.62906724448715,-107.88725689161535,-0.7063083956875325,0.3342733122248436,0.04934415787593849,0.14354731349994176,-0.022067323369129793,-0.044134783966932475,-0.33061125411770576,0.04934415787593849,0.3342733122248436,5,33
121021.34800004959,46.71799993515015,121.43992462,31.02955856333333,16.067,121.43992453375682,31.029559039607665,16.410617677893285,-336.59282694846223,-108.31333982966443,-1.0489196498052387,-336.6010609363597,-108.26053515685996,-0.705301971911954,0.34774881810301456,0.05344279120022033,0.18711362284813135,0.008234070989991899,-0.05280465894409433,-0.3436176778932847,0.05344279120022033,0.34774881810301456,5,34
121021.44799995422,46.817999839782715,121.43991458666666,31.02955523666667,16.061999999999998,121.43991446504029,31.02955572210491,16.410914484361637,-337.55075014442014,-108.68216832016796,-1.0539196498052412,-337.5623623093177,-108.62834764277657,-0.7050051654436018,0.3532319723543258,0.055059139985823055,0.17589905267905884,0.011612282483505267,-0.05382066323914762,-0.3489144843616394,0.055059139985823055,0.3532319723543258,5,34
121021.54800009727,46.91799998283386,121.43990456333334,31.02955191833333,16.058999999999997,121.43990440416515,31.029552402012406,16.41234149220614,-338.50771859772954,-109.05007289303565,-1.0569196498052413,-338.5229150327995,-108.99644725475154,-0.7035781575991003,0.3577105729688206,0.055737275670949764,0.14270724829348655,0.015196589481118511,-0.05362562416757316,-0.3533414922061411,0.055737275670949764,0.3577105729688206,5,34
121021.64800000191,47.01799988746643,121.43989451166665,31.029548596666668,16.055999999999997,121.4398943240309,31.0295490914697,16.415288662486635,-339.467392151161,-109.41834703239346,-1.0599196498052414,-339.4853065008263,-109.3634880776614,-0.7006309873186041,0.36389390870040933,0.05770991074178694,0.14012805263418154,0.01791453232118035,-0.05485894028814629,-0.3592886624866374,0.05770991074178694,0.36389390870040933,5,34
121021.74799990654,47.117999792099,121.43988449499999,31.029545374999998,16.049,121.43988423669228,31.02954577437472,16.418643996247447,-340.42372411261044,-109.77553414390012,-1.0669196498052393,-340.4483858012026,-109.73125535301222,-0.6972756535577922,0.3731025403041995,0.050683543874358944,0.14958668499445757,0.02466194091187405,-0.04427877923027351,-0.36964399624744715,0.050683543874358944,0.3731025403041995,5,34
121021.84800004959,47.21799993515015,121.43987443333332,31.02954194166667,16.067,121.43987415916186,31.02954248297803,16.421532085734285,-341.3843524062611,-110.15618879876136,-1.0489196498052387,-341.41052867087365,-110.09617345222931,-0.6943875640709543,0.36052746169356764,0.065475574225087,0.18001266020236167,0.02617653334027527,-0.0600153307279926,-0.3545320857342844,0.065475574225087,0.36052746169356764,4,34
121021.94799995422,47.317999839782715,121.43986441,31.029538543333334,16.066,121.43986411332683,31.029539205098857,16.42366021170522,-342.3413208571412,-110.53296299419208,-1.0499196498052399,-342.3696454542603,-110.45959285980288,-0.6922594381000202,0.36620527051154306,0.07864777882057371,0.1933934818348994,0.02832488888121436,-0.07337011505563243,-0.35766021170521967,0.07864777882057371,0.36620527051154306,4,33
121022.04800009727,47.41799998283386,121.43985443833331,31.029535185,16.079,121.43985409959994,31.029535914142727,16.424708432691425,-343.2933564863896,-110.905302377636,-1.0369196498052382,-343.3256967410872,-110.82446211355429,-0.6912112171138141,0.35650438843747595,0.08706927438090764,0.20342747847075265,0.03234058894095419,-0.08084024275180035,-0.34570843269142415,0.08706927438090764,0.35650438843747595,5,33
121022.14800000191,47.51799988746643,121.43984447166667,31.029531905,16.076,121.43984410185298,31.029532647910155,16.42766983369019,-344.2449147394551,-111.26895692246724,-1.0399196498052383,-344.2802223597826,-111.18659025926992,-0.6882498161150501,0.3629085139001192,0.08961538670065736,0.20242614915044965,0.03530798646041943,-0.08236664146132944,-0.3516698336901882,0.08961538670065736,0.3629085139001192,5,33
121022.24799990654,47.617999792099,121.43983445999999,31.029528908333337,16.09,121.43983411512767,31.029529386422343,16.42934338767622,-345.20076933200966,-111.60119821831147,-1.025919649805239,-345.2336956976449,-111.54819235231817,-0.6865762621290195,0.34503293062879364,0.06240022803420602,0.1811206820956926,0.03292670820567883,-0.053005851992577145,-0.3393433876762195,0.06240022803420602,0.34503293062879364,5,33
121022.34800004959,47.71799993515015,121.43982435166666,31.029525648333333,16.105,121.43982416327287,31.029526122325095,16.4310365698626,-346.1658530832557,-111.96263535714932,-1.0109196498052384,-346.18383980372266,-111.91008375419835,-0.6848830799426402,0.3307340975279344,0.055544562108710144,0.18382586007943777,0.01798690822144213,-0.05255158905762771,-0.3260365698625982,0.055544562108710144,0.3307340975279344,5,33
121022.44799995422,47.817999839782715,121.43981445166668,31.029522400000005,16.102,121.43981424102094,31.029522879236637,16.431832253167766,-347.1110463982874,-112.32277900833489,-1.0139196498052385,-347.1311576054085,-112.26964590533048,-0.684087396637473,0.3346892730475412,0.0568119200816749,0.1882365675724634,0.020111417735950446,-0.05313308893727819,-0.32983225316776554,0.0568119200816749,0.3346892730475412,4,33
121022.54800009727,47.91799998283386,121.43980459333333,31.029519161666666,16.097,121.43980435609805,31.029519643695647,16.431782096465238,-348.05226163190645,-112.6818139579343,-1.0189196498052375,-348.0749114505952,-112.62837126640336,-0.6841375533400011,0.3397766868738161,0.05804433503183975,0.17413463837556348,0.0226500566547335,-0.05344267735458078,-0.3347820964652364,0.05804433503183975,0.3397766868738161,4,34
121022.64800000191,48.01799988746643,121.43979470999999,31.029515928333332,16.093,121.43979449266955,31.029516419902595,16.43149974486609,-348.9958637172883,-113.04029455568272,-1.0229196498052389,-349.0166131386317,-112.98579413015268,-0.6844199049391477,0.343486418421677,0.0583167417277626,0.18240207932715283,0.02074964004120794,-0.054500411043430376,-0.33849974486609113,0.0583167417277626,0.343486418421677,5,34
121022.74799990654,48.117999792099,121.43978489999999,31.029512710000002,16.088,121.43978466126947,31.029513201938467,16.430113027228767,-349.93246436791765,-113.39711209928873,-1.0279196498052379,-349.95525694348464,-113.34257073987757,-0.6858066225764716,0.34718236445293443,0.05911235731638218,0.17174747536445187,0.022792816560816127,-0.05454134487455025,-0.34211302722876624,0.05911235731638218,0.34718236445293443,5,34
121022.84800004959,48.21799993515015,121.43977509833333,31.02950970333333,16.079,121.43977487847035,31.029510000665844,16.430327423787546,-350.8682694012928,-113.7304620988349,-1.0369196498052382,-350.8892606165674,-113.69749675747713,-0.6855922260176932,0.353494430397282,0.039081371735209154,0.16414476467069777,0.020991437924732886,-0.032965332556455285,-0.351327423787545,0.039081371735209154,0.353494430397282,5,34
121022.94799995422,48.317999839782715,121.43976537333334,31.029506523333332,16.073,121.43976513117703,31.02950681827268,16.42977023000905,-351.7967547564149,-114.08302961440448,-1.0429196498052384,-351.8198744059302,-114.050329603811,-0.6861494197961875,0.35901088661712177,0.04004771764908393,0.18856636122773485,0.023119895508069036,-0.032700001843986456,-0.35677023000905095,0.04004771764908393,0.35901088661712177,5,34
121023.04800009727,48.41799998283386,121.43975568333332,31.02950333833333,16.067,121.43975541683531,31.029503624291625,16.42897434767883,-352.72189852198443,-114.43615148111977,-1.0489196498052387,-352.74734217282503,-114.40444720317647,-0.6869453021264071,0.3642498898636842,0.040651616058780066,0.15727072657457625,0.025443922406583667,-0.03170426944053773,-0.3619743476788315,0.040651616058780066,0.3642498898636842,5,33
121023.14800000191,48.51799988746643,121.43974555000001,31.029500101666667,16.07,121.43974570764982,31.029500428030516,16.429331313510346,-353.68936912013453,-114.79500164676884,-1.0459196498052385,-353.67431765259136,-114.75881759240802,-0.6865883362948928,0.36146207198264746,0.0391897513760705,0.15975444665327457,-0.015051628694467486,-0.0361840446407267,-0.35933131351034575,0.0391897513760705,0.36146207198264746,4,33
121023.24799990654,48.617999792099,121.43973587666666,31.029497001666662,16.064,121.43973603682416,31.029497250958027,16.429415345437,-354.61292165119556,-115.13869953977539,-1.0519196498052388,-354.5976307631318,-115.11106053412854,-0.6865043043682384,0.36677800531500726,0.03158687230501265,0.16271792719628367,-0.015291052286173633,-0.02763899820895611,-0.3654153454370004,0.03158687230501265,0.36677800531500726,5,32
121023.34800004959,48.71799993515015,121.43972626333334,31.029493831666667,16.058,121.43972641921597,31.029494069816145,16.427727787199395,-355.5307457336534,-115.490158351643,-1.057919649805239,-355.5158629847473,-115.46375465056649,-0.6881918626058443,0.37096804804314837,0.030309339180898558,0.17899891696748094,-0.01488290923589265,-0.026403693951016282,-0.3697277871993947,0.030309339180898558,0.37096804804314837,5,34
121023.44799995422,48.817999839782715,121.43971672,31.029490735,16.062,121.43971680935448,31.0294909184335,16.426728875925257,-356.44188663457675,-115.83348667674889,-1.0539196498052377,-356.43335559868194,-115.81314935203066,-0.6891907738799823,0.3653950459884548,0.022054176457185114,0.17001812568906724,-0.008531128077947463,-0.020337319216708838,-0.3647288759252554,0.022054176457185114,0.3653950459884548,5,34
121023.54800009727,48.91799998283386,121.43970711833332,31.029487626666665,16.059,121.43970719962384,31.029487791311578,16.427326998654113,-357.3585968562796,-116.17810848880181,-1.0569196498052378,-357.3508357188087,-116.15985426003309,-0.6885926511511258,0.36886072057824687,0.019835655974968856,0.15844222036284705,-0.007761221589195788,-0.01825422382356256,-0.368326998654112,0.019835655974968856,0.36886072057824687,5,34
121023.64800000191,49.01799988746643,121.43969726833332,31.029484601666663,16.070999999999998,121.43969761637209,31.029484665869827,16.427576438252835,-358.2990164702152,-116.51349110968579,-1.0449196498052409,-358.26578779232415,-116.5063728868224,-0.6883432115524037,0.3581921194377943,0.0339829090905962,0.18680262229359826,-0.03322903912280768,-0.007118220931851062,-0.35657643825283714,0.0339829090905962,0.3581921194377943,5,34
121023.74799990654,49.117999792099,121.43968750333333,31.02948170333333,16.085,121.43968803863632,31.02948159339119,16.42815424035027,-359.2313207886435,-116.83483016092393,-1.030919649805238,-359.1802132310637,-116.84701947815527,-0.6877654094549683,0.3471533543617114,0.05254159089918527,0.36561840268144574,-0.05110811481946395,0.012189313919078364,-0.34315424035026965,0.05254159089918527,0.3471533543617114,5,35
121023.84800004959,49.21799993515015,121.43967793666667,31.029478666666666,16.103,121.43967848672601,31.029478500231185,16.43072211878246,-360.1446894159352,-117.17150626875492,-1.0129196498052373,-360.09217300963616,-117.1899590184898,-0.68519753102278,0.3324158903845753,0.05566450431744584,0.23848695722430566,-0.05251698061802636,0.018452744719222387,-0.3277221187824573,0.05566450431744584,0.3324158903845753,5,34
121023.94799995422,49.317999839782715,121.43966827999999,31.029475733333335,16.147,121.43966893110665,31.029475417023587,16.434357965728232,-361.0666507100584,-117.4967257794236,-0.9689196498052404,-361.00448690494716,-117.5317951325682,-0.6815616840770069,0.2960893155275909,0.07137424116674487,0.197070916178409,-0.062164486972026055,0.035069343615663266,-0.28735796572823347,0.07137424116674487,0.2960893155275909,4,35
121024.04800009727,49.41799998283386,121.43965872333335,31.029472711666667,16.194,121.43965936212794,31.029472338586302,16.438502819353644,-361.97906459470164,-117.83173883311218,-0.9219196498052398,-361.91807627399425,-117.8731023609577,-0.6774168304515946,0.25536684648587044,0.07369258858431355,0.13953025136502922,-0.06098899167566468,0.04136351661358839,-0.24450281935364515,0.07369258858431355,0.25536684648587044,4,34
121024.14899992943,49.51899981498718,121.43964908333334,31.02946969166667,16.207,121.43964967787464,31.02946923973426,16.442464962970252,-362.89943465431645,-118.16656710285045,-0.9089196498052381,-362.84267137603996,-118.2166729788692,-0.6734546868349867,0.24733881034912253,0.07571484873086207,0.13767160649103935,-0.05676390463558594,0.05010586242007445,-0.23546496297025143,0.07571484873086207,0.24733881034912253,5,34
121024.24900007248,49.61899995803833,121.43963944999999,31.02946667166667,16.21,121.4396400680337,31.02946617704471,16.446634211894196,-363.8191682220713,-118.5013953725887,-0.905919649805238,-363.7601620271131,-118.55623425144577,-0.6692854379110429,0.2499697168697688,0.08055500675417729,0.12080847715422639,-0.05900684799353779,0.05483886398379414,-0.2366342118941951,0.08055500675417729,0.2499697168697688,5,33
121024.34899997711,49.7189998626709,121.43962977999999,31.029463561666663,16.225,121.4396304785163,31.029463097658617,16.447499372231885,-364.74240250477305,-118.84620196859194,-0.8909196498052374,-364.6757123069716,-118.89764667400677,-0.6684202775733539,0.23790798249954054,0.08422729660519457,0.13590145862268238,-0.06669093803204687,0.05144469144455145,-0.22249937223188354,0.08422729660519457,0.23790798249954054,4,33
121024.44899988174,49.81899976730347,121.43962019666667,31.029460508333333,16.23,121.43962091030187,31.029460008152803,16.448430326577594,-365.657362364144,-119.18472591381042,-0.8859196498052384,-365.58922870518387,-119.24018107322578,-0.6674893232276453,0.2354344482858759,0.08784971184290137,0.16338767875385976,-0.06813441742159496,0.05545514433756946,-0.2184303265775931,0.08784971184290137,0.2354344482858759,4,33
121024.5490000248,49.918999910354614,121.43961060333335,31.029457415000003,16.256,121.43961135386293,31.0294569579312,16.450041252358446,-366.57327696616335,-119.52768467101566,-0.8599196498052386,-366.501620850164,-119.578360021028,-0.665878397446793,0.2129664549291873,0.08776504605064364,0.16121534049074673,-0.07165691597436095,0.05067533622300866,-0.1940412523584456,0.08776504605064364,0.2129664549291873,4,33
121024.64899992943,50.01899981498718,121.43960100833334,31.029454375,16.256,121.43960179660522,31.029453875647654,16.451059346896766,-367.489350693577,-119.86473034674731,-0.8599196498052386,-367.4140911670761,-119.92009368509389,-0.6648603029084725,0.2162807655288745,0.09343029875775348,0.1658368687482516,-0.07526036914026657,0.055363323263997476,-0.19505934689676607,0.09343029875775348,0.2162807655288745,4,33
121024.74900007248,50.11899995803833,121.43959166666667,31.029451113333334,16.264,121.43959222952552,31.02945075201179,16.45234469755739,-368.3812376550045,-120.22635226883023,-0.8519196498052395,-368.32749922893606,-120.2664120926557,-0.6635749522478491,0.19991597485084667,0.06702739665673664,0.17101199401794906,-0.053739029512445774,0.04005981290071127,-0.18834469755739036,0.06702739665673664,0.19991597485084667,4,33
121024.84899997711,50.2189998626709,121.43958204,31.02944805166667,16.266000000000002,121.43958262810665,31.02944765576146,16.45157472043335,-369.30033472604083,-120.56580013380032,-0.849919649805237,-369.24418578941214,-120.60969425862375,-0.6643449293718895,0.1987899496908246,0.07127038118437054,0.22372516385805583,-0.05614956895053746,0.043894112826600315,-0.18557472043334755,0.07127038118437054,0.1987899496908246,4,33
121024.94899988174,50.31899976730347,121.43957243833331,31.029445006666666,16.266000000000002,121.43957304818105,31.029444576976086,16.45145051281134,-370.2170449477437,-120.90340016067769,-0.849919649805237,-370.1588203020557,-120.95104007943773,-0.6644691369938975,0.20012905650602042,0.07523128708191235,0.19284461268128186,-0.05822530325720638,0.047639905715770085,-0.1854505128113395,0.07523128708191235,0.20012905650602042,1,33
121025.0490000248,50.418999910354614,121.43956302166667,31.02944194,16.327,121.43956350759618,31.029441508073962,16.45051512580021,-371.11609246203,-121.24340237679351,-0.7889196498052371,-371.06969879414333,-121.29129014156085,-0.6654045240050301,0.14036254568485296,0.0666757671848737,0.19085687312115357,-0.046394193321568425,0.047887751625362567,-0.12351512580020696,0.0666757671848737,0.14036254568485296,5,34
121025.14899992943,50.51899981498718,121.43955353999999,31.029438830000004,16.333,121.43955396735201,31.029438468952243,16.451744416649245,-372.02134579624374,-121.58820897209148,-0.7829196498052404,-371.9805447581173,-121.62823844161149,-0.6641752331559942,0.1317852668614431,0.057158727035965355,0.20375011088647796,-0.04080150152493745,0.040029458523473976,-0.11874441664924618,0.057158727035965355,0.1317852668614431,5,34
121025.24900007248,50.61899995803833,121.43954399666667,31.02943583833333,16.347,121.43954440039789,31.029435429065543,16.45688817902041,-372.93248669230843,-121.91989591749525,-0.7689196498052375,-372.8939408290311,-121.96527155528716,-0.6590314707848286,0.12498070525481081,0.05953792738724159,0.19221801958159462,-0.03854630231790959,0.04537562534207953,-0.10988817902040893,0.05953792738724159,0.12498070525481081,5,34
121025.34899997711,50.7189998626709,121.43953436166666,31.029432699999997,16.364,121.4395348101556,31.029432386329997,16.46260757237362,-373.8523793830283,-122.26784383783298,-0.7519196498052381,-373.8095603167634,-122.30262052159114,-0.6533120774316181,0.11298842738396962,0.055162771805665096,0.20455324203904865,-0.04281955537712786,0.034776674231285554,-0.09860757237361994,0.055162771805665096,0.11298842738396962,4,34
121025.44899988174,50.81899976730347,121.43952488000001,31.029429595000003,16.373,121.43952521627241,31.029429342724427,16.467446134137084,-374.7576327123834,-122.61209608127999,-0.7429196498052377,-374.72552741804077,-122.64006594744595,-0.6484735156681545,0.103600959352339,0.04258035374776819,0.21639213746570504,-0.03210566211917382,0.02796985851187889,-0.09444613413708325,0.04258035374776819,0.103600959352339,5,33
121025.5490000248,50.918999910354614,121.43951527166668,31.029426590000003,16.378,121.4395156165052,31.02942630931492,16.469525733978916,-375.6749794259463,-122.94526129687584,-0.7379196498052387,-375.6420562888295,-122.97638093284117,-0.646393915826323,0.10212418446898577,0.04530330090706621,0.22938874895553377,-0.03292351531611533,0.031119627444841074,-0.09152573397891572,0.04530330090706621,0.10212418446898577,5,33
121025.64899992943,51.01899981498718,121.43950583666668,31.029423523333335,16.380000000000003,121.43950602005025,31.02942326655931,16.472346183241612,-376.57577730013526,-123.28526351369692,-0.7359196498052363,-376.55826892513545,-123.31373212352895,-0.6435734665636268,0.09820809090335278,0.03342172286983855,0.29061159887618954,-0.01750857668885333,0.028468602036609218,-0.09234618324160948,0.03342172286983855,0.09820809090335278,4,33
121025.74900007248,51.11899995803833,121.43949625666667,31.029420536666667,16.381,121.4394964168622,31.029420228368615,16.47433703276874,-377.49041891600547,-123.6163961072497,-0.7349196498052386,-377.47512439859133,-123.65057720060429,-0.641582617036498,0.1005687618304066,0.03744695141167154,0.24531972472998073,-0.015294694090724878,0.03418108398952899,-0.09333703276874061,0.03744695141167154,0.1005687618304066,4,33
121025.84899997711,51.2189998626709,121.43948662166667,31.029417538333337,16.386,121.43948679210351,31.02941719054399,16.47716646793996,-378.4103116067253,-123.948822186339,-0.7299196498052396,-378.39403930733255,-123.9873816914907,-0.6387531818652796,0.10031427296971415,0.041852460916827504,0.21690941555282106,-0.016272487887961873,0.03855949458603818,-0.09116646793995997,0.041852460916827504,0.10031427296971415,4,33
121025.94899988174,51.31899976730347,121.43947691,31.029414576666667,16.39,121.4394771442323,31.029414162701727,16.479202622750307,-379.3375239756982,-124.27718302275268,-0.7259196498052383,-379.31516086354435,-124.32307943506092,-0.6367170270549316,0.10277989986784877,0.05105487157276468,0.21368341710905517,-0.022363371918438315,0.04589639972534991,-0.08920262275030666,0.05105487157276468,0.10277989986784877,4,33
121026.0490000248,51.418999910354614,121.4394673,31.029411550000003,16.418,121.43946748475723,31.029411133796874,16.48124932843313,-380.2550298122261,-124.61275042758699,-0.6979196498052396,-380.2373902874673,-124.65889498845821,-0.6346703213721092,0.08025557276148935,0.04940120860902817,0.20173484531268127,-0.017639730219154527,0.046144548213501516,-0.06324932843313036,0.04940120860902817,0.08025557276148935,5,34
121026.14899992943,51.51899981498718,121.43945766833333,31.02940855833333,16.439,121.4394578178876,31.029408091094627,16.483445364799717,-381.17460425458665,-124.94443737299076,-0.6769196498052388,-381.1603257002088,-124.99624026273642,-0.6324742850055216,0.06973385291911541,0.053734716811060644,0.17961173587068424,-0.014278721149381307,0.05180287552928982,-0.04444536479971717,0.053734716811060644,0.06973385291911541,5,33
121026.24900007248,51.61899995803833,121.43944796666668,31.029405536666665,16.456,121.43944811915847,31.029405067638773,16.485633196627372,-382.10086188091105,-125.27945042597409,-0.6599196498052393,-382.0863028681169,-125.33145168364493,-0.6302864531778667,0.06159728464289665,0.05400091789054611,0.14527888788867338,-0.014559183306283403,0.05200124339355302,-0.029633196627372627,0.05400091789054611,0.06159728464289665,4,33
121026.34899997711,51.7189998626709,121.43943822333334,31.029402346666664,16.504,121.43943839240312,31.029402027048885,16.48826377171415,-383.0310975935066,-125.63312664524561,-0.6119196498052375,-383.0149558146882,-125.66856276006916,-0.6276558780910904,0.04199892341694266,0.03893944898836833,0.169635232299836,-0.016141968386936448,0.035436105092304986,0.01573622828585286,0.03893944898836833,0.04199892341694266,4,33
121026.44899988174,51.81899976730347,121.43942846,31.029399306666665,16.514,121.43942863536535,31.029398976241314,16.488915872959737,-383.9632427889699,-125.970172320272,-0.6019196498052395,-383.9464999469704,-126.00680667412503,-0.6270037768455019,0.04745121635839358,0.04027908271695192,0.2126541664589519,-0.01674303916228713,0.03663434377915312,0.025084127040262416,0.04027908271695192,0.04745121635839358,4,33
121026.5490000248,51.918999910354614,121.43941867333334,31.029396296666665,16.52,121.4394188499053,31.029395936652797,16.489504160693897,-384.8976157132309,-126.30389188701356,-0.5959196498052393,-384.88075766972236,-126.34380672812544,-0.6264154891113414,0.05298481122860199,0.043328904970550385,0.2024594480738154,-0.016858242564847702,0.03991483012079273,0.030495839306102113,0.043328904970550385,0.05298481122860199,4,33
121026.64899992943,52.01899981498718,121.43940887333335,31.02939320833333,16.599,121.43940904435419,31.029392879612598,16.486935768383898,-385.8332616236411,-126.64629629307309,-0.5169196498052386,-385.8169335673204,-126.68274165540642,-0.6289838814213411,0.11896750583910715,0.03993589159979449,0.20741783448015458,-0.016328249633926484,0.03644535226558684,0.11206423161610246,0.03993589159979449,0.11896750583910715,4,33
121026.74900007248,52.11899995803833,121.43939904333335,31.029390166666666,16.604,121.43939921842792,31.029389811289263,16.483480659432345,-386.77177175713825,-126.9835267520498,-0.5119196498052396,-386.7550547651505,-127.02292754680694,-0.6324389903728935,0.12789369676985604,0.04280053998021218,0.20118742618288718,-0.016717190432566125,0.039400783832800344,0.1205193405676539,0.04280053998021218,0.12789369676985604,4,33
121026.84899997711,52.2189998626709,121.43938921499999,31.029387058333334,16.638,121.43938938716371,31.029386739077648,16.480701324121387,-387.7101227676704,-127.32814856339745,-0.47791964980523716,-387.69368559762654,-127.36354453352362,-0.6352183256838515,0.16206768471240637,0.03902641406630366,0.23668556887443554,-0.01643736568739158,0.03539596027986168,0.15729867587861435,0.03902641406630366,0.16206768471240637,4,33
121026.94899988174,52.31899976730347,121.43937938833332,31.029384028333332,16.644,121.43937956292099,31.029383659936308,16.478153901379542,-388.6483146552375,-127.6640855361324,-0.4719196498052405,-388.631646059447,-127.70492982057678,-0.6377657484256964,0.17161302918394142,0.044114661486430194,0.22766725964692625,-0.016668794718200156,0.04084427304659529,0.16584609862045596,0.044114661486430194,0.17161302918394142,4,33
121027.04999995232,52.419999837875366,121.43936964999999,31.02938103166667,16.638,121.43936961700382,31.029380566517442,16.476627637977174,-389.5780729989381,-127.99632683197663,-0.47791964980523716,-389.58122327751187,-128.04789806068146,-0.6392920118280649,0.16944188932901955,0.05166734592139523,0.21950258536915512,0.003150316271107246,0.05157121427650421,0.1613723620228278,0.05166734592139523,0.16944188932901955,4,33
121027.15000009537,52.519999980926514,121.43935974166668,31.02937802,16.632,121.43935973565017,31.029377491031248,16.47854918837388,-390.524061931224,-128.33023118266854,-0.4839196498052374,-390.5246363524468,-128.3888781008304,-0.6373704614313596,0.16427702407979136,0.05864971484838369,0.21598303412139291,0.0005744281151088321,0.05864690174371781,0.15345081162612217,0.05864971484838369,0.16427702407979136,4,33
121027.25,52.61999988555908,121.43934990999999,31.029374731666667,16.631,121.43934982635558,31.029374401909735,16.477201320589728,-391.4627311901154,-128.69480964654613,-0.4849196498052386,-391.47071706308475,-128.73136989259098,-0.6387183292155107,0.15828600800630957,0.037422273343956924,0.25446330216128166,0.007985969046186184,0.03656023578456771,0.15379867941027214,0.037422273343956924,0.15828600800630957,4,33
121027.34999990463,52.71999979019165,121.43933999333333,31.029371641666664,16.635,121.43933989502816,31.029371290520334,16.475664200960985,-392.40951574208486,-129.03739883655598,-0.48091964980523727,-392.4189013393825,-129.0763305310524,-0.640255448844254,0.16429140087284327,0.04004706662615079,0.23963352184053566,0.009385710517182627,0.03893168354241835,0.15933579903901673,0.04004706662615079,0.16429140087284327,4,33
121027.45000004768,52.8199999332428,121.43933005666668,31.029368533333333,16.638,121.4393299442845,31.029368162418148,16.470896962545236,-393.358209776922,-129.38202064790363,-0.47791964980523716,-393.36893936105423,-129.42314412143253,-0.6450226872600027,0.17242300022440674,0.04250018682049523,0.2450231034596458,0.01072971390713866,0.04112346190738265,0.1671030374547655,0.04250018682049523,0.17242300022440674,4,33
121027.54999995232,52.919999837875366,121.43932011,31.029365428333335,16.638,121.43931997594832,31.029365032787275,16.464363138495592,-394.30785855197837,-129.72627289135065,-0.47791964980523716,-394.3206570115939,-129.77012719730587,-0.6515565113096464,0.17954599208108485,0.0456837345154659,0.23298257669831243,0.012798614818917763,0.043854293495580905,0.17363686150440927,0.0456837345154659,0.17954599208108485,4,33
121027.65000009537,53.019999980926514,121.43931030333333,31.029362211666662,16.624,121.43931001069804,31.029361879821856,16.458177826973728,-395.2441409566778,-130.0829056517116,-0.49191964980524006,-395.2720800409911,-130.11969738107226,-0.6577418228315111,0.17213725644881853,0.04619785699111761,0.23399041991252179,0.027939424016172398,0.03679171885378941,0.165822173026271,0.04619785699111761,0.17213725644881853,5,36
121027.75,53.11999988555908,121.43930053833334,31.029358825,16.594,121.43930005807198,31.02935873519236,16.451704778283442,-396.1764452751061,-130.45838636019528,-0.5219196498052376,-396.22229778352744,-130.46834335875226,-0.6642148715217964,0.1498318246421868,0.046921695965112066,0.22972040104373218,0.045853067388153944,0.009956995698493974,0.14229522171655873,0.046921695965112066,0.1498318246421868,5,36
121027.84999990463,53.21999979019165,121.43929056833333,31.02935567833333,16.561,121.43929010322994,31.029355576824486,16.44726176347645,-397.1283217789601,-130.80725819957937,-0.5549196498052389,-397.17272709484257,-130.81851251463448,-0.6686578863287878,0.12261699010948059,0.045809822265773036,0.20890255895705145,0.04440585864148564,0.011254311810773257,0.11373823652354886,0.045809822265773036,0.12261699010948059,5,36
121027.95000004768,53.3199999332428,121.439280635,31.029352508333332,16.566,121.4392801413322,31.0293524030439,16.445692008438083,-398.07669756543805,-131.15871701215224,-0.5499196498052399,-398.12383004177104,-131.17039048179984,-0.6702276413671555,0.12973745575469817,0.048557127098298396,0.21461804981926466,0.04713305397695208,0.011673466273820564,0.12030799156191563,0.048557127098298396,0.12973745575469817,5,36
121028.04999995232,53.419999837875366,121.43927071333334,31.029349325,16.567,121.43927018356707,31.0293492053543,16.44422829438802,-399.02395948873175,-131.51165409562248,-0.5489196498052387,-399.0745384316691,-131.5249192487107,-0.6716913554172201,0.13344342707013884,0.05229011885001237,0.2355902248655617,0.05057956449853921,0.013265149244789163,0.12277170561198147,0.05229011885001237,0.13344342707013884,5,36
121028.15000009537,53.519999980926514,121.43926078000001,31.029346144999998,16.57,121.43926021007343,31.02934601146677,16.443746772968147,-399.9723352752096,-131.86422161119205,-0.5459196498052385,-400.02674848837205,-131.8790264786674,-0.6721728768370916,0.13827484241176535,0.05639197379097412,0.21648045570724914,0.05441388365427906,0.014804863177364857,0.12625322703185304,0.05639197379097412,0.13827484241176535,5,36
121028.25,53.61999988555908,121.43925070333334,31.02934277833333,16.512999999999998,121.43925020735536,31.029342817148596,16.445527990641715,-400.9343956804037,-132.2374849143876,-0.6029196498052407,-400.98174871872504,-132.23318145459254,-0.6703916591635242,0.08254306422898727,0.04754876870610245,0.21831840608105163,0.04735362340961456,-0.004303458544802284,0.06747200935828346,0.04754876870610245,0.08254306422898727,5,35
121028.34999990463,53.71999979019165,121.43924072833333,31.029339531666665,16.471,121.4392402106295,31.029339579273817,16.445287024912307,-401.88674955558207,-132.5974437823281,-0.6449196498052387,-401.9361768478215,-132.5921655635513,-0.6706326248929315,0.055965475258689855,0.04970892609049925,0.22770269304279467,0.049427904627172004,-0.005278217240499421,0.02571297508769277,0.04970892609049925,0.055965475258689855,5,35
121028.45000004768,53.8199999332428,121.43923074499999,31.02933634333333,16.469,121.43923019414315,31.02933638340276,16.444253935786875,-402.8398990480146,-132.95093521694403,-0.6469196498052376,-402.89249159293485,-132.94649270777117,-0.6716657140183635,0.05829363665734067,0.05278049242568606,0.21994348045455936,0.052593198271845824,-0.004442507876888563,0.024746064213125862,0.05278049242568606,0.05829363665734067,5,34
121028.54999995232,53.919999837875366,121.43922076833333,31.029333043333335,16.439999999999998,121.43922017312052,31.02933317053369,16.443107326204732,-403.79241204372863,-133.31680716706342,-0.6759196498052411,-403.84923943567026,-133.30270442697437,-0.6728123236005068,0.058634252486777456,0.05855185811347527,0.2110295383866329,0.05682809979959148,-0.014102735965344103,-0.0031073262047343064,0.05855185811347527,0.058634252486777456,5,34
121028.65000009537,54.019999980926514,121.439210815,31.029329824999998,16.413,121.43921016512921,31.02932992882451,16.442147539197588,-404.74269731307425,-133.67362471066943,-0.7029196498052386,-404.8047431229998,-133.66211365700858,-0.6737721106076506,0.06951159626258792,0.0631053323713464,0.20810249761137137,0.06204658487763528,-0.011511050287462977,-0.029147539197587946,0.0631053323713464,0.06951159626258792,5,35
121028.75,54.11999988555908,121.43920084499999,31.02932659666667,16.411,121.43920015082526,31.029326691525807,16.44221575284956,-405.6945738169283,-134.0315509558616,-0.7049196498052375,-405.7608495059893,-134.02103389638992,-0.6737038969556792,0.07401086868285411,0.06710577812100811,0.21127725773831565,0.06627651908657156,-0.01051705638443031,-0.031215752849558243,0.06710577812100811,0.07401086868285411,5,35
121028.84999990463,54.21999979019165,121.43919087833335,31.02932334833333,16.41,121.43919013448539,31.029323442537866,16.440309372458067,-406.6461320699939,-134.39169460916295,-0.7059196498052387,-406.7171502657142,-134.38125012497377,-0.6756102773471717,0.07791954849791849,0.07178299227057647,0.2079590311771317,0.07101908752975798,-0.01044448111483839,-0.030309372458066974,0.07178299227057647,0.07791954849791849,5,34
121028.95000004768,54.3199999332428,121.43918087499999,31.02932010833333,16.383,121.43918012221238,31.029320192015042,16.440291781550165,-407.6011910452941,-134.75091434200743,-0.7329196498052397,-407.6730627456788,-134.7416365266774,-0.6756278682550736,0.09238017882576649,0.07246895339860128,0.21691546972672174,0.07187260535247228,-0.009277812594378885,-0.05729178155016612,0.07246895339860128,0.09238017882576649,4,34
121029.04999995232,54.419999837875366,121.43917091166668,31.029316871666666,16.378,121.43917010582452,31.029316952319128,16.439290599895333,-408.55243105242965,-135.10976450695125,-0.7379196498052387,-408.62936808703347,-135.10082254536715,-0.6766290499099057,0.09877222799853812,0.07745589317970195,0.21951517310365778,0.07693800594343968,-0.008941958941565305,-0.06129059989533303,0.07745589317970195,0.09877222799853812,4,34
121029.15000009537,54.519999980926514,121.43916095166666,31.02931362833333,16.372999999999998,121.43916009141793,31.02931370939335,16.439281871084948,-409.50335281849385,-135.46935380769636,-0.7429196498052413,-409.5854842673257,-135.4603666602305,-0.6766377787202913,0.10592356149173265,0.08262272353639125,0.2405283064343718,0.0821324885341774,-0.008987144805451727,-0.06628187108494998,0.08262272353639125,0.10592356149173265,4,34
121029.25,54.61999988555908,121.43915098666666,31.029310391666666,16.374,121.4391500856015,31.029310458614024,16.439351800276587,-410.45475195102364,-135.82820397264018,-0.7419196498052401,-410.5407803115995,-135.82078150005356,-0.6765678495286522,0.1082913550056711,0.08634905772255574,0.20286619546026446,0.08602945253194424,-0.0074224703857417714,-0.06535180027658782,0.08634905772255574,0.1082913550056711,5,34
121029.34999990463,54.71999979019165,121.43914069833333,31.029307093333333,16.395,121.43914008822638,31.029307211291773,16.439583133529716,-411.43702103350347,-136.19389113951448,-0.7209196498052393,-411.49527042873757,-136.18081305329682,-0.6763365162755228,0.07451020361908599,0.05970020643204787,0.160545915397445,0.058250136570676556,-0.013078082333685612,-0.044583133529716434,0.05970020643204787,0.07451020361908599,5,35
121029.45000004768,54.8199999332428,121.43913077500001,31.029303833333334,16.399,121.43913009079331,31.02930395941029,16.439442308568008,-412.38444207976215,-136.55532827764708,-0.7169196498052379,-412.44976607978475,-136.54135008965184,-0.6764773412372307,0.07809163740454951,0.06680361899039394,0.1973630840207375,0.0653248336151356,-0.013978183836556678,-0.040442308568007235,0.06680361899039394,0.07809163740454951,5,35
121029.54999995232,54.919999837875366,121.439120865,31.029300621666668,16.43,121.43912009453184,31.02930072155421,16.44024404956038,-413.33059013744236,-136.91140668615705,-0.6859196498052391,-413.40414987201774,-136.90033212515203,-0.6756756002448583,0.07509167329454543,0.07438964206648131,0.20561875065155813,0.07356067576086084,-0.011074557706053473,-0.01024404956038083,0.07438964206648131,0.07509167329454543,5,35
121029.65000009537,55.019999980926514,121.43911092833332,31.029297381666666,16.433,121.43911011436653,31.029297478369067,16.440207282838703,-414.2792841747088,-137.2706264190015,-0.682919649805239,-414.35699689914964,-137.25990499620616,-0.6757123669665361,0.0787801768040237,0.07844980134682415,0.20207646215659975,0.07771372139590159,-0.010721419596133715,-0.0072072828387028665,0.07844980134682415,0.0787801768040237,5,35
121029.75,55.11999988555908,121.43910099833332,31.029294158333332,16.432,121.43910013542502,31.029294248381124,16.440159395290344,-415.2273417152567,-137.62799831375324,-0.6839196498052402,-415.3097270850057,-137.61801468958996,-0.6757602545148949,0.0833892809490188,0.08298913450380285,0.20730413408617165,0.08238642942767878,-0.0099836211791306,-0.008159395290345373,0.08298913450380285,0.0833892809490188,5,34
121029.85100007057,55.22099995613098,121.43909094166665,31.029290903333337,16.436999999999998,121.4390900691335,31.029290980995242,16.440093208393108,-416.18749264001235,-137.98888110074012,-0.6789196498052412,-416.2707969326163,-137.9802707028174,-0.6758264414121307,0.08380627069619029,0.08374916757699694,0.2126865061408177,0.0833053669450523,-0.008610395344587863,-0.003093208393110558,0.08374916757699694,0.08380627069619029,5,34
121029.9509999752,55.32099986076355,121.43908072,31.02928776166667,16.416,121.43908011590143,31.029287737489344,16.439032971038753,-417.16339678202905,-138.33719858897848,-0.6999196498052385,-417.2210725334113,-138.33987913580225,-0.6768866787664862,0.06216334454514897,0.05773875345179269,0.21174901149465122,0.05767649714749515,0.002680546019356222,-0.023032971038752237,0.05773875345179269,0.06216334454514897,5,35
121030.05100011826,55.4210000038147,121.43907077833335,31.029284511666667,16.415,121.43907016366222,31.029284494316,16.437665687873437,-418.1125681857612,-138.69752702481966,-0.7009196498052397,-418.17125334111273,-138.69945069860273,-0.6782539619318015,0.06294021511802138,0.05871743584597922,0.21223724359893595,0.05868591614458475,0.0019236732044325246,-0.022665687873438145,0.05871743584597922,0.06294021511802138,5,33
121030.15100002289,55.520999908447266,121.43906075333334,31.02928118666667,16.407,121.4390602313027,31.029281248106,16.435469936290737,-419.0696957644649,-139.06617073207812,-0.7089196498052388,-419.1195361540308,-139.05935893606951,-0.680449713514502,0.05780196203644764,0.05030436902361784,0.2141806912586622,0.049841037368775654,-0.006811793953771016,-0.028469936290736797,0.05030436902361784,0.05780196203644764,5,33
121030.25099992752,55.620999813079834,121.43905086333334,31.029277954999998,16.409,121.43905032198693,31.029278016802905,16.43469595606228,-420.01393434170666,-139.42446654658147,-0.7069196498052399,-420.0656188882624,-139.41761444013983,-0.6812236937429574,0.05812568679683222,0.05213744630923809,0.22452525059997022,0.05168522006672858,-0.006852104370375714,-0.025695956062282477,0.05213744630923809,0.05812568679683222,5,33
121030.35100007057,55.72099995613098,121.439041095,31.029274753333333,16.403,121.43904042872832,31.029274787507575,16.432045496240395,-420.9465569084942,-139.77943625138948,-0.7129196498052401,-421.01016857905614,-139.77564734361917,-0.6838741535648438,0.07003247123468373,0.0637252397044211,0.23136039279313655,0.06361250161720837,-0.0037889066215188597,-0.029045496240396318,0.0637252397044211,0.07003247123468373,5,33
121030.4509999752,55.82099986076355,121.43903130666668,31.029271508333334,16.381,121.4390305255581,31.02927155735452,16.430608591534703,-421.8810889532909,-140.13921033608494,-0.7349196498052386,-421.9556645707362,-140.13377534268034,-0.6853110582705355,0.08973416237818552,0.07477437758789805,0.23089974129814275,0.07457659423911076,-0.005434991752761149,-0.049608591534703095,0.07477437758789805,0.08973416237818552,5,33
121030.55100011826,55.9210000038147,121.43902126500001,31.02926838,16.367,121.43902060603398,31.029268336566197,16.42817352462703,-422.8398077665031,-140.48604955342597,-0.748919649805238,-422.90272193616494,-140.4908650714534,-0.687746125178208,0.08788450382399146,0.06309901660957427,0.22924163208733403,0.062914995806718,0.004815516559621212,-0.06117352462702996,0.06309901660957427,0.08788450382399146,4,33
121030.65100002289,56.020999908447266,121.43901133333333,31.02926511166667,16.36,121.4390106937054,31.029265128825177,16.426002237908893,-423.788024430016,-140.84841061060493,-0.7559196498052394,-423.8490923146352,-140.84650824196157,-0.6899174118963458,0.08994053109647257,0.061098311964679984,0.2183382764732663,0.06106868854568928,-0.0019023680619049221,-0.06600223790889359,0.061098311964679984,0.08994053109647257,4,33
121030.75099992752,56.120999813079834,121.43900140833333,31.029261923333333,16.36,121.43900078839879,31.02926193072347,16.422403001914187,-424.7356046016689,-141.20190204592612,-0.7559196498052394,-424.7947922762934,-141.20108269901368,-0.6935166478910517,0.08601208793025605,0.05919412658549823,0.2191348656529139,0.05918845574323466,-0.0008193466611512548,-0.062403001914187683,0.05919412658549823,0.08601208793025605,5,33
121030.85100007057,56.22099995613098,121.43899144666666,31.02925866166667,16.356,121.43899087813858,31.029258718082083,16.4173507071323,-425.68668548583946,-141.56352396800906,-0.7599196498052372,-425.7409651782617,-141.55726917491634,-0.6985689426729387,0.0821546994845243,0.05463959536599291,0.21618707884100297,0.05428041054769818,-0.006254791166199649,-0.06135070713229851,0.05463959536599291,0.0821546994845243,5,32
121030.9509999752,56.32099986076355,121.43898153500001,31.02925547166667,16.351,121.43898094820038,31.029255514984463,16.414989753988536,-426.6329926689139,-141.91720018657531,-0.7649196498052397,-426.68901681807864,-141.9123975303385,-0.700929895816703,0.0851853429696546,0.05623036582972071,0.21607275865082984,0.05602489222358188,-0.004802654753389822,-0.06398975398853679,0.05623036582972071,0.0851853429696546,5,32
121031.05100011826,56.4210000038147,121.43897163000001,31.029252316666664,16.347,121.43897102497212,31.02925233905048,16.41339256221252,-427.5786633576991,-142.26699594571105,-0.7689196498052375,-427.6364278338234,-142.26451424568265,-0.7025270875927205,0.08803950580338973,0.057818528733980724,0.21315243313864043,0.05776524416762238,-0.0024816992600077015,-0.06639256221251699,0.057818528733980724,0.08803950580338973,5,33
121031.15100002289,56.520999908447266,121.43896155666668,31.029249108333335,16.336,121.43896110680949,31.02924915692578,16.41107800124052,-428.540405514534,-142.6227047856151,-0.7799196498052403,-428.5833552131203,-142.61731732730675,-0.7048416485647202,0.0866628913875637,0.04328683949402084,0.22952293045799563,0.04295027106293896,-0.005387456635666848,-0.07507800124052011,0.04328683949402084,0.0866628913875637,5,33
121031.25099992752,56.620999813079834,121.43895147500001,31.029246125,16.331,121.43895116021847,31.029245974814295,16.40876142345206,-429.50294328862304,-142.95346781126725,-0.7849196498052393,-429.53299676591513,-142.97011894410994,-0.7071582263531795,0.08501373221026087,0.034358342320714275,0.22239191419379178,0.0300538788631827,0.016651127658645994,-0.07776142345205983,0.034358342320714275,0.08501373221026087,5,33
121031.35100007057,56.72099995613098,121.43894160666666,31.02924291,16.323,121.4389411707815,31.029242799817887,16.407603959626584,-430.44511326246135,-143.3099157869726,-0.7929196498052384,-430.4867289950098,-143.32213171006302,-0.7083156901786545,0.0950735202909901,0.04337216014939373,0.2203571151827048,0.041616289985955575,0.012215919278937294,-0.08460395962658396,0.04337216014939373,0.0950735202909901,5,33
121031.4509999752,56.82099986076355,121.43893167166668,31.029239668333336,16.317999999999998,121.43893120174701,31.02923963467842,16.40268243282399,-431.3936481719042,-143.6693203037674,-0.797919649805241,-431.4385133172506,-143.6730516342724,-0.7132372169812484,0.09590606117199386,0.045020641271934544,0.22423950066482415,0.0448657477584171,0.003731329336082168,-0.08468243282399257,0.045020641271934544,0.09590606117199386,5,35
121031.55100011826,56.9210000038147,121.43892174166668,31.029236516666668,16.312,121.43892125637437,31.029236462681663,16.39813357468824,-432.34170571245215,-144.01874649500246,-0.8039196498052377,-432.38803854620716,-144.02473182804513,-0.7177860751169973,0.09798778571906207,0.046718448835017495,0.22661237443920662,0.04633345737640047,0.005985331160381085,-0.08613357468824034,0.046718448835017495,0.09798778571906207,5,35
121031.65100002289,57.020999908447266,121.43891177833332,31.02923326,16.311,121.43891130835796,31.029233290181352,16.394579269811324,-433.29294572444627,-144.37981406593968,-0.8049196498052389,-433.3378161874955,-144.3764678507485,-0.7213403799939151,0.094921569071889,0.04499566571210314,0.24536358275885706,0.04487106844990357,-0.003346214135318062,-0.0835792698113238,0.04499566571210314,0.094921569071889,4,35
121031.75099992752,57.120999813079834,121.43890152500002,31.02923018166667,16.306,121.43890135878513,31.02923012613066,16.392718564771123,-434.2718732125149,-144.7211097690025,-0.8099196498052379,-434.28774242566095,-144.7272670622888,-0.7232010850341162,0.0883734148403285,0.01702207315744943,0.23431396658281556,0.01586942777635106,0.006157291338627553,-0.08671856477112172,0.01702207315744943,0.0883734148403285,4,35
121031.85100007057,57.22099995613098,121.43889155500001,31.02922705,16.31,121.43889142363754,31.029226971772456,16.391519341899496,-435.223749716369,-145.0683185542442,-0.8059196498052401,-435.23629142738065,-145.0769916644159,-0.7244003079057428,0.08293325434544667,0.015248658058970823,0.23215139411860372,0.012541881048682134,0.008673107422378888,-0.08151934189949728,0.015248658058970823,0.08293325434544667,5,35
121031.9509999752,57.32099986076355,121.43888163333334,31.029223953333332,16.308,121.43888150873934,31.0292238493113,16.39272965463762,-436.17101163966265,-145.4116468793501,-0.807919649805239,-436.18290713681955,-145.42317983197793,-0.7231899951676191,0.08633440789022195,0.01656851262922739,0.24769166720713406,0.011895658823011444,0.011532948968558629,-0.08472965463761994,0.01656851262922739,0.08633440789022195,5,33
121032.05100011826,57.4210000038147,121.43887181166669,31.02922084333333,16.304000000000002,121.43887161350156,31.029220732422118,16.39177476211954,-437.1087261559056,-145.75645347464805,-0.8119196498052368,-437.12764578704514,-145.76875023300298,-0.7241448876857,0.0906288101559971,0.022564847997504547,0.21803477820919373,0.018919888880691675,0.012296754445493508,-0.08777476211953683,0.022564847997504547,0.0906288101559971,5,34
121032.15100002289,57.520999908447266,121.43886192166669,31.029217606666666,16.302,121.4388617275437,31.029217582410016,16.386892011019267,-438.05296473314735,-146.11530364029713,-0.8139196498052392,-438.07149844579067,-146.1179929816885,-0.729027638785972,0.08693327310537673,0.01872806551458598,0.19980814129238939,0.018533965722865024,0.002689340532972536,-0.08489201101926724,0.01872806551458598,0.08693327310537673,5,34
121032.25099992752,57.620999813079834,121.43885198166666,31.029214451666668,16.296,121.43885182107766,31.029214420095876,16.379976402232792,-439.0019770163437,-146.46509939802235,-0.8199196498052395,-439.017309102636,-146.46859966131376,-0.7359432475724468,0.08543633461377456,0.01572676509244881,0.2666295005273303,0.015332296143225269,0.0035002621686819357,-0.08397640223279268,0.01572676509244881,0.08543633461377456,5,35
121032.35100007057,57.72099995613098,121.43884209499998,31.029211241666665,16.306,121.43884197712207,31.029211294547995,16.373155447421027,-439.9458973476555,-146.820993022582,-0.8099196498052379,-439.9571516328535,-146.815130054628,-0.7427642023842118,0.06834391633426293,0.012690026855232883,0.32294806426061,0.011254439591377037,-0.005862966064252533,-0.06715544742102608,0.012690026855232883,0.06834391633426293,4,34
121032.4509999752,57.82099986076355,121.43883223666666,31.02920825333333,16.295,121.43883225966205,31.029208193917338,16.36697343008731,-440.88711257884523,-147.1523104000851,-0.8209196498052371,-440.8849171157986,-147.15889786832582,-0.7489462197179293,0.07230760360292461,0.006943695000868693,0.2987010129497521,-0.0021954932344617917,0.006587466107884076,-0.07197343008730783,0.006943695000868693,0.07230760360292461,5,34
121032.55100011826,57.9210000038147,121.43882254500001,31.029205185000002,16.294,121.4388225945448,31.02920511479658,16.36550296811016,-441.8124154649505,-147.49249740015125,-0.8219196498052384,-441.80768522131706,-147.5002808738693,-0.7504166816950786,0.07208073732941242,0.00910814170889017,0.325053530347389,-0.0047303088256183835,0.007783471192437316,-0.07150296811015977,0.00910814170889017,0.07208073732941242,5,35
121032.65100002289,58.020999908447266,121.43881250666666,31.029202236666666,16.284,121.43881290226236,31.029202045187226,16.370375657448413,-442.7708160298034,-147.8193799656676,-0.8319196498052399,-442.73304689852597,-147.8406093465798,-0.7455439923568257,0.09663326142161544,0.043327047133776296,0.26476812278523926,-0.03776965305153051,0.021229374029855058,-0.08637565744841424,0.043327047133776296,0.09663326142161544,5,34
121032.75200009346,58.121999979019165,121.438802725,31.029199205,16.279,121.43880309309326,31.02919898549775,16.38031862989188,-443.7047115827402,-148.15550172164762,-0.8369196498052389,-443.6695682208842,-148.17983799972376,-0.7356010199133571,0.10996730832756609,0.042747445977998094,0.24720161138732474,-0.0351438485336654,0.024336270213092415,-0.10131862989188178,0.042747445977998094,0.10996730832756609,5,34
121032.85199999809,58.22199988365173,121.43879313500001,31.029196108333334,16.274,121.43879342519672,31.029195941151734,16.38530745421744,-444.62030793882957,-148.4988300467535,-0.8419196498052379,-444.5926016771013,-148.51736551902337,-0.7306121955877991,0.11619195809084806,0.03333499303461983,0.23370515724796226,-0.027706646317196906,0.018535466286875864,-0.11130745421743882,0.03333499303461983,0.11619195809084806,5,33
121032.95199990273,58.3219997882843,121.43878345666666,31.029193061666668,16.273,121.43878378097224,31.029192864791337,16.38534254975188,-445.5443378387855,-148.8366148575812,-0.8429196498052391,-445.51337506346204,-148.8584424820777,-0.7305771000533596,0.11855805961879683,0.037883571846126916,0.23399341561903514,-0.030963206111297235,0.021827617440526706,-0.11234254975187952,0.037883571846126916,0.11855805961879683,5,33
121033.05200004578,58.42199993133545,121.43877395166668,31.02919002166667,16.256,121.43877415411278,31.02918978646058,16.384032356635473,-446.45181889693833,-149.17366053260758,-0.8599196498052386,-446.432490543613,-149.199737899511,-0.7318872931697662,0.1320829611696239,0.032459579259497134,0.23552995116570147,-0.01932862286007905,0.026077358455879045,-0.1280323566354724,0.032459579259497134,0.1320829611696239,5,33
121033.15199995041,58.52199983596802,121.43876439499999,31.029186995,16.242,121.43876458388819,31.029186736569294,16.382344777563695,-447.36423278644014,-149.50922793814715,-0.873919649805238,-447.3461988601252,-149.5378802246744,-0.7335748722415438,0.14437049964928245,0.03385534787268744,0.2389878632253963,-0.01803417836872412,0.02865227722443235,-0.14034477756369412,0.03385534787268744,0.14437049964928245,5,33
121033.25200009346,58.621999979019165,121.43875486333333,31.029183981666666,16.235,121.43875507987255,31.029183696381505,16.378025350367928,-448.27425981932066,-149.84331707208412,-0.8809196498052394,-448.2535859389945,-149.87494672032827,-0.7378942994373112,0.1479327757660901,0.03778697259627549,0.24448617565853628,-0.02067416992019917,0.031629637938212427,-0.14302535036792818,0.03778697259627549,0.1479327757660901,5,33
121033.35199999809,58.72199988365173,121.43874510333332,31.02918087833333,16.227,121.43874559529706,31.029180652101346,16.374895994809922,-449.206086768854,-150.18738453228605,-0.8889196498052385,-449.1591169865335,-150.21246693809155,-0.7410236549953169,0.1571896127199188,0.0532479958892509,0.23656185527580034,-0.046970441731185454,0.0250823976086616,-0.14789599480992166,0.0532479958892509,0.1571896127199188,5,33
121033.45199990273,58.8219997882843,121.43873559333333,31.029177805000003,16.207,121.43873612376832,31.02917763199617,16.37256157569698,-450.11404519833104,-150.52812588349792,-0.9089196498052381,-450.0634024089498,-150.54730686856604,-0.7433580741082579,0.17419331095884644,0.054154170989301254,0.24870508500408017,-0.0506435019369074,0.019180978783809064,-0.16556157569698016,0.054154170989301254,0.17419331095884644,5,33
121033.55200004578,58.92199993133545,121.43872606166666,31.02917482166667,16.201,121.43872668429202,31.029174641726716,16.371512037180135,-451.0240722336408,-150.8588889098553,-0.9149196498052383,-450.9646276549384,-150.87883890404422,-0.7444076126251034,0.18167584987102636,0.06270374472900314,0.2524472120781544,-0.05944541694865698,0.019949987640104305,-0.17051203718013497,0.06270374472900314,0.18167584987102636,5,33
121033.65199995041,59.02199983596802,121.43871663833333,31.02917188166667,16.196,121.43871730407105,31.029171677593087,16.37032831948504,-451.9237562422164,-151.18484755562002,-0.9199196498052373,-451.86019555260987,-151.20747325292058,-0.7455913303201989,0.18692875719455895,0.06746849110380881,0.24990233652395233,-0.06356158785177174,0.02262568985879179,-0.17432831948503846,0.06746849110380881,0.18692875719455895,5,33
121033.75200009346,59.121999979019165,121.43870726833332,31.029168953333336,16.195,121.43870797972252,31.02916872814056,16.37188695861183,-452.8183483037658,-151.50951271584825,-0.9209196498052385,-452.7504290801396,-151.53447990364992,-0.7440326911934072,0.19111647702917456,0.07236374551596451,0.24662865366351505,-0.06792018557612538,0.02496717958448581,-0.17688695861183135,0.07236374551596451,0.19111647702917456,5,34
121033.85199999809,59.22199988365173,121.43869795999998,31.029166078333333,16.194000000000003,121.43869866953243,31.029165785083205,16.375609698523366,-453.70705279617636,-151.8282647938976,-0.9219196498052362,-453.6393108446964,-151.86077752040106,-0.7403099512818727,0.19654073764554378,0.07514106038982611,0.24522320315405374,-0.06774291304155025,0.03251271580708779,-0.1816096985233635,0.07514106038982611,0.19654073764554378,5,33
121033.95199990273,59.3219997882843,121.43868865666667,31.029163151666662,16.196,121.43868935674315,31.02916283122481,16.378392064260357,-454.59527991726264,-152.15274517088076,-0.9199196498052373,-454.52844076305,-152.18827265117642,-0.737527585544882,0.19747573464614165,0.0756954468173598,0.24271184593834488,-0.06684010505134984,0.035527468606759253,-0.18239206426035537,0.0756954468173598,0.19747573464614165,5,32
121034.05200004578,59.42199993133545,121.43867911666666,31.029160605,16.23,121.43868005590713,31.0291598823664,16.38436958201108,-455.5061025698267,-152.43509483681063,-0.8859196498052384,-455.416429457193,-152.5152134322166,-0.73155006779416,0.19567945571923773,0.1202517423586954,0.23561147496425966,-0.08967439114984747,0.08011856908486456,-0.15436958201107842,0.1202517423586954,0.19567945571923773,5,35
121034.15199995041,59.52199983596802,121.43866959,31.02915795,16.263,121.43867082058311,31.029156962465024,16.388237708459155,-456.41565223381224,-152.72945545175378,-0.8529196498052372,-456.2981634517837,-152.83894373837273,-0.7276819413460842,0.20365698865713713,0.1605978997645782,0.2484551469707916,-0.11749046078234175,0.10948825066620853,-0.12523770845915294,0.1605978997645782,0.20365698865713713,5,36
121034.25200009346,59.621999979019165,121.43866037833335,31.029155085000003,16.263,121.43866164423973,31.02915404315748,16.388943118807855,-457.29512756267263,-153.0470988261012,-0.8529196498052372,-457.17426632703746,-153.16260820657632,-0.7269765309973835,0.20931300484747975,0.16718332698936197,0.23014374949415525,-0.12086296627636547,0.11550934250574743,-0.1259431188078537,0.16718332698936197,0.20931300484747975,5,34
121034.35199999809,59.72199988365173,121.438651335,31.029152113333332,16.264,121.43865247762393,31.029151122072015,16.39179755904321,-458.15853142834214,-153.3765683655116,-0.8519196498052395,-458.04944046755793,-153.48646979298786,-0.7241220907620303,0.20077776571188413,0.15485314044879328,0.22654980631819233,-0.10909252626193648,0.10990139134989324,-0.12779755904320922,0.15485314044879328,0.20077776571188413,5,34
121034.45199990273,59.8219997882843,121.43864219166666,31.029149245,16.287,121.43864333072004,31.02914820717043,16.39527547541138,-459.03148269863306,-153.69458130775965,-0.8289196498052398,-458.9227326344235,-153.8096457712718,-0.7206441743938576,0.19180802190207671,0.1583247886163968,0.22738435846148622,-0.10875162816644779,0.11506442569957667,-0.10827547541138216,0.1583247886163968,0.19180802190207671,5,34
121034.55200004578,59.92199993133545,121.438633275,31.029146281666666,16.29,121.43863424208863,31.029145302396223,16.398461478678605,-459.88279317766546,-154.02312692812365,-0.8259196498052397,-459.7904612889276,-154.13169892376706,-0.7174581711266335,0.1791010504132196,0.14252471330253177,0.2436092277892077,-0.09233321942972357,0.10857195996992684,-0.10846147867860623,0.14252471330253177,0.1791010504132196,5,34
121034.65199995041,60.02199983596802,121.43862435166666,31.029143214999998,16.310000000000002,121.43862520685406,31.029142410424807,16.40170373429998,-460.7347401534163,-154.36312914423948,-0.8059196498052366,-460.6530919304833,-154.4523326274107,-0.7142159155052603,0.1517677697649982,0.12092923986729123,0.242452924341402,-0.08164940215976489,0.08920345386717848,-0.09170373429997625,0.12092923986729123,0.1517677697649982,5,33
121034.75200009346,60.121999979019165,121.43861537333332,31.029140376666668,16.328,121.43861619501256,31.029139522454283,16.402954716362853,-461.5919382015876,-154.67781597820272,-0.7879196498052394,-461.5134891392824,-154.7725227512606,-0.712964933442386,0.144020866513252,0.12297886194867858,0.23776581995309884,-0.07845019770961173,0.094706741922183,-0.07495471636285345,0.12297886194867858,0.144020866513252,5,34
121034.85199999809,60.22199988365173,121.43860641833335,31.029137371666668,16.324,121.43860718303262,31.02913662796723,16.40407770074521,-462.4469085185319,-155.0109811930933,-0.7919196498052372,-462.37389956581603,-155.09343536400132,-0.7118419490600303,0.13616749163230282,0.11013240949327471,0.2487139738320371,-0.07301001160543588,0.08245414377803255,-0.08007770074520693,0.11013240949327471,0.13616749163230282,5,34
121034.95199990273,60.3219997882843,121.43859756333335,31.02913437333333,16.339,121.43859818900694,31.02913375048494,16.404939153292755,-463.29233143085474,-155.34340727359313,-0.7769196498052402,-463.23259582635023,-155.41246265418522,-0.7109804965124837,0.11262797411723542,0.09130765913540341,0.26828756892001104,-0.05973647268710524,0.06905535784926284,-0.06593915329275646,0.09130765913540341,0.11262797411723542,4,33
121035.05200004578,60.42199993133545,121.43858864166666,31.029131574999997,16.35,121.43858925711558,31.029130914683723,16.405838867814914,-464.1441192860699,-155.65365929627484,-0.7659196498052374,-464.0853598699337,-155.7268687517278,-0.7100807819903245,0.10922623102775068,0.0938743329439749,0.2717626972838081,-0.05876027188032343,0.07320943132019757,-0.055838867814912874,0.0938743329439749,0.10922623102775068,4,32
121035.15199995041,60.52199983596802,121.438580005,31.029128730000004,16.365000000000002,121.43858039094928,31.02912810314417,16.404546879126265,-464.9686970243884,-155.9690852646289,-0.7509196498052368,-464.9318488735695,-156.0385849514305,-0.7113727706789739,0.0880453563232767,0.07866402685767812,0.2838406654485342,-0.03684868853270309,0.06949966384728304,-0.03954687912626298,0.07866402685767812,0.0880453563232767,4,32
121035.25200009346,60.621999979019165,121.43857119499998,31.029125970000003,16.376,121.43857155376847,31.029125300346685,16.403859801154223,-465.8098236045101,-156.27508725927416,-0.7399196498052376,-465.77557051696203,-156.34933191573228,-0.7120598486510161,0.08638137648542368,0.08176535747591242,0.271805211056253,-0.03425358839222546,0.0742446318963179,-0.027859801154221486,0.08176535747591242,0.08638137648542368,4,32
121035.35199999809,60.72199988365173,121.43856247833334,31.029122931666667,16.429000000000002,121.43856274656854,31.029122505170026,16.40558585133127,-466.64203926944094,-156.6119481510555,-0.6869196498052368,-466.6164297616599,-156.65923395693926,-0.7103337984739682,0.05865180664596687,0.05377557126571905,0.2741227207284438,-0.025609882994684,0.04728579023293387,0.02341414866873137,0.05377557126571905,0.05865180664596687,5,32
121035.45199990273,60.8219997882843,121.43855372499999,31.02912012,16.404,121.43855401512673,31.02911971609945,16.408033887433685,-467.477755651748,-156.9236784439293,-0.7119196498052389,-467.45005607055094,-156.9684590146191,-0.7078857623715535,0.05280965592042659,0.0526553654493652,0.29062828265913576,-0.02769998785084113,0.044780555866016855,-0.004033887433685379,0.0526553654493652,0.05280965592042659,5,32
121035.5529999733,60.9229998588562,121.43854510833334,31.029117366666664,16.412,121.43854529860775,31.029116921423803,16.40832498834689,-468.30042390719876,-157.2289413041838,-0.7039196498052398,-468.28225763591706,-157.27830550829339,-0.7075946614583479,0.05272904194295059,0.05260081894391913,0.29389658197163043,-0.01816653850951636,0.04936418774935147,0.003675011653108129,0.05260081894391913,0.05272904194295059,5,32
121035.65300011635,61.02300000190735,121.43853693000001,31.029114546666666,16.359,121.43853674273042,31.029114178845262,16.40865948187225,-469.0812426989639,-157.541595516104,-0.7569196498052371,-469.0991220888022,-157.58237598104427,-0.70726016793299,0.06669926057494618,0.0445278252492139,0.3089693252736799,0.01787965335931388,0.040780451409655916,-0.04965948187224711,0.0445278252492139,0.06669926057494618,5,32
121035.75300002098,61.12299990653992,121.43852847833332,31.029111816666667,16.362000000000002,121.43852825125612,31.029111437752004,16.40832698041166,-469.88815773715356,-157.8442714017592,-0.753919649805237,-469.90983772248126,-157.8862817795722,-0.7075926693935806,0.06618984386697759,0.047274795790916695,0.306517185544398,0.021680305484646945,0.042010363854235566,-0.04632698041165639,0.047274795790916695,0.06618984386697759,5,33
121035.85299992561,61.222999811172485,121.43852004,31.029109020000003,16.367,121.43851982932706,31.02910872449934,16.407729587945152,-470.6937997843355,-158.15433863978535,-0.748919649805238,-470.7139135883613,-158.18710088375764,-0.7081900618600869,0.056007502479302924,0.03844399822842742,0.318822095089286,0.0201141016226281,0.03276223306952566,-0.040729587945151025,0.03844399822842742,0.056007502479302924,5,33
121035.95300006866,61.32299995422363,121.43851171666665,31.02910635,16.371000000000002,121.43851149220798,31.029106052990706,16.408373048401828,-471.4884623177818,-158.45036230957618,-0.7449196498052366,-471.5098923006275,-158.48329181536312,-0.7075466014034113,0.054225032559301466,0.039288794957495536,0.3162241492688282,0.021430300516556,0.03292949481820555,-0.037373048401825315,0.039288794957495536,0.054225032559301466,5,35
121036.0529999733,61.4229998588562,121.438503525,31.029103693333333,16.346,121.43850326623252,31.02910340637077,16.407618873810865,-472.27055409326675,-158.7449077077644,-0.7699196498052387,-472.29525967902197,-158.77672332972918,-0.708300775994374,0.073617272649023,0.04028172318262115,0.32227466994515447,0.024705952662701137,0.031815611350242655,-0.06161887381086473,0.04028172318262115,0.073617272649023,5,35
121036.15300011635,61.52300000190735,121.43849543,31.029101085,16.344,121.43849514110153,31.029100791173544,16.40812792670517,-473.0434167100602,-159.03409437491948,-0.7719196498052376,-473.0709990248568,-159.0666709992107,-0.707791723100069,0.07703527408540818,0.04268538941968877,0.3257414921974345,0.027582725182705117,0.03257661341216798,-0.06412792670516865,0.04268538941968877,0.07703527408540818,5,35
121036.25300002098,61.62299990653992,121.43848751166666,31.029098169999997,16.308,121.43848709601288,31.029098213495597,16.408278788335174,-473.79941224154993,-159.35728126495562,-0.807919649805239,-473.83909640175057,-159.35245889534644,-0.7076408614700647,0.10795355548451731,0.03997667759804533,0.34536452143654967,0.03968475171499004,-0.004822367996913426,-0.10027878833517434,0.03997667759804533,0.10795355548451731,5,36
121036.35299992561,61.722999811172485,121.43847980666666,31.029095676666664,16.274,121.43847915067919,31.029095648226434,16.40812383272366,-474.5350399703595,-159.63371784941188,-0.8419196498052379,-474.5976697680285,-159.63687102631278,-0.7077958170815783,0.14805996664590443,0.06271005675888133,0.36213096265418204,0.06263073287764022,0.0031531758453651757,-0.13412383272365958,0.06271005675888133,0.14805996664590443,5,36
121036.45300006866,61.82299995422363,121.43847200500001,31.029093116666665,16.271,121.43847130356463,31.02909309177389,16.40868429204126,-475.27989686028985,-159.91754578694434,-0.844919649805238,-475.3468657528474,-159.9203056555489,-0.7072353577639774,0.1531324521263733,0.06702673809259153,0.34867111033956566,0.06696989435352797,0.0027598676798284475,-0.13768429204126065,0.06702673809259153,0.1531324521263733,5,36
121036.5529999733,61.9229998588562,121.43846423333335,31.029090495,16.249,121.43846356568379,31.029090556848328,16.407243106433455,-476.02188952713334,-160.20821072499677,-0.8669196498052401,-476.0856327482861,-160.20135358301283,-0.7086765433717837,0.17073728684540473,0.06411193637396864,0.353519647704207,0.0637441763692906,-0.0068571396821544275,-0.1582431064334564,0.06411193637396864,0.17073728684540473,5,35
121036.65300011635,62.02300000190735,121.43845656333333,31.029088001666665,16.224,121.43845596558334,31.029088035655207,16.407234195316818,-476.75417566396106,-160.48464730945307,-0.8919196498052386,-476.81124528953416,-160.4808789902803,-0.7086854544884211,0.1919531466312849,0.057194756475134466,0.35443042079492804,0.057070482286440086,-0.0037683179063162414,-0.1832341953168175,0.057194756475134466,0.1919531466312849,5,35
121036.75300002098,62.12299990653992,121.43844912833335,31.029085490000003,16.21,121.43844850043196,31.0290855374821,16.40877059711753,-477.464025392276,-160.76311651524713,-0.905919649805238,-477.52397369517627,-160.75785216184312,-0.7071490526877078,0.2076809350555911,0.06017990118889482,0.3655514105825747,0.059949204406550265,-0.00526435163403797,-0.1987705971175302,0.06017990118889482,0.2076809350555911,5,35
121036.85299992561,62.222999811172485,121.43844183166667,31.029083016666664,16.206,121.43844116393403,31.029083071908584,16.410841155501014,-478.16066787562823,-161.03733569512053,-0.9099196498052393,-478.22441903082284,-161.03121100732332,-0.7050784943042245,0.21461999673754542,0.0640456400751299,0.3855201186080157,0.06375211555115949,-0.006124685737627103,-0.20484115550101478,0.0640456400751299,0.21461999673754542,5,36
121036.95300006866,62.32299995422363,121.43843485333333,31.029080538333332,16.223,121.43843394062598,31.029080596798465,16.41241683889956,-478.8269177803548,-161.31210922543437,-0.8929196498052399,-478.9140576671436,-161.3056271791635,-0.7035028109056789,0.2086009223301692,0.0873819543057664,0.39157039802672466,0.0871412017515645,-0.006482044090267956,-0.18941683889956096,0.0873819543057664,0.2086009223301692,5,36
121037.0529999733,62.4229998588562,121.43842749166667,31.029078156666667,16.226,121.4384267942104,31.029078118375338,16.41708780597435,-479.5297660763467,-161.57616529438724,-0.8899196498052397,-479.5963550677445,-161.58041066489966,-0.698831843830888,0.2024025706023996,0.06672519010364727,0.3729180370687033,0.06658999801542016,0.004245369085745866,-0.1910878059743517,0.06672519010364727,0.2024025706023996,5,35
121037.15300011635,62.52300000190735,121.43842017333333,31.029075303333336,16.262,121.43841977327035,31.029075612974804,16.421058534200355,-480.22847716553156,-161.89251518178762,-0.8539196498052384,-480.2666728062128,-161.85818514357985,-0.6948611156048834,0.16714400733363213,0.05135661481814954,0.3963583556630487,0.03819621910345686,-0.0343300266789948,-0.15905853420035498,0.05135661481814954,0.16714400733363213,5,36
121037.25300002098,62.62299990653992,121.438413525,31.029072725,16.255,121.43841285384892,31.029073104508704,16.426201919086974,-480.86322062358954,-162.17837574136314,-0.8609196498052398,-480.92729815066923,-162.13629950232408,-0.6897177307182645,0.18758080888051631,0.07665808999189545,0.43147183815255824,0.0640784991797265,-0.04207622492666533,-0.17120191908697535,0.07665808999189545,0.18758080888051631,5,36
121037.35299992561,62.722999811172485,121.43840684833334,31.029070123333334,16.261,121.43840606812446,31.02907055986618,16.428886877239353,-481.50066917934015,-162.46682327412745,-0.8549196498052396,-481.5751588997302,-162.41842475162355,-0.6870327725658854,0.18994026971407532,0.0888330034946116,0.4130995385169183,0.07449085246175297,-0.04839850627235337,-0.16788687723935425,0.0888330034946116,0.18994026971407532,5,36
121037.45300006866,62.82299995422363,121.43840023666668,31.02906748666667,16.256,121.43839937767612,31.02906798322736,16.431456721541366,-482.13191192245125,-162.75915126632228,-0.8599196498052386,-482.2139232504738,-162.7040974396291,-0.6844629282638728,0.20135055416561404,0.09877744949509216,0.43852048311903186,0.08201257664615506,-0.05505380822989471,-0.17545672154136582,0.09877744949509216,0.20135055416561404,5,36
121037.5529999733,62.9229998588562,121.43839363666666,31.029064934999997,16.259999999999998,121.43839278323017,31.029065372481547,16.435913963070874,-482.7620408048073,-163.04205528480838,-0.8559196498052408,-482.8435218614158,-162.99355157941713,-0.6800056867343649,0.19984417776134228,0.09482601426721186,0.4492150766388693,0.08148229943801105,-0.048503689139072416,-0.17591396307087592,0.09482601426721186,0.19984417776134228,5,36
121037.65300011635,63.02300000190735,121.43838725666667,31.029062223333334,16.256999999999998,121.43838630041095,31.0290627174757,16.4392272322032,-483.37116538533564,-163.34269854842054,-0.8589196498052409,-483.4624630136695,-163.2879128424924,-0.6766924176020375,0.21105389692511478,0.10647527060701345,0.45275825149274546,0.091299023475329,-0.05478568757703115,-0.18222723220320347,0.10647527060701345,0.21105389692511478,1,36
121037.75300002098,63.12299990653992,121.43838087,31.029059388333334,16.262,121.43837996537297,31.029060013637636,16.441426078226755,-483.98092646258243,-163.6570158151884,-0.8539196498052384,-484.06729488891773,-163.58768814716683,-0.6744935715784841,0.21085486325334934,0.11075222710968527,0.4662020368645471,0.08636974862195426,-0.06932764479438007,-0.17942607822675427,0.11075222710968527,0.21085486325334934,5,36
121037.85299992561,63.222999811172485,121.43837434666666,31.02905652666667,16.264,121.43837380192537,31.02905728097809,16.44239932702816,-484.60373566425613,-163.97428962234042,-0.8519196498052395,-484.65574433318005,-163.89065889767673,-0.6735203227770796,0.20377781509259194,0.09848389736302204,0.4666011062082359,0.05200946666092478,-0.083630696621853,-0.17839932702815986,0.09848389736302204,0.20377781509259194,5,36
121037.95300006866,63.32299995422363,121.438368025,31.02905416333333,16.273,121.43836780266764,31.02905454176207,16.444995604600663,-485.2072909240048,-164.23631306995546,-0.8429196498052391,-485.2285179012982,-164.19435656680312,-0.6709240452045755,0.17830713219623692,0.04702069108486684,0.43232319745831715,0.021227303500261308,-0.04195648908340961,-0.17199560460066365,0.04702069108486684,0.17830713219623692,5,36
121038.0529999733,63.4229998588562,121.43836226166668,31.029051244999998,16.283,121.43836195954349,31.02905181777248,16.44730385861892,-485.75753982771994,-164.55986952648172,-0.8329196498052376,-485.7863847604814,-164.49636607671712,-0.6686157911863191,0.17849509559316754,0.06974769669134931,0.46500385616519224,0.028845376869021232,-0.06350342846675756,-0.1643038586189185,0.06974769669134931,0.17849509559316754,5,36
121038.15300011635,63.52300000190735,121.43835659833333,31.029048505,16.282,121.4383562839177,31.029049087702475,16.449820356694556,-486.29824132681364,-164.86365411583887,-0.8339196498052388,-486.3282598685716,-164.79904972444217,-0.6660992931106833,0.18231439152843354,0.07123808838883249,0.4753983443813193,0.03001900480295798,-0.06460436972786822,-0.16782035669455553,0.07123808838883249,0.18231439152843354,5,36
121038.25300002098,63.62299990653992,121.43835102166668,31.029046010000002,16.319,121.4383508016202,31.02904630241655,16.45249911548477,-486.8306684050057,-165.14027548354022,-0.7969196498052398,-486.85167713784773,-165.1078551768696,-0.6634205343204691,0.13897650849317564,0.03863231908308881,0.4624143362676804,0.02100905752817359,-0.03242029579623666,-0.13349911548477067,0.03863231908308881,0.13897650849317564,5,36
121038.35299992561,63.722999811172485,121.43834574333331,31.029043176666665,16.320999999999998,121.43834551386705,31.029043468642417,16.456517786585987,-487.3346123874398,-165.45440796635773,-0.7949196498052409,-487.3565204655364,-165.42203653124736,-0.6594018632192515,0.14104239908707325,0.03908820613780436,0.4682669216637355,0.0219084173444214,-0.0323714242586597,-0.13551778658598934,0.03908820613780436,0.14104239908707325,5,36
121038.45399999619,63.823999881744385,121.43834047833334,31.029040375,16.374,121.43834032655836,31.029040607756098,16.461809083139855,-487.83728337643686,-165.76502955623485,-0.7419196498052401,-487.85177395144024,-165.73922382087096,-0.6541105666653841,0.09266258086984308,0.029595925591170188,0.49601244560939933,0.014490799835909372,-0.025805726723223503,-0.08780908313985591,0.029595925591170188,0.09266258086984308,4,36
121038.55399990082,63.92399978637695,121.43833528833332,31.02903777166667,16.442,121.43833539165348,31.029037755408606,16.46573407244088,-488.3327938150043,-166.05366187294948,-0.6739196498052387,-488.3229294179634,-166.0554644087929,-0.6501855773643577,0.02576557164919644,0.010027885508963923,0.4607623320349147,-0.009864550394665952,0.001802535240150502,-0.023734072440880993,0.010027885508963923,0.02576557164919644,4,36
121038.65400004387,64.0239999294281,121.43833054666666,31.02903493166667,16.464,121.43833063181197,31.029034892519807,16.46905002190926,-488.785500042379,-166.3685334901578,-0.6519196498052402,-488.7773708732304,-166.37287371434854,-0.6468696278959776,0.01050836354903729,0.009215366688021863,0.4721929144490302,-0.008129295773572947,0.0043402227385782935,-0.005050021909262625,0.009215366688021863,0.01050836354903729,4,36
121038.7539999485,64.12399983406067,121.43832597999999,31.029032006666665,16.47,121.43832607057323,31.02903195885624,16.472570013660608,-489.2214983074148,-166.69282908319062,-0.64591964980524,-489.2128509112425,-166.6981298384877,-0.6433496361446309,0.01046340063953915,0.010142868565045648,0.48469300791335845,-0.00864753113930296,0.005300753524035693,-0.0025700136606090496,0.010142868565045648,0.01046340063953915,4,35
121038.85400009155,64.22399997711182,121.438321595,31.029029214999998,16.503,121.43832172354938,31.029028987451667,16.475147833387393,-489.6401521133933,-167.00234197007106,-0.6129196498052387,-489.6278789815989,-167.02757031915158,-0.6407718164178462,0.0395328576257436,0.02805536752639087,0.488326373776801,-0.01227332373724101,0.02522834064067123,0.027852166612607476,0.02805536752639087,0.0395328576257436,4,35
121038.95399999619,64.32399988174438,121.43831744833332,31.029026261666665,16.517,121.43831757814611,31.02902602083538,16.4772432421422,-490.0360512697876,-167.32977888743838,-0.5989196498052394,-490.0236575143221,-167.35647992106743,-0.6386764076630378,0.04946872247962609,0.029437301309777827,0.49889063597836775,-0.01239394968299108,0.026701024693036268,0.03975675785779842,0.029437301309777827,0.04946872247962609,4,35
121039.05399990082,64.42399978637695,121.43831352999999,31.029023194999997,16.524,121.4383136034491,31.02902306293178,16.481311243386354,-490.4101505095291,-167.6697811035542,-0.5919196498052379,-490.4031380239635,-167.6844235451692,-0.6346084064188844,0.04567173515821312,0.016235068559843413,0.5097901864198825,-0.007012595676546078,0.014642436717298911,0.04268875661364646,0.016235068559843413,0.04567173515821312,4,35
121039.15400004387,64.5239999294281,121.43830972333332,31.029020251666665,16.544,121.43830976102224,31.0290201054507,16.48603957279792,-490.7735884790357,-167.99610931792483,-0.5719196498052384,-490.76999016517203,-168.01232032391707,-0.6298800770073179,0.060292254321561524,0.01660556562506369,0.5238061692567726,-0.003598370478632149,0.016211000574511296,0.0579604272020795,0.01660556562506369,0.060292254321561524,4,35
121039.2539999485,64.62399983406067,121.43830620166666,31.029017123333333,16.555,121.4383060911706,31.029017084619984,16.49016283004936,-491.10981633893334,-168.34294853526586,-0.5609196498052391,-491.1203658475255,-168.34724069541682,-0.6257568197558783,0.06582990866227934,0.011389392752731613,0.5716032475612589,0.01054967491544474,0.004292158717290335,0.06483716995063915,0.011389392752731613,0.06582990866227934,5,35
121039.35400009155,64.72399997711182,121.43830273666666,31.029014016666665,16.561,121.4383026272798,31.029013952436063,16.492230477432113,-491.4406340010164,-168.68738556336845,-0.5549196498052389,-491.4510776098282,-168.69450682871496,-0.6236891723731262,0.06992161348155124,0.012640601158500825,0.5849461560579546,0.01044377381061083,0.007121262966713962,0.06876952256788726,0.012640601158500825,0.06992161348155124,5,35
121039.45399999619,64.82399988174438,121.43829951499998,31.029010798333335,16.593,121.43829932454243,31.02901075309925,16.492119735358145,-491.7482196373325,-169.0442031062692,-0.5229196498052389,-491.7664033970302,-169.04921822219183,-0.623799914447094,0.10262864488960105,0.018862951987032625,0.6085623231399683,0.018184047590784992,0.005015114244079042,0.10088026464185518,0.018862951987032625,0.10262864488960105,4,35
121039.55399990082,64.92399978637695,121.43829628666666,31.029007601666663,16.592,121.43829616617391,31.029007529396313,16.49244484217324,-492.0564417679377,-169.39861846063675,-0.5239196498052401,-492.06794570094223,-169.40663109525593,-0.6234748076320002,0.10053743777564629,0.014019520126624286,0.6213210376785289,0.01150411552769473,0.008012631933782833,0.09955515782676017,0.014019520126624286,0.10053743777564629,4,35
121039.65400004387,65.0239999294281,121.43829322166667,31.029004413333336,16.596,121.43829313059105,31.029004309492088,16.49623138908136,-492.3490697993884,-169.75210989454746,-0.5199196498052387,-492.35776515934543,-169.76362280374215,-0.6196882607238798,0.10080642044620179,0.0144277052416945,0.6297878673706226,0.008695498216570022,0.011512905337352799,0.09976861091864109,0.0144277052416945,0.10080642044620179,5,35
121039.7539999485,65.12399983406067,121.43829034999999,31.029001193333336,16.601,121.43829026314997,31.029001065957686,16.50031982634524,-492.6232395110267,-170.1091122221038,-0.5149196498052397,-492.63153143734934,-170.12323439698824,-0.6155998234599984,0.10200338862231625,0.016376627347622987,0.6428850213694682,0.008292058453740557,0.014122170154854487,0.10068017365475868,0.016376627347622987,0.10200338862231625,5,35
121039.85400009155,65.22399997711182,121.43828759833335,31.028998103333333,16.595,121.4382876093387,31.02899776526579,16.503916576311276,-492.8859523327467,-170.45170141211364,-0.52091964980524,-492.8849016066554,-170.48918305802317,-0.6120030734939625,0.09849957853046384,0.03749635848745404,0.6303749313759388,-0.0010507428713561655,0.037481633358725994,0.09108342368872258,0.03749635848745404,0.09849957853046384,5,35
121039.95399999619,65.32399988174438,121.43828491666666,31.028994694999998,16.608999999999998,121.43828518204359,31.028994409676322,16.50496415232695,-493.14198197293194,-170.82958431054104,-0.5069196498052406,-493.11664535634736,-170.8612182284173,-0.6109554974782903,0.11165180867032688,0.04052985045994245,0.6605869512120092,-0.02533702210189808,0.03163390727231186,0.10403584767304963,0.04052985045994245,0.11165180867032688,5,34
121040.05399990082,65.42399978637695,121.43828287333332,31.0289915,16.616,121.4382829416836,31.02899099779605,16.50465053362371,-493.3370673280422,-171.183814880253,-0.4999196498052392,-493.3305416491401,-171.23949437660463,-0.6112691161815285,0.12466552749480692,0.056060592962205474,0.6543763412493703,-0.0065257835790369775,0.05567947765517968,0.11134946637628929,0.056060592962205474,0.12466552749480692,5,36
121040.15400004387,65.5239999294281,121.4382808,31.02898807,16.622,121.43828086653825,31.02898752220109,16.50699935053163,-493.53501690381,-171.56409996791888,-0.49391964980523895,-493.5286642263729,-171.62483459089145,-0.6089202992736098,0.13020829134730622,0.061065945971857945,0.6635599168992042,-0.006352779572101611,0.060734602568438385,0.11500064946837085,0.061065945971857945,0.13020829134730622,5,35
121040.2539999485,65.62399983406067,121.43827903000002,31.028984663333336,16.625999999999998,121.4382789509875,31.028983980303625,16.509433197501092,-493.70400601006634,-171.94179808169068,-0.48991964980524116,-493.7115496585933,-172.01752578223247,-0.6064864523041464,0.13920994463849695,0.07610249169005309,0.6632285329513415,0.0075437700917132585,0.07572767508802823,0.11656680249890528,0.07610249169005309,0.13920994463849695,5,36
121040.35400009155,65.72399997711182,121.43827725499999,31.028980996666665,16.627,121.43827715021631,31.028980395289853,16.512640768923344,-493.8734724925054,-172.34832247126073,-0.48891964980523994,-493.88347661710736,-172.41499729146753,-0.603278880881895,0.1327540889593202,0.0674211717710047,0.6993204138066328,0.010004286196565506,0.06667479779251326,0.11435923107665502,0.0674211717710047,0.1327540889593202,5,36
121040.45399999619,65.82399988174438,121.43827560666665,31.028977393333335,16.634,121.43827550395297,31.028976745341165,16.515271525808185,-494.0308455883075,-172.74782507495,-0.4819196498052385,-494.0406520833626,-172.81966815362833,-0.600648123997054,0.1391188180136586,0.07250927486605317,0.7042584602283672,0.009806653835540613,0.071843054515734,0.11872847419181554,0.07250927486605317,0.1391188180136586,5,36
121040.55399990082,65.92399978637695,121.43827402500001,31.028973689999997,16.695,121.43827405633309,31.028973021768397,16.51689787168414,-494.18185374364646,-173.15841470860613,-0.42091964980523855,-494.1788622479379,-173.23250173848476,-0.5990217781210987,0.19292019528373755,0.07414737782063721,0.7087639682771774,-0.0029915442620192284,0.07408700493746999,0.17810212831586014,0.07414737782063721,0.19292019528373755,4,36
121040.65400004387,66.0239999294281,121.43827280666667,31.028969976666666,16.703,121.43827284842112,31.02896924976385,16.518781052633056,-494.29817299058783,-173.57011304455375,-0.41291964980523943,-494.29418652328656,-173.65070496894754,-0.597138597172183,0.2011158047203913,0.08069043524077592,0.7171230260766748,-0.003986532161849873,0.08059189723953884,0.18421894736694355,0.08069043524077592,0.2011158047203913,4,36
121040.7539999485,66.12399983406067,121.43827174000002,31.028966323333332,16.741999999999997,121.43827185168809,31.02896544830066,16.520934838599214,-494.40001199912933,-173.97515916322646,-0.3739196498052415,-494.3893486858665,-174.07217428741603,-0.5949848112060252,0.24165149186062507,0.09759937465635322,0.7029201669296764,-0.010663487184332245,0.0970150914774644,0.2210651614007837,0.09759937465635322,0.24165149186062507,5,36
121040.85400009155,66.22399997711182,121.438270905,31.028962583333335,16.753,121.4382710071545,31.028961644699017,16.52498767204889,-494.47973285237606,-174.38981403955822,-0.3629196498052387,-494.46997974569683,-174.49388069670692,-0.5909319777563482,0.25082784878486436,0.10452266753369087,0.7271444638741341,-0.00975326614868932,0.10406662206390341,0.22801232795110948,0.10452266753369087,0.25082784878486436,5,35
121040.95399999619,66.32399988174438,121.43827002000002,31.02895883833333,16.769,121.43827027486753,31.028957834976094,16.52973422311688,-494.5642274042895,-174.80502326844623,-0.3469196498052405,-494.5398941646204,-174.91626577438643,-0.5861854266883597,0.2649813667764577,0.11387279197085233,0.732856056648188,-0.024333638519602782,0.11124246845352866,0.23926577688311923,0.11387279197085233,0.2649813667764577,4,35
121041.05399990082,66.42399978637695,121.43826931,31.02895480666667,16.786,121.43826971495805,31.028954003375908,16.534099694266214,-494.63201399872275,-175.25201531210612,-0.32991964980523747,-494.59335100265554,-175.34107639028187,-0.5818199555390251,0.26996390633059425,0.09709143470202804,0.7775492812286419,-0.03866363137354251,0.08906104817207686,0.25190030573378763,0.09709143470202804,0.26996390633059425,4,35
121041.15400004387,66.5239999294281,121.43826897833333,31.028951008333333,16.798,121.43826940575156,31.02895013576037,16.537422991322227,-494.66367956592705,-175.67313762246772,-0.31791964980524057,-494.6228722068034,-175.76988003889406,-0.5784966584830116,0.2809355116420868,0.1049970678168964,0.7826809293116088,-0.04080803133599249,0.09674238382749617,0.260577008677771,0.1049970678168964,0.2809355116420868,5,35
121041.25500011444,66.625,121.43826881499999,31.028947031666668,16.799999999999997,121.43826936182177,31.02894620711752,16.53943666936718,-494.6792736650816,-176.1140318007037,-0.3159196498052417,-494.6270663633167,-176.20544980254195,-0.5764829804380582,0.2810270219640606,0.10527553278669319,0.8384450343808543,-0.05220816392591046,0.09141797100683964,0.26056333063281656,0.10527553278669319,0.2810270219640606,5,36
121041.35500001907,66.72499990463257,121.43826897833333,31.028943206666668,16.805999999999997,121.43826951890921,31.028942314660867,16.54202215480713,-494.66367956592705,-176.53811065215473,-0.30991964980524145,-494.61206858538065,-176.63700759235826,-0.5738974949981106,0.2865810224756788,0.1115543799701972,0.8508782812777461,-0.05161183497926728,0.09889690683033528,0.26397784519286915,0.1115543799701972,0.2865810224756788,5,36
121041.4549999237,66.82499980926514,121.43826921,31.028939153333333,16.783,121.43826984425432,31.02893842773877,16.546509708578817,-494.64156140577353,-176.9875048864636,-0.3329196498052376,-494.5810065616566,-177.0679517646706,-0.5694099412264215,0.25703378113749575,0.10069114513879342,0.8799849678998399,-0.06055584911944077,0.08044685106817472,0.23649029142118394,0.10069114513879342,0.25703378113749575,4,36
121041.55500006676,66.92499995231628,121.43826968833334,31.02893532,16.796,121.43827032379704,31.02893454045071,16.55286224507854,-494.59589297392307,-177.412507656961,-0.31991964980523946,-494.5352226659343,-177.49893651118245,-0.563057404726699,0.26507907958784604,0.1055980613784738,0.8981365603454895,-0.06067131743180889,0.0864288250989252,0.2431377549214595,0.1055980613784738,0.26507907958784604,4,36
121041.65499997139,67.02499985694885,121.43827043666667,31.02893146,16.801,121.43827097456858,31.028930654511186,16.55882935147101,-494.52444654157796,-177.84046696854782,-0.31491964980524045,-494.4730908569236,-177.9297717451084,-0.5570902983342272,0.2631719116577548,0.10301860063428875,0.9034183354965261,-0.05135654125215236,0.0893047464990694,0.24217064852898673,0.10301860063428875,0.2631719116577548,5,36
121041.75500011444,67.125,121.43827138666666,31.028927794999998,16.793,121.4382718183843,31.028926781707625,16.56340130451759,-494.4337461745956,-178.24680657416755,-0.3229196498052396,-494.39252833448455,-178.35915059088308,-0.5525183452876483,0.25891252909710427,0.11966677381894691,0.8857520407400339,-0.04121852930973377,0.11234397891198984,0.22959869548240874,0.11966677381894691,0.25891252909710427,5,36
121041.85500001907,67.22499990463257,121.43827246166666,31.028924076666666,16.808999999999997,121.43827287289294,31.028922914399086,16.56796529500482,-494.3311115463705,-178.65905926126086,-0.30691964980524133,-494.29185009860254,-178.78792020233237,-0.5479543548004173,0.2761238362255613,0.13470947969541378,0.8478287341040459,-0.0392621058684285,0.1288608977253589,0.24103470499517599,0.13470947969541378,0.2761238362255613,4,36
121041.9549999237,67.32499980926514,121.438273765,31.028920323333335,16.817999999999998,121.43827416372869,31.02891907464039,16.570445524336794,-494.2066770039219,-179.07519240848998,-0.297919649805241,-494.16860875246795,-179.21363535466784,-0.545474125468445,0.2861798304114244,0.1435816036734086,0.8313995398765479,-0.038068891095993374,0.13844289958011274,0.247554475663204,0.1435816036734086,0.2861798304114244,4,34
121042.05500006676,67.42499995231628,121.43827565833332,31.028916535,16.782,121.43827561923034,31.02891528080153,16.569152489896844,-494.0259127618171,-179.4952060158549,-0.3339196498052388,-494.0296460831428,-179.63425936144438,-0.546767159908395,0.2542711556339649,0.1391034076876581,0.8349181713683046,0.0037333842020246403,0.13905329867615115,0.21284751010315617,0.1391034076876581,0.2542711556339649,4,34
121042.15499997139,67.52499985694885,121.43827721166666,31.028912868333336,16.78,121.43827715166458,31.02891151154486,16.56872067395064,-493.87760970174156,-179.9017304047197,-0.3359196498052377,-493.8833383446875,-180.0521579338395,-0.5471989758545988,0.25942281760252994,0.15053652273439597,0.8569216876009658,0.005728739652563773,0.15042747827094774,0.21127932604936106,0.15053652273439597,0.25942281760252994,4,36
121042.25500011444,67.625,121.43827902833333,31.028909046666666,16.743,121.43827874520757,31.02890776928723,16.570939996908606,-493.7041651354606,-180.32543968897534,-0.3729196498052403,-493.7311963064343,-180.46706311470805,-0.5449796528966324,0.22448281614141757,0.14418006130866926,0.8681596936311156,0.027031628359955807,0.1416233778271824,0.17206000309139213,0.14418006130866926,0.22448281614141757,5,36
121042.35500001907,67.72499990463257,121.43828078333333,31.028905466666668,16.749,121.438280460264,31.028904083504052,16.575157666534206,-493.5366081383185,-180.72235531947578,-0.36691964980524006,-493.5674528844463,-180.87570695698417,-0.5407619832710324,0.23385742742378737,0.15642295054256017,0.8692952964000337,0.030845269250527246,0.1533515856497829,0.17384233346579236,0.15642295054256017,0.23385742742378737,5,35
121042.4549999237,67.82499980926514,121.43828268833335,31.028901986666664,16.756999999999998,121.4382823298015,31.02890049380113,16.579393283846233,-493.35473002817093,-181.1081839221251,-0.35891964980524094,-493.3889605258065,-181.27369835352096,-0.5365263659590056,0.2451752860788161,0.16901708576621888,0.8551757724379355,0.03423107948657345,0.16551437544240463,0.17760671615376467,0.16901708576621888,0.2451752860788161,5,35
121042.55500006676,67.92499995231628,121.43828466000001,31.028898506666664,16.732,121.43828434182478,31.028897013141943,16.582076129878015,-493.16648698241886,-181.49401252406918,-0.3839196498052395,-493.1968644679027,-181.6596000399438,-0.533843519927224,0.22543113530442213,0.16835091307232936,0.8898566885710038,0.03037800295871222,0.16558745987703136,0.1499238701219845,0.16835091307232936,0.22543113530442213,5,35
121042.65499997139,68.02499985694885,121.43828682333333,31.028895255,16.733999999999998,121.4382864548959,31.02889362129959,16.582706438069195,-492.95994473981943,-181.85452574386065,-0.3819196498052406,-492.99512096260105,-182.03565457809466,-0.5332132117360437,0.23861010697222954,0.18451298400814253,0.8857252179080061,0.03517682325199991,0.18112877290338666,0.15129356193080312,0.18451298400814253,0.23861010697222954,5,35
121042.75500011444,68.125,121.43828938833333,31.02889173,16.686,121.43828865006897,31.02889029477231,16.58215350189091,-492.71505374362266,-182.24534350823194,-0.4299196498052389,-492.78553884995944,-182.40446761568955,-0.5337661479143279,0.20266445110917455,0.1740367334037903,0.9415248312900243,0.07048631198572418,0.15912405348190808,0.10384649810908897,0.1740367334037903,0.20266445110917455,5,36
121042.85500001907,68.22499990463257,121.43829177,31.02888860666667,16.683,121.43829095340723,31.02888704248264,16.5840946763608,-492.4876663270189,-182.59162837442724,-0.432919649805239,-492.56562976572195,-182.76504990774694,-0.53182497344444,0.21432633291237457,0.19014077399519266,0.9599508243474947,0.07796477494172245,0.1734214744597032,0.09890532363920101,0.19014077399519266,0.21432633291237457,5,36
121042.9549999237,68.32499980926514,121.43829403,31.028886111666665,16.619,121.43829336779974,31.028883896326168,16.588166919456818,-492.27189492572796,-182.86824974283385,-0.49691964980523906,-492.33511787925846,-183.113865181911,-0.5277527303484213,0.2554894537460915,0.2536221246652071,0.8925495221515068,0.06322403924597474,0.24561535575186927,0.030833080543182234,0.2536221246652071,0.2554894537460915,5,37
121043.05500006676,68.42499995231628,121.43829668166667,31.02888305166667,16.583,121.43829589710145,31.0288808740402,16.592430190118456,-492.01872950862963,-183.20751282314836,-0.5329196498052404,-492.0936351443155,-183.44894689740528,-0.5234894596867825,0.25296313664370995,0.2527873019258563,0.9101484597749799,0.0749069244410375,0.24143399239903796,-0.009430190118457915,0.2527873019258563,0.25296313664370995,5,37
121043.15499997139,68.52499985694885,121.43829934833333,31.028880268333335,16.57,121.43829849698484,31.02887795438245,16.595449488150614,-491.7641319824171,-183.51610179168767,-0.5459196498052385,-491.8454136895457,-183.77265019288427,-0.5204701616546252,0.27031769760595514,0.26911703995075525,0.9240021033868409,0.08128310810217215,0.25654831421996716,-0.02544948815061332,0.26911703995075525,0.27031769760595514,5,37
121043.25500011444,68.625,121.438302065,31.02887760833333,16.57,121.43830113212658,31.02887512146674,16.597352431634498,-491.5047607502499,-183.81101675848183,-0.5459196498052385,-491.59382597584346,-184.08673637339658,-0.518567218170741,0.29103659278100324,0.2897484129745245,0.9293204427337987,0.08906676338675268,0.2757195214000341,-0.02735243163449752,0.2897484129745245,0.29103659278100324,5,36
121043.35500001907,68.72499990463257,121.43830440833332,31.028874879999996,16.546,121.43830379323636,31.02887238039597,16.5995721343946,-491.28103317641666,-184.11350786089196,-0.5699196498052395,-491.3397589882663,-184.39063967883737,-0.5163475154106401,0.28830679191003783,0.2832857791663126,0.9452556049144588,0.05872682750705521,0.27713172393073554,-0.0535721343945994,0.2832857791663126,0.28830679191003783,5,36
121043.4549999237,68.82499980926514,121.43830768666666,31.028872025000002,16.586,121.43830647262362,31.02886974326964,16.60310839161803,-490.9680373398566,-184.43004253224268,-0.5299196498052403,-491.08394697306494,-184.68301863438774,-0.5128112581872095,0.27879216356206676,0.2782667306737589,0.9589380905345364,0.11591164111206347,0.25297601636236283,-0.017108391618030794,0.2782667306737589,0.27879216356206676,5,33
121043.55500006676,68.92499995231628,121.43831049333333,31.02886968333333,16.585,121.43830919739374,31.028867215431738,16.60887304392607,-490.70007344328707,-184.68966379061928,-0.530919649805238,-490.8238020746542,-184.96328075066364,-0.507046605879168,0.3012398011600707,0.3002923501800585,0.9574000093228121,0.12373077809885893,0.273616867403517,-0.023873043926069926,0.3002923501800585,0.3012398011600707,5,34
121043.65499997139,69.02499985694885,121.43831289666666,31.028867189999996,16.619,121.43831182475245,31.028864751719535,16.620009067251697,-490.47061742328,-184.96610037507554,-0.49691964980523906,-490.57295743765053,-185.23643323200315,-0.4959105825535417,0.28905823811456766,0.2890564768435049,1.0150492572303038,0.10234179281554853,0.2703327657692996,-0.0010090672516973598,0.2890564768435049,0.28905823811456766,5,34
121043.75500011444,69.125,121.43831557666665,31.028865059999998,16.628,121.4383144655121,31.02886243459036,16.63144866935959,-490.2147469084889,-185.20225408798177,-0.4879196498052387,-490.32083335988983,-185.49333401114126,-0.48447098044564996,0.3098291222599893,0.3098099283109623,0.8957965581098013,0.1060882977089955,0.2910798254246611,-0.003448669359588763,0.3098099283109623,0.3098291222599893,5,33
121043.85500001907,69.22499990463257,121.43831828833332,31.028862630000003,16.634999999999998,121.43831725778557,31.028860312893084,16.636645504251973,-489.9558530476459,-185.4716688872625,-0.4809196498052408,-490.05424363886806,-185.72856719870273,-0.47927414555326564,0.2751008028013697,0.27509588149900543,0.9429404635118149,0.09839230585401001,0.25689822530808926,-0.0016455042519751828,0.27509588149900543,0.2751008028013697,5,33
121043.9549999237,69.32499980926514,121.43832138666667,31.028860169999998,16.599,121.43832013086387,31.028858233207696,16.632748051477172,-489.6600425447491,-185.74440979623856,-0.5169196498052386,-489.77993915297884,-185.9591425166793,-0.48317159832806666,0.24824330706829484,0.2459386275591898,1.1034415179807242,0.11989870017437239,0.2147326482447274,-0.03374805147717197,0.2459386275591898,0.24824330706829484,5,36
121044.05500006676,69.42499995231628,121.43832427500001,31.028858163333332,16.589,121.43832291034748,31.028856042127543,16.62610532284895,-489.38428159860223,-185.9668895073996,-0.5269196498052402,-489.5145705334573,-186.2020682039049,-0.4898143269562887,0.2714066811730332,0.2688582927894089,1.0942400499658567,0.13029121097074162,0.23517861710923732,-0.037105322848951516,0.2688582927894089,0.2714066811730332,5,36
121044.15599989891,69.5259997844696,121.43832708666666,31.028856138333335,16.579,121.43832562803205,31.028853826761072,16.624911461233182,-489.1158403331377,-186.19140183989845,-0.5369196498052382,-489.2551021202102,-186.44768652255058,-0.4910081885720565,0.2952696737951225,0.2916784496504877,1.1260673611802674,0.13926422313883063,0.2562845959944727,-0.04591146123318168,0.2916784496504877,0.2952696737951225,5,36
121044.25600004196,69.62599992752075,121.43832980500001,31.028854236666668,16.588,121.43832830503192,31.028851758099115,16.63019587012317,-488.8563099780056,-186.40224017135736,-0.5279196498052379,-488.99951803987426,-186.67703966927175,-0.48572377968206837,0.3127370651684495,0.3098773636049004,1.08496001952366,0.14321057017976668,0.27479940513674656,-0.0421958701231695,0.3098773636049004,0.3127370651684495,5,36
121044.3559999466,69.72599983215332,121.43833229833332,31.028852275000002,16.597,121.4383309928329,31.02884980737985,16.64359687298517,-488.6182612911669,-186.61973071938593,-0.5189196498052375,-488.74290273331025,-186.89331647599417,-0.47232277682006796,0.30423086387822035,0.3006412313108303,1.086923843022934,0.12464362805911407,0.2735856647347471,-0.04659687298516957,0.3006412313108303,0.30423086387822035,5,37
121044.45600008965,69.82599997520447,121.43833510833335,31.028850556666665,16.607999999999997,121.43833371321679,31.028847878499143,16.664616062741388,-488.3499791462381,-186.8102428311195,-0.5079196498052418,-488.48317660460424,-187.10717203529046,-0.4513035870638511,0.33032477686075984,0.3254367521466709,0.984173431386548,0.13319979745695312,0.2969291053521031,-0.05661606274139075,0.3254367521466709,0.33032477686075984,5,37
121044.55599999428,69.92599987983704,121.43833751333335,31.028848183333334,16.613999999999997,121.43833653737443,31.02884603203699,16.68183951527763,-488.12036400083673,-187.07337498102598,-0.5019196498052416,-488.21354277443965,-187.31188982586937,-0.4340801345276084,0.2649039120681488,0.2560700739951962,1.065003919053899,0.09318041197145778,0.2385147660433934,-0.06783951527763321,0.2560700739951962,0.2649039120681488,5,37
121044.65599989891,70.0259997844696,121.43834057333333,31.028846584999997,16.602,121.43833932296826,31.028844309895486,16.67958672590489,-487.8282133407103,-187.25058265820974,-0.5139196498052385,-487.947590786642,-187.50282415019424,-0.4363329239003484,0.289649623598943,0.2790648749204543,1.0496276108771092,0.1193795470589133,0.2522414084926928,-0.07758672590489013,0.2790648749204543,0.289649623598943,5,37
121044.75600004196,70.12599992752075,121.43834334333333,31.02884505666667,16.582,121.4383419111092,31.028842545519534,16.663157996319836,-487.56375015908765,-187.4200294144167,-0.5339196498052381,-487.7004904294644,-187.6984410203772,-0.4527616534854033,0.3206215078208638,0.3101798364024875,1.1619764016102998,0.13674267927044365,0.27841151301017436,-0.08115799631983478,0.3101798364024875,0.3206215078208638,5,37
121044.8559999466,70.22599983215332,121.43834505000001,31.028842715000003,16.558,121.4383444030915,31.02884068457845,16.65117303503839,-487.4008077400767,-187.679650672088,-0.557919649805239,-487.46257073032183,-187.90476409388725,-0.46474661476684886,0.2513404754043278,0.23343268862395522,1.0870494605683816,0.0617640793816424,0.22511334615332476,-0.09317303503839014,0.23343268862395522,0.2513404754043278,5,36
121044.95600008965,70.32599997520447,121.43834784666666,31.028840804999998,16.558999999999997,121.4383469394151,31.028838754367122,16.654568591218474,-487.13379858615576,-187.8914129225933,-0.5569196498052413,-487.2204175882841,-188.11876717976284,-0.4613510585867644,0.26139318204728923,0.24329619806590264,1.0917182146334425,0.08662053137180857,0.22735418082407996,-0.09556859121847694,0.24329619806590264,0.26139318204728923,5,37
121045.05599999428,70.42599987983704,121.43835055666665,31.02883907833333,16.558999999999997,121.43834956359211,31.02883686023177,16.66543467708128,-486.875063850707,-188.08284895266797,-0.5569196498052413,-486.9698767211066,-188.32877051181265,-0.4504849727239595,0.28424551270049025,0.2635662554367835,1.1068498032674794,0.09481454634193719,0.2459214769127342,-0.10643467708128185,0.2635662554367835,0.28424551270049025,5,37
121045.15599989891,70.5259997844696,121.43835327833334,31.028837436666663,16.566,121.43835221867084,31.028835036220954,16.675661179461926,-486.6152152472155,-188.26486100903392,-0.5499196498052399,-486.7163855418733,-188.53099911604923,-0.4402584703433128,0.30510786601288137,0.2847195736544177,1.0835862648106973,0.10117208506601269,0.26613801837645984,-0.1096611794619271,0.2847195736544177,0.30510786601288137,5,37
121045.25600004196,70.62599992752075,121.43835537000001,31.028835033333333,16.552,121.43835485565248,31.028833279069904,16.67945876987221,-486.41551531154494,-188.53131926722523,-0.5639196498052392,-486.46462216664014,-188.72581495910222,-0.43646087993302984,0.23766753178346323,0.20059939592807022,0.9586415226425763,0.0491077250688117,0.1944956271623418,-0.1274587698722094,0.20059939592807022,0.23766753178346323,5,36
121045.3559999466,70.72599983215332,121.43835772333333,31.028833005000003,16.537,121.4383574724817,31.02883155165352,16.6792595231599,-486.1908329974924,-188.7562011676247,-0.5789196498052398,-486.2147828232571,-188.91733411088794,-0.4366601266453394,0.21627573728786056,0.16290310804194447,0.9137696923842221,0.0239502504895489,0.1611328896011404,-0.14225952315990043,0.16290310804194447,0.21627573728786056,5,36
121045.45600008965,70.82599997520447,121.43836036666669,31.02883145,16.535,121.43836008929853,31.028829846958143,16.677002901602926,-485.9384631952191,-188.9286044663316,-0.5809196498052387,-485.9649446629354,-189.10633417832778,-0.4389167482023133,0.2290282658122772,0.17969174293029994,0.9235400368326536,0.026481937799496622,0.17772965269676466,-0.1420029016029254,0.17969174293029994,0.2290282658122772,4,36
121045.55599999428,70.92599987983704,121.43836295000001,31.028829591666668,16.518,121.43836270245295,31.02882814988451,16.677364269031166,-485.69182184154874,-189.13463841719783,-0.5979196498052382,-485.71545616890376,-189.29448922041044,-0.43855538077407274,0.2269533735170554,0.1615885624261024,0.8981287021608881,0.02363474731776095,0.159850749845473,-0.1593642690311654,0.1615885624261024,0.2269533735170554,4,36
121045.65599989891,71.0259997844696,121.43836555833335,31.028828015,16.496,121.43836529236887,31.028826462828235,16.679727731077577,-485.4427936361159,-189.30944390514316,-0.6199196498052402,-485.4681863472988,-189.4815336355525,-0.43619191872766194,0.253012939256128,0.17395306339386557,0.9035378709714144,0.025393162847781228,0.17208967297515643,-0.18372773107757823,0.17395306339386557,0.253012939256128,5,37
121045.75600004196,71.12599992752075,121.43836791166665,31.028825998333332,16.522,121.43836786684055,31.028824801805232,16.68290386868461,-485.21811132206335,-189.5330323193009,-0.5939196498052404,-485.22239105253715,-189.6656917342626,-0.43301578112063055,0.20858302985263985,0.13272838952098032,0.8289639693766139,0.004279806674562831,0.1326593707193783,-0.16090386868460982,0.13272838952098032,0.20858302985263985,4,36
121045.8559999466,71.22599983215332,121.43837060833333,31.028824521666667,16.493,121.43837042111991,31.028823175773635,16.68583800788719,-484.96064957033457,-189.6967507772793,-0.6229196498052403,-484.978523598743,-189.8459703256405,-0.4300816419180471,0.2444840451563712,0.1502862304075838,0.8647226733307389,0.01787434696792669,0.1492194986273293,-0.19283800788719319,0.1502862304075838,0.2444840451563712,5,36
121045.95600008965,71.32599997520447,121.438372925,31.028822241666663,16.487,121.43837294762757,31.028821574967132,16.688588494827634,-484.7394679687998,-189.94953503443065,-0.6289196498052405,-484.7373076234835,-190.0234522036188,-0.42733115497760465,0.21472385234533609,0.0739487087050878,0.7489548790858159,-0.002160383856014697,0.07391714456568652,-0.20158849482763586,0.0739487087050878,0.21472385234533609,4,35
121046.05599999428,71.42599987983704,121.43837516666666,31.02882099,16.472,121.43837550933249,31.028820042167776,16.688835697663773,-484.52544692498225,-190.0883076774519,-0.6439196498052375,-484.4927312220027,-190.19339410949692,-0.4270839521414658,0.24316913057385225,0.1100613750718597,0.7553260475432957,-0.032716287140940624,0.10508639701892963,-0.21683569766377175,0.1100613750718597,0.24316913057385225,4,35
121046.15599989891,71.5259997844696,121.43837788666666,31.028819248333335,16.487,121.43837810643097,31.028818545240725,16.687123031648056,-484.26575744688506,-190.28140676237425,-0.6289196498052405,-484.2447756523741,-190.35935884250077,-0.4287966181571825,0.2157915706677586,0.08072653947276957,0.7234239906297756,-0.020982169477858467,0.07795205410539897,-0.200123031648058,0.08072653947276957,0.2157915706677586,4,35
121046.25600004196,71.62599992752075,121.438380495,31.028817874999998,16.479,121.43838071852896,31.028817099840534,16.684637056176832,-484.01672923902277,-190.4336686253061,-0.6369196498052396,-483.9953880197876,-190.51961077814227,-0.4312825936284064,0.2238930805042513,0.08855231574955609,0.7457512534550375,-0.02134160093932325,0.08594212409497311,-0.20563705617683325,0.08855231574955609,0.2238930805042513,4,35
121046.3559999466,71.72599983215332,121.43838299333332,31.028816656666663,16.436999999999998,121.43838332887833,31.02881569852721,16.683768040536048,-483.7782031832892,-190.5687455928471,-0.6789196498052412,-483.7461673348902,-190.67497478973576,-0.43215160926919083,0.2705650252172336,0.11095479728610398,0.7643094165788848,-0.03203642184945825,0.10622916132533468,-0.2467680405360504,0.11095479728610398,0.2705650252172336,5,35
121046.45600008965,71.82599997520447,121.43838564,31.028815384999998,16.439999999999998,121.43838594854581,31.02881435398138,16.683956381931065,-483.52551513508575,-190.70973564186173,-0.6759196498052411,-483.4960570121572,-190.82404497291,-0.43196326787417405,0.27101502318928006,0.11804417185693392,0.7811409139501891,-0.02945865065168719,0.11430929275947428,-0.24395638193106706,0.11804417185693392,0.27101502318928006,5,36
121046.55599999428,71.92599987983704,121.43838832833332,31.02881378333333,16.451,121.43838858042665,31.02881305832585,16.685633665434793,-483.26884900546975,-190.88731288694615,-0.6649196498052383,-483.24478063064254,-190.96769467477407,-0.4302859843704461,0.24918565745282986,0.0839078954856636,0.7256786447080009,-0.02406880632861629,0.08038176090848351,-0.23463366543479225,0.0839078954856636,0.24918565745282986,5,32
121046.65599989891,72.0259997844696,121.43839107833334,31.028812486666666,16.497,121.43839122943382,31.028811826494973,16.686199371689707,-483.00629530428563,-191.03107469309987,-0.618919649805239,-482.9918691271736,-191.10426811874314,-0.42972027811553204,0.2033760021968786,0.07460158189881021,0.7126676902336313,-0.014426435933691546,0.07319340112370774,-0.1891993716897069,0.07460158189881021,0.2033760021968786,5,32
121046.75600004196,72.12599992752075,121.43839370166667,31.028811193333333,16.49,121.43839387464884,31.02881063089915,16.687453670073907,-482.75583498730924,-191.17446693205818,-0.6259196498052404,-482.739319676914,-191.2368241717937,-0.4284659797313317,0.2077237103449956,0.06450727101525568,0.6909174913649174,-0.016515606907680003,0.06235721884679141,-0.19745367007390868,0.06450727101525568,0.2077237103449956,5,34
121046.8559999466,72.22599983215332,121.43839633166665,31.02881008833333,16.485999999999997,121.43839651168415,31.028809443807884,16.688546127383166,-482.5047381784728,-191.29697860085068,-0.6299196498052417,-482.48755117589155,-191.36843732236758,-0.42737352242207294,0.2154685193935093,0.07349659265375681,0.6705615416752538,-0.01718731136929566,0.07145869757844135,-0.2025461273831688,0.07349659265375681,0.2154685193935093,5,32
121046.95700001717,72.32699990272522,121.43839897000001,31.028808831666666,16.483999999999998,121.43839918279507,31.028808265611204,16.68944366915405,-482.25284574995294,-191.4363055957229,-0.6319196498052406,-482.23252933877734,-191.4990643275689,-0.4264759806511904,0.2157742532929602,0.06596534839334747,0.6086008868891526,-0.020316776440662054,0.06275871081942226,-0.2054436691540502,0.06596534839334747,0.2157742532929602,5,32
121047.0569999218,72.42699980735779,121.43840157000001,31.028807735,16.477,121.43840178981031,31.028807097634385,16.68803369417101,-482.0046131593449,-191.55789334476378,-0.6389196498052385,-481.98362697511766,-191.62855825394033,-0.4278859556342276,0.22353787573898654,0.07371541096972069,0.5737214563062414,-0.020986561785518606,0.0706648854726124,-0.21103369417101092,0.07371541096972069,0.22353787573898654,5,32
121047.15700006485,72.52699995040894,121.43840401166666,31.028806078333332,16.503,121.43840436901449,31.028805915577088,16.687507433570282,-481.77149730142594,-191.74156845527213,-0.6129196498052387,-481.73737984809515,-191.7596132865854,-0.42841221623495684,0.18850106443865794,0.03859609114683879,0.5057487262724092,-0.03411806754953614,0.018044825255468015,-0.18450743357028188,0.03859609114683879,0.18850106443865794,4,35
121047.25699996948,72.6269998550415,121.43840664166667,31.02880488,16.509,121.4384069207738,31.028804705901557,16.68875067467034,-481.5204004901603,-191.87442801681976,-0.6069196498052385,-481.4937529954535,-191.8937303612786,-0.42716897513489727,0.18273751627965512,0.03290432815929195,0.5069127558798934,-0.026647974785274062,0.01930233797905764,-0.17975067467034123,0.03290432815929195,0.18273751627965512,5,35
121047.35700011253,72.72699999809265,121.43840915666667,31.02880366833333,16.507,121.43840944344596,31.028803467706137,16.690844219762333,-481.2802831974888,-192.00876584926473,-0.6089196498052374,-481.2529032104744,-192.03100944411372,-0.4250754300429058,0.18719819721498862,0.03527701660460124,0.45506170261879203,-0.027380480652685238,0.02224358738489007,-0.18384421976233156,0.03527701660460124,0.18719819721498862,5,34
121047.45700001717,72.82699990272522,121.43841167000001,31.028802380000002,16.503,121.43841192594896,31.028802197734613,16.69196959438823,-481.04032502778244,-192.15160373637207,-0.6129196498052387,-481.0158885386819,-192.17181155244307,-0.42395005541700925,0.1916116559797161,0.031709921224076044,0.4172806350696273,-0.02443692999848731,0.020207809289632048,-0.18896959438822947,0.031709921224076044,0.1916116559797161,5,33
121047.5569999218,72.92699980735779,121.43841411333332,31.028801033333334,16.52,121.43841436447792,31.028800892105217,16.692864160742896,-480.8070500444692,-192.30090905750924,-0.5959196498052393,-480.78307224792775,-192.3165670593986,-0.42305548906234236,0.17522027969841775,0.028637883096444963,0.42185042001103096,-0.02397822949384827,0.0156579966338607,-0.1728641607428969,0.028637883096444963,0.17522027969841775,5,33
121047.65700006485,73.02699995040894,121.43841641666668,31.028799645000003,16.521,121.43841675475488,31.028799542531022,16.69426086941688,-480.58714142908343,-192.45483397387827,-0.594919649805238,-480.5548627713127,-192.4661947391694,-0.42165878038835913,0.176607885374474,0.03422011550755754,0.4065137912735453,-0.032279241068970434,0.011360761478082033,-0.1732608694168789,0.03422011550755754,0.176607885374474,5,33
121047.75699996948,73.1269998550415,121.43841873166666,31.028798276666667,16.52,121.43841909097766,31.028798154341878,16.696353734125157,-480.3661189529429,-192.60654148495914,-0.5959196498052393,-480.3318140681999,-192.6201036694547,-0.4195659156800815,0.18017058569421343,0.03688902830800877,0.3974012034211466,-0.034305505165252756,0.013562179945196439,-0.17635373412515776,0.03688902830800877,0.18017058569421343,5,33
121047.85700011253,73.22699999809265,121.43842120333332,31.028796853333333,16.515,121.43842137968784,31.028796737792035,16.698559258505348,-480.13013887193694,-192.76434686146393,-0.6009196498052383,-480.1133015866607,-192.77715695809454,-0.41736039129989067,0.18477446871006006,0.02115662789888649,0.3930434635129196,-0.016837590042550893,0.012810092334207941,-0.1835592585053476,0.02115662789888649,0.18477446871006006,4,33
121047.95700001717,73.32699990272522,121.43842346000001,31.028795366666667,16.549,121.43842363998728,31.02879531413751,16.6997204788972,-479.91468571171737,-192.92917402243904,-0.5669196498052393,-479.89750159512556,-192.9349979451929,-0.4161991709080404,0.15180871310487923,0.018144492706012195,0.3775206871597995,-0.017184427894749964,0.005823920800343109,-0.15072047889719897,0.018144492706012195,0.15180871310487923,5,33
121048.0569999218,73.42699980735779,121.43842564,31.028793955,16.545,121.43842588205221,31.02879388399827,16.700853871315775,-479.70655223460955,-193.08568591199682,-0.5709196498052371,-479.68344252329535,-193.09355789489194,-0.41506577848946336,0.15775447822589395,0.02441405734838583,0.3765834687803513,-0.023110130313055074,0.007871980254287038,-0.15585387131577377,0.02441405734838583,0.15775447822589395,5,33
121048.15700006485,73.52699995040894,121.438427865,31.02879242666667,16.54,121.4384281076503,31.02879243550947,16.702584085157387,-479.49412242287127,-193.25513266890903,-0.5759196498052397,-479.47095561123507,-193.25415226504202,-0.41333556464785204,0.16422931095685828,0.023187967373182388,0.37275726340389037,-0.023167232027201373,-0.0009804035381341322,-0.16258408515738765,0.023187967373182388,0.16422931095685828,5,33
121048.25699996948,73.6269998550415,121.43843020333334,31.028790961666665,16.555,121.43843031695808,31.02879096001451,16.70414879186531,-479.2708722155037,-193.41755764135092,-0.5609196498052391,-479.26002399971327,-193.41774081590242,-0.41177085793992774,0.14954291600867295,0.010849959147159822,0.3826305715079068,-0.010848412814841842,0.00018317449006996516,-0.14914879186531138,0.010849959147159822,0.14954291600867295,4,33
121048.35700011253,73.72699999809265,121.43843239833335,31.028789466666662,16.555,121.43843251568634,31.028789460120876,16.706011797088482,-479.0613066268523,-193.58330872207765,-0.5609196498052391,-479.0501024577846,-193.5840344551554,-0.40990785271675634,0.15142862185347145,0.011227851822524034,0.38545427202286336,-0.011204372735751313,0.0007257328343880554,-0.15101179708848278,0.011227851822524034,0.15142862185347145,4,34
121048.45700001717,73.82699990272522,121.43843456,31.028787761666663,16.563000000000002,121.43843471423907,31.02878794783697,16.70702020769778,-478.8549235072178,-193.77234256291388,-0.5529196498052364,-478.84019767548676,-193.75170180727696,-0.4088994421074581,0.14623514879700966,0.025355443564890473,0.3800381203280119,-0.014726099650528476,-0.020640748713529045,-0.14402020769777835,0.025355443564890473,0.14623514879700966,4,34
121048.5569999218,73.92699980735779,121.43843679666666,31.028786278333335,16.571,121.43843691316317,31.028786422687116,16.708956589287038,-478.64137983229534,-193.93680015598832,-0.5449196498052373,-478.63025743535866,-193.9207956107571,-0.4069630605182013,0.13932651593678536,0.019489933693354677,0.39766418332318004,-0.011122599476392674,-0.016004539864023313,-0.13795658928703602,0.019489933693354677,0.13932651593678536,5,35
121048.65700006485,74.02699995040894,121.43843901333334,31.028784736666662,16.574,121.43843911955422,31.028784886060695,16.71073176474079,-478.42974563781127,-194.10772518379784,-0.5419196498052372,-478.4196042975281,-194.09116182454812,-0.4051878850644499,0.13810420234956916,0.019421514294223657,0.4275387306017413,-0.010141525123377685,-0.01656335369581393,-0.1367317647407873,0.019421514294223657,0.13810420234956916,5,35
121048.75699996948,74.1269998550415,121.43844123,31.02878319166667,16.576,121.43844133019584,31.028783343894872,16.713099341204337,-478.2181114433272,-194.2790197780975,-0.5399196498052383,-478.20854533807693,-194.26214219324976,-0.40282030860090146,0.13846514271295726,0.01940016463477673,0.458347615580866,-0.009566279763670303,-0.016877579190738037,-0.13709934120433687,0.01940016463477673,0.13846514271295726,5,35
121048.85700011253,74.22699999809265,121.43844336333335,31.028781714999997,16.567,121.43844357345954,31.028781834402317,16.715623636397055,-478.0144334213855,-194.44273823748642,-0.5489196498052387,-477.99437181781565,-194.4295000675703,-0.4002960134081839,0.1505546975570139,0.024036049188666125,0.47700751559553517,-0.0200619698757292,-0.013238165481112237,-0.14862363639705478,0.024036049188666125,0.1505546975570139,4,35
121048.95700001717,74.32699990272522,121.43844574666667,31.028780251666664,16.572,121.43844586465181,31.028780417175298,16.717422920446086,-477.78688688181677,-194.60497842527275,-0.5439196498052397,-477.7756223596157,-194.58662843515864,-0.39849672935915237,0.14700830521007197,0.02153174423191589,0.4702839511794146,-0.011264728050573415,-0.018349983967711463,-0.1454229204460873,0.02153174423191589,0.14700830521007197,4,35
121049.0569999218,74.42699980735779,121.43844808333333,31.02877894,16.576,121.43844819740464,31.028779113575876,16.71914466019174,-477.5637957998435,-194.75040328627412,-0.5399196498052383,-477.5529049476884,-194.7311588787622,-0.39677498961349755,0.14484252038977755,0.022112484515634915,0.481788287568207,-0.010891051327356068,-0.019244401067299795,-0.14314466019174077,0.022112484515634915,0.14484252038977755,4,34
121049.15700006485,74.52699995040894,121.43845041166666,31.028777794999996,16.591,121.43845054392511,31.028777910519043,16.719276895357442,-477.34150033512435,-194.87734976634815,-0.5249196498052378,-477.3288730817328,-194.86454213600487,-0.3966427544477966,0.12953165841554187,0.017985790206068747,0.5333060429264788,-0.012627484478178687,-0.012807626052086105,-0.12827689535744113,0.017985790206068747,0.12953165841554187,4,34
121049.25699996948,74.6269998550415,121.43845276166667,31.02877668333333,16.592,121.43845289047792,31.028776792338494,16.71960097997025,-477.11713626214333,-195.00060056953146,-0.5239196498052401,-477.1048381281572,-194.98851513539694,-0.3963186698349901,0.1287606979964836,0.01724260012798294,0.5686135196957878,-0.012298359193915354,-0.01208543008382221,-0.12760097997025,0.01724260012798294,0.1287606979964836,5,35
121049.35700011253,74.72699999809265,121.43845516166667,31.028775658333334,16.586,121.43845524614102,31.02877575908536,16.7207620445406,-476.88799848806616,-195.11424261435045,-0.5299196498052403,-476.87993337913844,-195.10307220807434,-0.3951576052646395,0.13546451530660827,0.013777745043780865,0.5936403838325078,-0.008065256707438889,-0.011170402532341446,-0.1347620445406008,0.013777745043780865,0.13546451530660827,5,34
121049.45700001717,74.82699990272522,121.43845756,31.028774643333335,16.593,121.43845761034945,31.028774818184615,16.722822081132904,-476.659019836954,-195.22677595617273,-0.5229196498052389,-476.6542127720705,-195.2073901444264,-0.39309756867233503,0.13134949910474747,0.01997293582300277,0.600086522755504,-0.0048071530137482185,-0.019385805252611993,-0.12982208113290383,0.01997293582300277,0.13134949910474747,4,34
121049.5569999218,74.92699980735779,121.43845995333335,31.028773764999997,16.583,121.43845998459794,31.028773977238306,16.72376199368644,-476.43051855716607,-195.32415702676298,-0.5329196498052404,-476.427533598661,-195.3006261039853,-0.3921576561187976,0.1427464644975871,0.023719491140804863,0.6181046178181766,-0.0029850132564634784,-0.023530914895886598,-0.14076199368644282,0.023719491140804863,0.1427464644975871,4,33
121049.65700006485,75.02699995040894,121.43846227333333,31.02877304333333,16.598,121.43846235744387,31.02877325327956,16.72564306827963,-476.20901870970124,-195.40416841730683,-0.5179196498052399,-476.2009883346771,-195.38089161874342,-0.3902765815256082,0.12999635055721093,0.02462312486981621,0.6535678206617876,-0.008030522383769747,-0.023276790771030585,-0.12764306827963168,0.02462312486981621,0.12999635055721093,5,33
121049.75699996948,75.1269998550415,121.43846465166668,31.028772439999997,16.6,121.43846473226115,31.02877265403243,16.726545627178485,-475.98194953902754,-195.47106015795646,-0.5159196498052374,-475.9742548570515,-195.44733032067865,-0.3893740226267539,0.12898104846341635,0.024946244301024743,0.6675011187836781,-0.007694823224818404,-0.02372982933493633,-0.1265456271784835,0.024946244301024743,0.12898104846341635,5,33
121049.85800004005,75.2279999256134,121.43846702,31.02877197,16.601,121.43846712256097,31.028772183749425,16.72749453176553,-475.75583511100234,-195.52316919315894,-0.5149196498052397,-475.74604319893945,-195.49947073281072,-0.38842511803970936,0.1290673013452898,0.025641796153449723,0.6967630243705971,-0.00979209185944808,-0.023698452417641108,-0.12649453176553038,0.025641796153449723,0.1290673013452898,5,33
121049.95799994469,75.32799983024597,121.43846929333334,31.02877163666667,16.642,121.43846946906035,31.028771845596783,16.72856112646619,-475.5387907187036,-195.56012595501363,-0.4739196498052394,-475.5220133468603,-195.53696181366215,-0.3873585233390493,0.09116411709506775,0.028601881592431485,0.715254228774565,-0.016777679967081113,-0.023164133602396525,-0.08656112646619007,0.028601881592431485,0.09116411709506775,4,33
121050.05800008774,75.42799997329712,121.43847169666667,31.028771369999998,16.685000000000002,121.43847177506427,31.02877163267836,16.73046109250797,-475.3093346986965,-195.58969136590792,-0.43091964980523656,-475.30184976110684,-195.56056814051226,-0.3854585572972695,0.05450595353985012,0.03006971964070106,0.7163735673336766,-0.007485075072678813,-0.029123215660821614,-0.04546109250796704,0.03006971964070106,0.05450595353985012,5,34
121050.15799999237,75.52799987792969,121.43847396999999,31.028771281666664,16.691000000000003,121.4384740405577,31.0287715460354,16.731776597586318,-475.092290308827,-195.59948490822256,-0.42491964980523633,-475.0855538773857,-195.57017427037994,-0.38414305221892064,0.05066779058918129,0.03007480826992587,0.7105740448615072,-0.0067365551833205965,-0.02931062805084323,-0.04077659758631569,0.03007480826992587,0.05066779058918129,5,34
121050.257999897,75.62799978256226,121.43847619333334,31.028771311666667,16.698,121.43847626950054,31.02877158089001,16.731973566017263,-474.88001961762444,-195.59615879923248,-0.41791964980523844,-474.8727476262176,-195.56630992962158,-0.38394608378797557,0.04580438201248607,0.030721950192271957,0.7123431966870598,-0.0072721249841594835,-0.029848859640381618,-0.03397356601726287,0.030721950192271957,0.04580438201248607,5,34
121050.35800004005,75.7279999256134,121.43847838166667,31.02877145,16.705,121.4384784588327,31.028771708473812,16.7322611515315,-474.6710905232623,-195.58082174263964,-0.41091964980524054,-474.6637231678801,-195.5521646765787,-0.3836584982737392,0.04023278748428636,0.02958896425920097,0.7074657873544447,-0.007367490701741344,-0.02865705649036598,-0.027261151531501326,0.02958896425920097,0.04023278748428636,5,34
121050.45799994469,75.82799983024597,121.43848052333333,31.028771655,16.709,121.43848060618446,31.0287719060662,16.731439671828877,-474.4666168864957,-195.55809333367583,-0.4069196498052392,-474.4587067513157,-195.5302575518712,-0.3844799779763619,0.036618869993456,0.0289379122918348,0.7009868901346551,-0.007910280451647168,-0.027835772505648414,-0.022439671828877295,0.0289379122918348,0.036618869993456,5,34
121050.55800008774,75.92799997329712,121.43848262833332,31.028772029999995,16.723,121.43848269895398,31.028772165166938,16.73136078409493,-474.2656439646758,-195.51651697588403,-0.39291964980523986,-474.2589015231857,-195.50153097840018,-0.3845588657103072,0.018437593878680155,0.01643295948248716,0.7221223327843174,-0.006742565298451135,-0.014985992477950438,-0.008360784094932683,0.01643295948248716,0.018437593878680155,4,34
121050.65799999237,76.02799987792969,121.43848464833333,31.028772358333338,16.726,121.43848472610198,31.028772465859014,16.73098476920593,-474.07278633593404,-195.48011456376454,-0.38991964980523974,-474.0653614478173,-195.4681931613629,-0.38493488059931025,0.01490297460694604,0.014044597826171295,0.7042383463762327,-0.007425024432806202,-0.011921398419276422,-0.004984769205929496,0.014044597826171295,0.01490297460694604,4,34
121050.757999897,76.12799978256226,121.438486595,31.028772731666663,16.729,121.43848668391671,31.028772811424073,16.72839512792482,-473.8869301419446,-195.43872299062832,-0.38691964980523963,-473.8784409018823,-195.4298802637854,-0.38752452188041886,0.012273120159258777,0.012258205750283054,0.6891699413780633,-0.008489395885145211,-0.008842723885859612,0.0006048720751792303,0.012258205750283054,0.012273120159258777,4,34
121050.85800004005,76.2279999256134,121.43848845166667,31.028773156666663,16.731,121.43848855019861,31.02877320888107,16.726819987456818,-473.70966661235747,-195.39160311855832,-0.3849196498052372,-473.7002593677095,-195.38581409197164,-0.3890996623484213,0.011810368797317974,0.011045918081693591,0.6692074128110254,-0.009407417279586326,-0.0057890246497338425,0.0041800125431841195,0.011045918081693591,0.011810368797317974,4,35
121050.95799994469,76.32799983024597,121.43849023666668,31.028773710000003,16.707,121.43849030398233,31.0287736497872,16.72527005208445,-473.5392453921284,-195.33025489148164,-0.4089196498052381,-473.5328184927751,-195.33693070245857,-0.3906495977207882,0.020485794502803648,0.009266767140841998,0.6780847550168845,-0.006427017261667672,0.006675808742078728,-0.018270052084449873,0.009266767140841998,0.020485794502803648,5,35
121051.05800008774,76.42799997329712,121.43849183166667,31.028774291666664,16.685000000000002,121.43849192040096,31.0287741116064,16.723678873463392,-473.38696424821103,-195.265765341481,-0.43091964980523656,-473.3784924236861,-195.28572867492022,-0.39224077634184695,0.04434370429910518,0.021686605510535178,0.6772914583688046,-0.008471979906661042,0.019963326752590767,-0.03867887346338961,0.021686605510535178,0.04434370429910518,5,34
121051.15799999237,76.52799987792969,121.438493285,31.028774781666666,16.685000000000002,121.43849338506703,31.02877457766898,16.72105017282194,-473.2482085951862,-195.21143890028512,-0.43091964980523656,-473.2386547894012,-195.2340561824469,-0.394869476983299,0.04361690752508554,0.02455238606653737,0.6628885944925486,-0.009553980960937992,0.022617274578479445,-0.036050172821937565,0.02455238606653737,0.04361690752508554,4,35
121051.257999897,76.62799978256226,121.43849457,31.02877528166667,16.684,121.43849467588728,31.0287750225023,16.718552457379612,-473.12552441264035,-195.1560037553873,-0.4319196498052378,-473.11541492270055,-195.1847373842596,-0.39736719242562657,0.0460619009453248,0.030460243067432412,0.6308151012539635,-0.010109675253606785,0.028733619228939383,-0.03455245737961121,0.030460243067432412,0.0460619009453248,4,35
121051.35800004005,76.7279999256134,121.43849566666668,31.028775746666664,16.683,121.43849577544671,31.02877543179309,16.71675148976332,-473.0208211785826,-195.10444907274103,-0.432919649805239,-473.0104355057664,-195.13935919625467,-0.39916816004192057,0.04965626969157598,0.03642227420740141,0.6109073318565232,-0.010385863145238332,0.03491011178967376,-0.03375148976331843,0.03642227420740141,0.04965626969157598,4,36
121051.45799994469,76.82799983024597,121.43849662333332,31.028776046666668,16.67,121.4384966768127,31.028775790283486,16.71518249005234,-472.9294843173109,-195.0711879856613,-0.44591964980523713,-472.924378423765,-195.09961326302965,-0.40073715975290014,0.053623915951922924,0.028880217358762443,0.5946705080012114,-0.005105987096781509,0.028425267816801027,-0.04518249005233699,0.028880217358762443,0.053623915951922924,5,36
121051.55800008774,76.92799997329712,121.43849738166666,31.02877635166667,16.658,121.43849738039522,31.02877608343918,16.714695418623325,-472.8570831447466,-195.03737254743584,-0.4579196498052376,-472.85720453607144,-195.06711100678686,-0.40122423118191364,0.06402156355044292,0.029738697122931482,0.5661202058546116,0.0001213935486201311,0.02973844935728503,-0.056695418623323945,0.029738697122931482,0.06402156355044292,5,35
121051.65799999237,77.02799987792969,121.43849790333334,31.02877653166667,16.648,121.4384978819863,31.02877630085962,16.714418040332827,-472.80727750366,-195.01741589561115,-0.46791964980523915,-472.8093155928263,-195.04300553991567,-0.40150160947241176,0.07120631641065035,0.025670672276365648,0.5370538485496918,0.0020381264972868726,0.025589635704746268,-0.06641804033282739,0.025670672276365648,0.07120631641065035,5,35
121051.757999897,77.12799978256226,121.43849821166665,31.028776708333332,16.646,121.4384981848702,31.02877643774729,16.71333994125061,-472.77783966768277,-194.9978288116871,-0.46991964980523804,-472.78039803418847,-195.0278287644935,-0.40257970855462943,0.07376455605352455,0.030108836612166647,0.5176464574984699,0.002558413362402366,0.029999942720032445,-0.0673399412506086,0.030108836612166647,0.07376455605352455,5,35
121051.85800004005,77.2279999256134,121.43849828833332,31.028776851666667,16.668,121.43849829895969,31.02877649928849,16.713393476075186,-472.7705199870004,-194.98193740394854,-0.4479196498052396,-472.76950544509526,-195.0210056737776,-0.4025261737300525,0.05989929619216467,0.03908142799499646,0.496873098616883,-0.0010145604858841626,0.03906825669451576,-0.04539347607518707,0.03908142799499646,0.05989929619216467,4,35
121051.95799994469,77.32799983024597,121.43849823333333,31.028776816666664,16.689,121.43849825100692,31.02877648971761,16.713650402010693,-472.7757710594207,-194.9858178640843,-0.4269196498052388,-472.77408369085384,-195.02206680006782,-0.4022692477945462,0.04386882848661591,0.03628817704844606,0.48091746012509445,-0.0016873994703242943,0.03624892379818905,-0.024650402010692574,0.03628817704844606,0.04386882848661591,4,36
121052.05800008774,77.42799997329712,121.43849803500001,31.028776656666665,16.676000000000002,121.43849815042825,31.028776435419843,16.715672043141794,-472.7947067505573,-195.00355711062087,-0.4399196498052369,-472.7836863471122,-195.02808680923715,-0.40024760666344505,0.047927345618364904,0.026891624178877853,0.47399785217520984,-0.011020605288984445,0.024529690378038125,-0.039672043141791846,0.026891624178877853,0.047927345618364904,4,35
121052.15799999237,77.52799987792969,121.43849792666667,31.02877655166667,16.686,121.43849805685286,31.02877639338023,16.71817513990282,-472.8050497748623,-195.01519848961775,-0.4299196498052389,-472.79262036965304,-195.03274775304183,-0.39774450990242016,0.03870028218435804,0.021505167132179696,0.41421404434093373,-0.012429632869987117,0.01754925753701044,-0.03217513990281873,0.021505167132179696,0.03870028218435804,4,36
121052.257999897,77.62799978256226,121.43849782833334,31.02877654166667,16.702,121.43849798816201,31.028776370748123,16.72010701639551,-472.8144380589481,-195.01630719261445,-0.4139196498052371,-472.7991785645223,-195.03525698140677,-0.3958126334097294,0.03032851789577013,0.024330124434676942,0.3988079481615584,-0.01525977393149659,0.0189497824411385,-0.018107016395507713,0.024330124434676942,0.03032851789577013,5,36
121052.35800004005,77.7279999256134,121.43849776166665,31.02877654666667,16.703,121.43849795245657,31.028776357482094,16.720160491975157,-472.82080299941117,-195.01575284146872,-0.41291964980523943,-472.80258750840505,-195.03672778996892,-0.3957591578300814,0.03265343661131066,0.027780648619127327,0.4078003811806016,-0.01821582465914261,0.020974941470402082,-0.01716049197515801,0.027780648619127327,0.03265343661131066,5,37
121052.45799994469,77.82799983024597,121.438497695,31.02877643833333,16.696,121.43849793958591,31.028776346611416,16.71880715176912,-472.8271679374451,-195.02776378977677,-0.4199196498052373,-472.803816322882,-195.03793302515803,-0.3971124980361189,0.034189140525964674,0.025470201375029592,0.37428107386444565,-0.02335204229200965,0.010169231970839882,-0.022807151769118406,0.025470201375029592,0.034189140525964674,4,37
121052.55800008774,77.92799997329712,121.43849772999998,31.028776375,16.7,121.43849794203939,31.028776346152615,16.716615110621415,-472.82382634546315,-195.03478557424705,-0.41591964980523954,-472.8035820791658,-195.03798389259848,-0.3993045391838237,0.026384398150845416,0.020495720646526414,0.36093382638504756,-0.0202446371024932,0.0031983172776953827,-0.01661511062141585,0.020495720646526414,0.026384398150845416,5,37
121052.65899991989,78.02899980545044,121.43849776500001,31.028776398333335,16.711,121.43849795242882,31.028776352337967,16.715025064786094,-472.820484751052,-195.03219860105827,-0.4049196498052403,-472.8025901587539,-195.037298120851,-0.4008945850191452,0.019037709818040753,0.01860734394220901,0.36501823635390024,-0.01789492005963038,0.0050995180794954275,-0.0040250647860951005,0.01860734394220901,0.019037709818040753,4,37
121052.75900006294,78.12899994850159,121.438497755,31.028776426666663,16.72,121.43849795244103,31.02877635374755,16.71463032629637,-472.8214394912711,-195.0290572767238,-0.39591964980523997,-472.80258899269757,-195.03714183990385,-0.4012893235088697,0.02120254294041226,0.02051132446860936,0.37425996918080806,-0.0188508438423668,0.008084560463455936,0.005369673703629729,0.02051132446860936,0.02120254294041226,4,37
121052.85899996758,78.22899985313416,121.43849769833332,31.02877643,16.721,121.43849792577768,31.02877634685055,16.71424478504358,-472.82684969151506,-195.02868770882313,-0.39491964980523875,-472.80513465161835,-195.03790651239302,-0.4016748647616595,0.024539344792456386,0.02359123807127566,0.364246999728296,-0.02171543763317946,0.009218800471596036,0.00675521495642073,0.02359123807127566,0.024539344792456386,4,37
121052.95900011063,78.3289999961853,121.43849774999998,31.028776408333336,16.717,121.43849784879467,31.028776335062027,16.713777782575576,-472.82191686502466,-195.0310898980616,-0.3989196498052401,-472.8124845331602,-195.03921350926282,-0.4021418672296626,0.012858765231937174,0.012448500237370933,0.34631149851119636,-0.009432504629189487,0.008123608470386979,0.0032222174244225243,0.012448500237370933,0.012858765231937174,4,37
121053.05900001526,78.42899990081787,121.43849765333334,31.02877633666667,16.709,121.43849769727363,31.028776311523327,16.71327476687173,-472.83114602128694,-195.03903560157823,-0.4069196498052392,-472.8269508639087,-195.04182325170697,-0.4026448829335081,0.006606406736607186,0.0050369612031302136,0.3379156904552325,-0.004195234218430195,0.0027876491914068675,-0.004274766871731117,0.0050369612031302136,0.006606406736607186,5,37
121053.15899991989,78.52899980545044,121.43849742666667,31.028776311666668,16.708,121.43849747808265,31.028776276242095,16.712380881585325,-472.8527868125455,-195.0418073594226,-0.4079196498052404,-472.8478779193617,-195.04573489200538,-0.40353876821991363,0.007662619678196767,0.006286781121371488,0.34489037271035106,-0.004908983098067617,0.003927531261609436,-0.00438088158532679,0.006286781121371488,0.007662619678196767,5,37
121053.25900006294,78.62899994850159,121.43849719500001,31.02877632166667,16.694000000000003,121.4384972134149,31.028776238674062,16.712675475966712,-472.87490497026965,-195.04069865642592,-0.4219196498052362,-472.8731468269408,-195.04990007044864,-0.4032441738385266,0.02089331344834404,0.009367878322630268,0.3602719540976802,-0.0017581755329000841,0.009201410927847837,-0.018675475966709598,0.009367878322630268,0.02089331344834404,5,37
121053.35899996758,78.72899985313416,121.43849695499999,31.02877627166667,16.692,121.4384968921445,31.028776198915413,16.71256311331345,-472.8978187501067,-195.04624217070412,-0.42391964980523866,-472.9038198202557,-195.05430812353538,-0.4033565364917884,0.022889197074662408,0.010053542339938576,0.3546593435366721,0.006001180073415328,0.00806595011808159,-0.020563113313450287,0.010053542339938576,0.022889197074662408,5,37
121053.45900011063,78.8289999961853,121.43849657000001,31.028776195,16.685000000000002,121.43849649733988,31.028776153682035,16.71244707075223,-472.9345762667663,-195.054742226777,-0.43091964980523656,-472.94151342509156,-195.05932316117435,-0.40347257905300893,0.02867843383843581,0.008313295047557893,0.3516101512728256,0.006937285399470906,0.004580932856311952,-0.02744707075222763,0.008313295047557893,0.02867843383843581,5,37
121053.55900001526,78.92899990081787,121.43849609499999,31.02877615,16.684,121.43849601089644,31.02877610026268,16.712265063213707,-472.9799264526867,-195.05973138920425,-0.4319196498052378,-472.987956162087,-195.0652457805575,-0.4036545865915322,0.029896502894045923,0.00974100029868202,0.3492581779009965,0.008029856492060746,0.005514389498016358,-0.028265063213705588,0.00974100029868202,0.029896502894045923,5,37
121053.65899991989,79.02899980545044,121.43849542000001,31.028776094999998,16.682000000000002,121.43849543257951,31.028776038217067,16.712257485140768,-473.0443714502795,-195.06582925533343,-0.4339196498052367,-473.0431704341001,-195.07212479541388,-0.40366216466447113,0.0309288166277202,0.0064090787908633335,0.36910756147927903,-0.001201038180934359,0.006295537962353344,-0.03025748514076554,0.0064090787908633335,0.0309288166277202,4,37
121053.75900006294,79.12899994850159,121.43849474833333,31.02877604333333,16.68,121.43849476815711,31.02877596977698,16.712366655977476,-473.10849820437153,-195.07155755356195,-0.4359196498052391,-473.10660554672523,-195.07971276737536,-0.40355299382776266,0.03343187357853463,0.008371962243513142,0.36304380279671944,-0.0018926923194176224,0.00815521106966749,-0.032366655977476455,0.008371962243513142,0.03343187357853463,4,37
121053.85899996758,79.22899985313416,121.43849399333334,31.02877591666667,16.69,121.4384940213253,31.028775902019422,16.71253258255145,-473.18058112857653,-195.08560112250254,-0.42591964980523755,-473.177908622159,-195.08722506726633,-0.4033870672537887,0.02274856091086492,0.0031272587161080695,0.3652168744644869,-0.0026725553794156244,0.0016239442174626867,-0.022532582551448854,0.0031272587161080695,0.02274856091086492,4,36
121053.95900011063,79.3289999961853,121.43849522333333,31.028776065000002,16.694000000000003,121.43849320108895,31.028775837482183,16.712753646701202,-473.06314801845105,-195.06915536361825,-0.4219196498052362,-473.2562199270526,-195.094380329576,-0.4031660031040367,0.19561729361733166,0.1947162712707285,0.3760416171557939,0.1930754459223265,0.025224957472128755,-0.0187536467011995,0.1947162712707285,0.19561729361733166,5,37
121054.05900001526,79.42899990081787,121.43849234333332,31.02877582333333,16.689,121.43849231880131,31.02877577858975,16.711980106152147,-473.338113349773,-195.0959490173734,-0.4269196498052388,-473.3404555197138,-195.10090975084958,-0.4039395436530917,0.023625835432285962,0.005485874689555993,0.3776685000979863,0.0023422128535038017,0.004960731806739066,-0.022980106152147073,0.005485874689555993,0.023625835432285962,4,37
121054.15899991989,79.52899980545044,121.43849145666667,31.028775821666667,16.678,121.43849139107921,31.02877572152768,16.712179417708235,-473.42276702465136,-195.09613380061847,-0.437919649805238,-473.4290289270308,-195.1072362390628,-0.4037402320970038,0.03647889128853232,0.012746643274470613,0.38445730946853174,0.006262017112380185,0.011102434708245963,-0.03417941770823418,0.012746643274470613,0.03647889128853232,5,37
121054.25900006294,79.62899994850159,121.43849047,31.028775743333334,16.671,121.4384904220289,31.02877566792495,16.712286706510657,-473.51696810901,-195.10481863993644,-0.44491964980523946,-473.52154810628235,-195.11317918891905,-0.403632943294582,0.0423729632014005,0.009532883927231842,0.3855838317915222,0.004580081191515784,0.008360546169312057,-0.04128670651065747,0.009532883927231842,0.0423729632014005,5,37
121054.35899996758,79.72899985313416,121.43848945833334,31.028775704999997,16.669,121.43848941882885,31.028775613664713,16.712406975480192,-473.6135560475605,-195.10906866797288,-0.44691964980523835,-473.61732770055943,-195.11919503706602,-0.40351267432504656,0.04473180848129048,0.010805978422562184,0.3963538592933422,0.003771722109004974,0.01012636568573951,-0.04340697548019179,0.010805978422562184,0.04473180848129048,5,37
121054.45900011063,79.8289999961853,121.43848842166666,31.028775653333334,16.668,121.4384883915688,31.02877555414422,16.71258216849105,-473.7125308354444,-195.11479696549614,-0.4479196498052396,-473.7154044015579,-195.1257940912856,-0.403337481314189,0.046008304972487334,0.011366370532275499,0.4103435026155652,0.0028736187692529297,0.010997122089254902,-0.04458216849105057,0.011366370532275499,0.046008304972487334,5,37
121054.55900001526,79.92899990081787,121.43848724166668,31.028775444999997,16.664,121.43848735289743,31.028775478010544,16.71275056482272,-473.82519023961527,-195.1378949423606,-0.45191964980523736,-473.814570587875,-195.13423505378844,-0.4031690849825189,0.05002792702367318,0.011232805159526994,0.41996429662241597,-0.010619846345627376,-0.0036598873407744583,-0.048750564822718445,0.011232805159526994,0.05002792702367318,5,37
121054.65899991989,80.02899980545044,121.43848613166668,31.028775335,16.659,121.43848630066282,31.02877539249498,16.71291319122892,-473.9311664598223,-195.1500906739137,-0.4569196498052399,-473.91503171135196,-195.1437161893655,-0.4030064585763178,0.05663572957304931,0.01734859290505274,0.41979014561632094,-0.016135044154636635,-0.006374482403550297,-0.05391319122892213,0.01734859290505274,0.05663572957304931,5,37
121054.75900006294,80.12899994850159,121.43848518000001,31.02877526666667,16.654,121.43848523274168,31.028775296052736,16.71309631572677,-474.022025952199,-195.15766681023496,-0.4619196498052389,-474.01699049088603,-195.15440876851807,-0.4028233340784695,0.05939988351167038,0.005997635260833624,0.41181188501802907,-0.005035553597698339,-0.003258040620787614,-0.05909631572676943,0.005997635260833624,0.05939988351167038,4,36
121054.85899996758,80.22899985313416,121.43848408333334,31.028775158333328,16.652,121.43848414970132,31.02877518106734,16.712259651573156,-474.12672918625674,-195.169677758543,-0.4639196498052378,-474.1203927655885,-195.1671572326497,-0.403659998232083,0.06064429365461982,0.006819438770877007,0.41265916603416714,-0.006336536802361054,-0.0025205250449191027,-0.06025965157315483,0.006819438770877007,0.06064429365461982,5,36
121054.95900011063,80.3289999961853,121.43848292,31.028774998333333,16.651,121.43848305022341,31.028775041502886,16.711564493433126,-474.2377973583484,-195.1874170043743,-0.46491964980523903,-474.22536439909663,-195.18263078347056,-0.4043551563721124,0.06201249795317294,0.013322613766864142,0.40656415357163517,-0.012433187140398396,-0.004786219292183542,-0.06056449343312664,0.013322613766864142,0.06201249795317294,5,36
121055.05900001526,80.42899990081787,121.43848178833332,31.02877484166667,16.648,121.43848194112623,31.02877487947828,16.71091075880228,-474.3458421843882,-195.20478668230496,-0.46791964980523915,-474.3312544234464,-195.20059449812135,-0.4050088910029572,0.06471590639559376,0.015178437585086293,0.40751414603334196,-0.014588028349797251,-0.004192182771525101,-0.06291075880228192,0.015178437585086293,0.06471590639559376,5,36
121055.15899991989,80.52899980545044,121.43848064999999,31.028774711666664,16.64,121.43848082886787,31.02877469753427,16.71020277848316,-474.4545235047172,-195.21919982055672,-0.47591964980523827,-474.4374462596193,-195.22076668314634,-0.40571687132207757,0.07226706135274055,0.017149287151512604,0.4147191973187016,-0.01707755817102827,0.0015668620616317347,-0.0702027784831607,0.017149287151512604,0.07226706135274055,5,36
121055.25900006294,80.62899994850159,121.43847945500002,31.028774565000003,16.634,121.43847971307943,31.028774493550774,16.709502468756817,-474.5686150180022,-195.23546079549067,-0.4819196498052385,-474.5439751249467,-195.24338239187747,-0.40641718104842184,0.0798155437766668,0.025882392470383025,0.4197156549644612,-0.02464034482277633,0.00792159371626818,-0.07550246875681665,0.025882392470383025,0.0798155437766668,4,37
121055.35899996758,80.72899985313416,121.43847835833334,31.028774379999998,16.625,121.43847859930153,31.02877426140527,16.709808739556465,-474.67331825205997,-195.25597179916633,-0.49091964980523883,-474.6503120379642,-195.2691204309339,-0.4061109102487741,0.08885220314917797,0.026498899964083878,0.41988768422975054,-0.023006635966823567,0.013148627335071326,-0.08480873955646473,0.026498899964083878,0.08885220314917797,5,36
121055.46000003815,80.82999992370605,121.43847729833332,31.028773944999998,16.619,121.4384774798256,31.028773999334867,16.70914915330853,-474.77452077117096,-195.30420037423303,-0.49691964980523906,-474.7571929648559,-195.2981762519989,-0.4067704964967085,0.0919968681611983,0.018345405670738148,0.41996123577109623,-0.0173281241053355,-0.006024120202489507,-0.09014915330853057,0.018345405670738148,0.0919968681611983,4,36
121055.55999994278,80.92999982833862,121.43847617499999,31.028773666666666,16.615000000000002,121.43847638075341,31.02877371995061,16.708462168269403,-474.88176997752714,-195.33505927136906,-0.5009196498052368,-474.86212586100015,-195.32915166481354,-0.40745748153583605,0.09568689649124354,0.02051353851748077,0.4213720445343755,-0.019644476853399078,-0.0059076045622938585,-0.09346216826940079,0.02051353851748077,0.09568689649124354,4,36
121055.66000008583,81.02999997138977,121.43847511833334,31.028773385,16.615000000000002,121.43847529696485,31.028773424254386,16.70768204690839,-474.9826542458495,-195.3662877357005,-0.5009196498052368,-474.96559956880077,-195.36193559053334,-0.4082376028968504,0.09433862228883622,0.017601529371828985,0.4165971930893604,-0.017054989928441632,-0.004352143698008253,-0.09268204690838644,0.017601529371828985,0.09433862228883622,4,36
121055.75999999046,81.12999987602234,121.43847402666667,31.028773070000003,16.612000000000002,121.43847423102152,31.02877310824173,16.708002454324205,-475.0868801110125,-195.40121187551213,-0.503919649805237,-475.0673695200841,-195.3969720046018,-0.40791719548103345,0.09805674304997324,0.01996631216067938,0.4217212405075337,-0.01951094892869025,-0.004239869479091788,-0.09600245432420351,0.01996631216067938,0.09805674304997324,5,36
121055.8599998951,81.22999978065491,121.43847292666666,31.028772748333335,16.603,121.43847318480813,31.028772771929454,16.707275544031187,-475.19190159100026,-195.43687515183035,-0.5129196498052373,-475.1672557729209,-195.43425904372722,-0.4086441057740515,0.1071805567447675,0.02478472636763543,0.42281669683672374,-0.02464627038994552,-0.002616107219564531,-0.10427554403118577,0.02478472636763543,0.1071805567447675,5,35
121055.96000003815,81.32999992370605,121.43847179166666,31.028772391666667,16.597,121.43847215528193,31.02877241945861,16.707486945524536,-475.30026466296994,-195.47641888828434,-0.5189196498052375,-475.2655488332462,-195.47333758775522,-0.40843270428070255,0.11585375529921237,0.03485294084561901,0.42277244848476175,-0.03471646697247896,-0.0030812994883644596,-0.11048694552453497,0.03485294084561901,0.11585375529921237,5,36
121056.05999994278,81.42999982833862,121.43847079833334,31.02877193833333,16.587,121.43847114266052,31.02877204749789,16.706794871670535,-475.3951022391884,-195.52668008609933,-0.5289196498052391,-475.36222792339356,-195.5145769796092,-0.4091247781347036,0.1248120855106203,0.035032062613416404,0.42729164046906176,-0.032874919364767455,-0.012103102400226358,-0.11979487167053549,0.035032062613416404,0.1248120855106203,5,36
121056.16000008583,81.52999997138977,121.43846978166667,31.02877154833333,16.584,121.43847015650833,31.028771658063942,16.707126420889622,-475.49216754906325,-195.56991949803356,-0.5319196498052392,-475.4563798876283,-195.55775363345262,-0.4087932289156164,0.12879801020673354,0.037799628465440015,0.43168437519046726,-0.035788318641107576,-0.012165860469685453,-0.12312642088962278,0.037799628465440015,0.12879801020673354,5,36
121056.25999999046,81.62999987602234,121.43846886833335,31.02877108833333,16.578,121.43846919736708,31.028771252761107,16.706358166689164,-475.5793672010987,-195.6209198309446,-0.5379196498052394,-475.54795300892187,-195.60268967545338,-0.4095614831160752,0.13339806979128377,0.0363211518021792,0.4187872777309946,-0.03141476919763635,-0.018230149327314475,-0.12835816668916422,0.0363211518021792,0.13339806979128377,4,36
121056.3599998951,81.72999978065491,121.43846792166666,31.028770671666667,16.576,121.43846826947623,31.02877083828133,16.70656808440786,-475.6697493245804,-195.66711578326297,-0.5399196498052383,-475.6365425272509,-195.64864316781998,-0.4093515653973796,0.1359852707617938,0.037999594711268306,0.40921412211052977,-0.03320740742204539,-0.018472609196508623,-0.13056808440785872,0.037999594711268306,0.1359852707617938,4,36
121056.46000003815,81.82999992370605,121.438467015,31.02877026166667,16.572,121.43846738665296,31.028770432546118,16.706939179099752,-475.75631248232656,-195.71257260119057,-0.5439196498052397,-475.7208292612002,-195.69362714761934,-0.4089804707054867,0.14080702142047946,0.040224808578688834,0.40563858061418717,-0.03548387319499786,-0.01894544716478003,-0.13493917909975295,0.040224808578688834,0.14080702142047946,4,35
121056.55999994278,81.92999982833862,121.43846617833333,31.028769995,16.573,121.43846658343604,31.028770047318893,16.70735229250723,-475.8361924561089,-195.74213801137958,-0.5429196498052384,-475.79751565199103,-195.73633740092978,-0.40856735729800775,0.1399290381939334,0.03911006555774101,0.40102929411487426,-0.03867751503258658,-0.005800608488325906,-0.1343522925072307,0.03911006555774101,0.1399290381939334,5,35
121056.66000008583,82.02999997138977,121.43846544166666,31.02876964333333,16.57,121.43846587963047,31.028769693028796,16.707657650711077,-475.9065250228406,-195.78112739668785,-0.5459196498052385,-475.86471083478875,-195.7756176459324,-0.4082619990941616,0.14397387521214383,0.042176390840244965,0.38776779997020705,-0.04181495679123689,-0.005509748892290053,-0.13765765071107694,0.042176390840244965,0.14397387521214383,5,33
121056.75999999046,82.12999987602234,121.43846479166665,31.028769529999998,16.556,121.43846529021219,31.02876938175216,16.707920569841253,-475.96858317109985,-195.79369269543636,-0.5599196498052379,-475.92098499858184,-195.81012897635802,-0.4079990799639859,0.1600489926100766,0.05035693094907213,0.38448611415679534,-0.047599047750797666,0.01643627536356401,-0.15192056984125202,0.05035693094907213,0.1600489926100766,5,35
121056.8599998951,82.22999978065491,121.43846434333334,31.02876937333333,16.547,121.43846482530746,31.028769126219444,16.70715792247755,-476.0113873798634,-195.81106237477752,-0.5689196498052382,-475.96537134661423,-195.83845996213873,-0.4087617273276898,0.1688749259576143,0.05355539641217577,0.3795624554972732,-0.04601687950693663,0.027397578092038813,-0.16015792247754845,0.05355539641217577,0.1688749259576143,4,35
121056.96000003815,82.32999992370605,121.43846394166667,31.028769145000002,16.547,121.43846449421515,31.028768939449524,16.707361761001824,-476.0497361310315,-195.83637775622483,-0.5689196498052382,-475.99698207758934,-195.85916719680776,-0.4085578888034149,0.170347718417333,0.057466953794203135,0.3788332962784689,-0.05275502372020054,0.022789432872850433,-0.1603617610018233,0.057466953794203135,0.170347718417333,4,35
121057.05999994278,82.42999982833862,121.438463715,31.028769034999996,16.545,121.43846429917792,31.028768823555748,16.708438936583807,-476.07137692228997,-195.8485734884832,-0.5709196498052371,-476.0156030768385,-195.87201637319612,-0.40748071322143176,0.17427762546437184,0.06050127887784452,0.3611745572670158,-0.0557748713479596,0.023442876785353596,-0.16343893658380537,0.06050127887784452,0.17427762546437184,4,35
121057.16000008583,82.52999997138977,121.43846364333334,31.02876894333333,16.551000000000002,121.43846422975399,31.028768782442587,16.708405176940087,-476.07821922921886,-195.85873659799324,-0.5649196498052369,-476.022231261811,-195.87657460110603,-0.4075144728651523,0.16801592687090508,0.05876190904616684,0.3438804597684748,-0.055988997266519284,0.01783799708038102,-0.1574051769400846,0.05876190904616684,0.16801592687090508,4,36
121057.25999999046,82.62999987602234,121.43846368000001,31.028768955,16.546,121.4384642680395,31.028768796420128,16.70818064299767,-476.07471851427186,-195.85744311104622,-0.5699196498052395,-476.0185759885238,-195.8750249073178,-0.40773900680756725,0.17252182316575346,0.058832121373422364,0.36303738520556633,-0.05614355843956313,0.017581790325233087,-0.1621806429976722,0.058832121373422364,0.17252182316575346,5,35
121057.3599998951,82.72999978065491,121.43846384499999,31.028768935000002,16.536,121.43846433092234,31.028768804044596,16.7085457847053,-476.0589652945816,-195.85966051633434,-0.5799196498052375,-476.01257230689447,-195.87417958011017,-0.4073738650999381,0.1792630452064926,0.048612668689730486,0.3543635936452704,-0.046393841043595334,0.014519058866163193,-0.17254578470529935,0.048612668689730486,0.1792630452064926,5,35
121057.46000003815,82.82999992370605,121.43846389500001,31.028768935000002,16.539,121.43846435211367,31.028768798399895,16.70620239781411,-476.05419158862685,-195.85966051633434,-0.5769196498052374,-476.0105490849466,-195.87480540986215,-0.40971725199112896,0.17346684892411002,0.046196383417672994,0.34107940399059417,-0.043643306430611775,0.01514488840092174,-0.1672023978141084,0.046196383417672994,0.17346684892411002,5,36
121057.55999994278,82.92999982833862,121.43846390666667,31.028768906666663,16.527,121.43846435774262,31.028768795489217,16.70640458651465,-476.0530777254427,-195.86280184207936,-0.5889196498052378,-476.01001166657875,-195.87512811759848,-0.40951506329058773,0.18491267204835257,0.044796100517444856,0.3399953952798876,-0.04306685101391198,0.012326271346783334,-0.17940458651465008,0.044796100517444856,0.18491267204835257,5,36
121057.66000008583,83.02999997138977,121.43846393666666,31.02876889,16.534,121.43846435766305,31.028768799061165,16.707631387812295,-476.05021350235575,-195.8646496801721,-0.5819196498052399,-476.01001926295004,-195.87473209476397,-0.40828826199294355,0.1785081235255316,0.041440213935046176,0.35260771705165483,-0.04019497873813254,0.01008241118103542,-0.17363138781229637,0.041440213935046176,0.1785081235255316,5,36
121057.75999999046,83.12999987602234,121.43846395333334,31.028768911666663,16.532,121.43846436805677,31.02876880710896,16.708701844508223,-476.04862226784724,-195.86224749093364,-0.5839196498052388,-476.00902693198924,-195.8738398333399,-0.4072178052970159,0.18145460165715058,0.04125809750760462,0.34628117496422967,-0.03959606417763476,0.011592338486588437,-0.1767018445082229,0.04125809750760462,0.18145460165715058,5,36
121057.8599998951,83.22999978065491,121.43846397333333,31.028768945000003,16.53,121.43846438747505,31.028768822894243,16.70861342644557,-476.04671278740886,-195.85855181333767,-0.5859196498052377,-476.00717298984307,-195.87208971438884,-0.4073062233596687,0.18343795641440347,0.04179387212099286,0.36044040745715505,-0.03954052485663965,0.013537896473506004,-0.178613426445569,0.04179387212099286,0.18343795641440347,5,35
121057.96000003815,83.32999992370605,121.43846426500001,31.02876896833333,16.598,121.43846441167389,31.028768840496827,16.70857534275261,-476.0188661810815,-195.85596484085414,-0.5179196498052399,-476.0048626289478,-195.8701381109774,-0.4073443070526288,0.11235610602636362,0.019924561138204587,0.3679420868438103,-0.014003809710805695,0.014173265330670861,-0.11057534275261105,0.019924561138204587,0.11235610602636362,4,36
121058.05999994278,83.42999982833862,121.43846438500002,31.028768946666666,16.644,121.4384644387963,31.02876886040629,16.708552634938048,-476.00740929116296,-195.85836703009258,-0.4719196498052405,-476.0022731408839,-195.8679307429215,-0.40736701486719085,0.06545905765287276,0.010855669088407858,0.3662747952615092,-0.005136244750729843,0.009563709595006218,-0.06455263493804964,0.010855669088407858,0.06545905765287276,4,35
121058.16000008583,83.52999997138977,121.43846435166667,31.028768935000002,16.646,121.43846446618404,31.028768889450944,16.708722006689015,-476.0105917626091,-195.85966051633434,-0.46991964980523804,-475.9996583226751,-195.8647105538134,-0.4071976431162234,0.06386781263420425,0.01204356124993871,0.3549041059697806,-0.01093364103520263,0.0050500357715919635,-0.06272200668901462,0.01204356124993871,0.06386781263420425,4,36
121058.26099991798,83.63099980354309,121.43846436166665,31.028769000000004,16.651,121.43846453021875,31.02876895398469,16.7082046023217,-476.00963702238994,-195.85245394791374,-0.46491964980523903,-475.9935446673558,-195.85755567869037,-0.4077150474835385,0.05964367177407384,0.01688197428944688,0.3538138133918449,-0.01609265101207115,0.00510172905133454,-0.05720460232170055,0.01688197428944688,0.05964367177407384,4,36
121058.36100006104,83.73099994659424,121.43846443166667,31.028769150000002,16.607,121.43846466426675,31.028769072378683,16.707923580470283,-476.0029538359968,-195.83582340437385,-0.5089196498052395,-475.9807465599866,-195.84442930275037,-0.40799606933495625,0.10369576548431451,0.023816857148587205,0.3556847453356797,-0.022207684428273797,0.008605895465924227,-0.10092358047028327,0.023816857148587205,0.10369576548431451,4,36
121058.46099996567,83.8309998512268,121.43846464333335,31.028769326666666,16.61,121.43846486214453,31.028769247980122,16.70980823884278,-475.98274515628174,-195.8162363211551,-0.5059196498052394,-475.9618543627519,-195.82496032063023,-0.40611141096245973,0.10234370504417523,0.02263955435232296,0.3480490829349142,-0.020891177704018365,0.008723996527447247,-0.09980823884277967,0.02263955435232296,0.10234370504417523,4,36
121058.56100010872,83.93099999427795,121.43846475333334,31.02876932,16.641,121.43846510116558,31.0287694768872,16.709478917667386,-475.9722430090118,-195.81697545625113,-0.4749196498052406,-475.9390340496194,-195.79958132702467,-0.4064407321378525,0.07806915672890141,0.03748907930937826,0.33553148336134947,-0.033209570012063414,-0.017394123348956438,-0.06847891766738812,0.03748907930937826,0.07806915672890141,5,36
121058.66100001335,84.03099989891052,121.43846523333335,31.028769731666664,16.654,121.43846536933567,31.028769763333685,16.709466650513505,-475.92641545419633,-195.7713338543732,-0.4619196498052389,-475.91343075837636,-195.7678229226436,-0.4064529992917336,0.057074376714084586,0.013451214001490847,0.33719270621551084,-0.012984934533271321,-0.0035109305433974713,-0.0554666505135053,0.013451214001490847,0.057074376714084586,4,36
121058.76099991798,84.13099980354309,121.43846554333335,31.028770066666667,16.653,121.43846567411782,31.02877010460326,16.709494846752555,-475.8968184903955,-195.7341923078629,-0.46291964980524014,-475.88433196543,-195.7299862667696,-0.40642480305268336,0.058011012029293985,0.013176107432319143,0.35570130131995975,-0.012486754475893718,-0.0042060396725142725,-0.05649484675255678,0.013176107432319143,0.058011012029293985,4,36
121058.86100006104,84.23099994659424,121.43846590333332,31.028770480000002,16.654,121.43846602927664,31.02877053002127,16.708775035277856,-475.86244782792784,-195.68836592203468,-0.4619196498052389,-475.85042350583683,-195.68282004937365,-0.4071446145273825,0.05635291303974891,0.01324183968997835,0.35010303948894406,-0.012024543050974099,-0.00554587078738375,-0.05477503527785643,0.01324183968997835,0.05635291303974891,4,36
121058.96099996567,84.3309998512268,121.43846634333335,31.028770936666668,16.662,121.438466441785,31.0287710571043,16.709907597437535,-475.8204392339893,-195.63773515702428,-0.4539196498052398,-475.8110396537326,-195.62438220213275,-0.40601205236770355,0.05061417322657179,0.016329624587613337,0.3626415593626878,-0.009399752934109763,-0.013352950383719732,-0.04790759743753625,0.016329624587613337,0.05061417322657179,4,36
121059.06100010872,84.43099999427795,121.43846682666666,31.02877161166667,16.643,121.43846690340459,31.028771694475893,16.709765145151945,-475.77429343324394,-195.56289771215273,-0.47291964980523815,-475.7669669505662,-195.55371663001367,-0.40615450465329417,0.06779053134045093,0.011746128394518371,0.3736723160121345,-0.007326617221831279,-0.009181079040356643,-0.06676514515194398,0.011746128394518371,0.06779053134045093,4,36
121059.16100001335,84.53099989891052,121.43846733000001,31.028772351666664,16.645,121.43846739121217,31.028772448540245,16.710449233508662,-475.7262381496307,-195.4808537002711,-0.47091964980523926,-475.7203939747932,-195.470113298277,-0.405470416296577,0.06658163378507931,0.012227501405398177,0.3774438425811909,-0.005844282115042749,-0.010740398371513313,-0.06544923350866227,0.012227501405398177,0.06658163378507931,4,36
121059.26099991798,84.63099980354309,121.43846777166667,31.02877325333333,16.644,121.43846789607625,31.028773301592675,16.71110765746566,-475.68407043515646,-195.38088565719733,-0.4719196498052405,-475.6721925454505,-195.37553512972553,-0.4048119923395781,0.06836048022400971,0.013027569455909658,0.39238841075067354,-0.011878107635505834,-0.0053505256683701865,-0.06710765746566238,0.013027569455909658,0.06836048022400971,4,36
121059.36100006104,84.73099994659424,121.43846827333333,31.028774233333333,16.637,121.43846840168919,31.02877424363102,16.711594713399315,-475.63617427450833,-195.27223277480556,-0.4789196498052384,-475.6239196174192,-195.27109106714374,-0.40432493640592426,0.07560328624373665,0.012307949615048266,0.40371153580298624,-0.012254881811735271,-0.0011417072772680495,-0.07459471339931412,0.012307949615048266,0.07560328624373665,5,36
121059.46099996567,84.8309998512268,121.438468775,31.028775248333332,16.638,121.43846888495067,31.02877526482341,16.712859826840173,-475.5882781138602,-195.15969943227802,-0.47791964980523716,-475.577780676972,-195.15787117285336,-0.4030598229650657,0.07561439297687754,0.01065564407819696,0.4164477607074785,-0.01049762927744652,-0.0018282588094992486,-0.07485982684017145,0.01065564407819696,0.07561439297687754,5,36
121059.56100010872,84.93099999427795,121.43846924166668,31.028776333333333,16.641,121.43846933205029,31.028776344674935,16.713216151412418,-475.543723545194,-195.03940517018415,-0.4749196498052406,-475.53509425447584,-195.03814772333283,-0.40270349839282105,0.07274078005122045,0.008720582413951728,0.4326418323858364,-0.008629448772541562,-0.00125744642852294,-0.07221615141241955,0.008720582413951728,0.07274078005122045,5,36
121059.66100001335,85.03099989891052,121.438469735,31.028777471666665,16.697,121.43846973469047,31.028777469628142,16.714551952536368,-475.4966230042293,-194.91319782591142,-0.41891964980523966,-475.49665255647005,-194.9134238371302,-0.40136769726887067,0.017553432491753836,0.0002279350863943835,0.4374475055733216,2.9552781619864356e-05,0.00022601114288491102,-0.017551952536368987,0.0002279350863943835,0.017553432491753836,4,36
121059.76099991798,85.13099980354309,121.43847013833334,31.028778616666667,16.701,121.43847008447307,31.02877863282108,16.71495811154935,-475.458115127667,-194.7862513458374,-0.4149196498052383,-475.46325738759543,-194.7844603014683,-0.40096153825588843,0.014982674006635223,0.005445332162963787,0.4571108497908234,0.005142353992690344,-0.0017910437679938334,-0.013958111549349894,0.005445332162963787,0.014982674006635223,4,36
121059.86100006104,85.23099994659424,121.43847046499998,31.02877983,16.706,121.43847038287147,31.028779839287914,16.71550297824085,-475.4269269342163,-194.6517287294421,-0.4099196498052393,-475.43476807772873,-194.65069897584996,-0.40041667156438976,0.012363363887794887,0.007908613732884576,0.4525811054370131,0.00784128684761771,-0.0010297532468256777,-0.009502978240849558,0.007908613732884576,0.012363363887794887,4,37
121059.96099996567,85.3309998512268,121.43847073166668,31.028781079999998,16.716,121.43847065311205,31.028781070106835,16.71595183839279,-475.40146717722234,-194.51314086966596,-0.39991964980523775,-475.4089671083531,-194.5142377278541,-0.3999678114124485,0.007580002547234665,0.007579849541757071,0.43859371128274793,0.00750006813282889,0.0010968578205945657,4.816160721077267e-05,0.007579849541757071,0.007580002547234665,5,37
121060.06100010872,85.43099999427795,121.43847094833333,31.028782376666662,16.726,121.43847089727588,31.028782313187758,16.717134028177707,-475.38078113104154,-194.36937906351224,-0.38991964980523974,-475.38565579318356,-194.37641698781246,-0.39878562162753184,0.012324812379390919,0.008561281670025244,0.42153129654884325,0.004874751125457607,0.007037921944605526,0.008865971822292096,0.008561281670025244,0.012324812379390919,4,36
121060.16100001335,85.53099989891052,121.43847112333333,31.028783625,16.707,121.4384710826543,31.0287835299907,16.717246131630635,-475.36407316870276,-194.23097598698115,-0.4089196498052381,-475.3679569598835,-194.24150969547907,-0.39867351817460417,0.015199557168808797,0.01122690183156555,0.41987748375486805,0.0038838620273482566,0.010533704974420547,-0.010246131630633926,0.01122690183156555,0.015199557168808797,4,36
121060.26099991798,85.63099980354309,121.43847126833334,31.02878481,16.711,121.43847120220721,31.02878469617323,16.717422763017236,-475.35022942702153,-194.0995946956256,-0.4049196498052403,-475.35654275734464,-194.11221470264977,-0.39849688678800277,0.01550406232409513,0.014111132618391472,0.41154169961763565,0.0063134454116072405,0.012620002805407265,-0.006422763017237543,0.014111132618391472,0.01550406232409513,4,36
121060.36100006104,85.73099994659424,121.43847136000001,31.02878593333333,16.715,121.43847127018607,31.028785797948363,16.716889864438137,-475.341477637225,-193.9750504054953,-0.400919649805239,-475.35005253870213,-193.99006057640327,-0.39902978536710165,0.0173898902277056,0.017286893721461777,0.40603545612414677,0.008575057693416441,0.015010165891544774,-0.001889864438137323,0.017286893721461777,0.0173898902277056,4,37
121060.46099996567,85.8309998512268,121.43847138000001,31.028786881666665,16.709,121.43847130700918,31.0287868346042,16.716592134639992,-475.33956815435727,-193.86990841604396,-0.4069196498052392,-475.3465368860875,-193.87512624498643,-0.3993275151652469,0.011551243196989603,0.008705786064694413,0.4103840032049354,0.006968858609752329,0.005217827199276369,-0.0075921346399923095,0.008705786064694413,0.011551243196989603,4,37
121060.56100010872,85.93099999427795,121.43847138000001,31.028787878333333,16.689,121.43847132525272,31.028787814139154,16.715349558930416,-475.33956815435727,-193.75940769555947,-0.4269196498052388,-475.3447951015575,-193.7665249225985,-0.4005700908748224,0.027789856315572018,0.00883045062341974,0.4068353465352141,0.00522704231264703,0.007117224660951179,-0.02634955893041635,0.00883045062341974,0.027789856315572018,4,37
121060.66100001335,86.03099989891052,121.43847140833334,31.028788815,16.714,121.43847131987805,31.028788738662797,16.715169792110842,-475.33686305666464,-193.6555591923499,-0.4019196498052402,-475.34530824408967,-193.66402272028853,-0.40074985769439664,0.012013469764551622,0.01195638081533054,0.3982901450050584,0.008445341016501242,0.008463525111689924,-0.0011697921108435594,0.01195638081533054,0.012013469764551622,4,35
121060.76099991798,86.13099980354309,121.43847140333334,31.028789695,16.716,121.4384712915516,31.028789602640202,16.71505520861898,-475.33734042798886,-193.55799333921982,-0.39991964980523775,-475.34801268587563,-193.56823329646548,-0.40086444118625764,0.014820611133253236,0.01479046596999095,0.39508872582408155,0.01067245188510829,0.010239953826532073,0.0009447913810198827,0.01479046596999095,0.014820611133253236,4,35
121060.86100006104,86.23099994659424,121.438471375,31.028790513333334,16.721,121.43847123593511,31.028790406786815,16.71392953788969,-475.3400455256815,-193.4672644866097,-0.39491964980523875,-475.3533226174197,-193.4790773300538,-0.40199011191554845,0.0191264785665211,0.0177716276098242,0.37868369171096,0.013277332972754624,0.011812839499158052,0.007070462110309705,0.0177716276098242,0.0191264785665211,4,36
121060.96099996567,86.3309998512268,121.43847122666666,31.028791195,16.726,121.43847115362739,31.028791143940914,16.713791436341324,-475.35420751329264,-193.39168790734738,-0.38991964980523974,-475.3611808703798,-193.39734884285548,-0.40212821346391436,0.015156670855526378,0.008981962191795959,0.359175603123895,0.0069734837338204046,0.005660933618140588,0.01220856365867462,0.008981962191795959,0.015156670855526378,4,36
121061.06200003624,86.4319999217987,121.43847111666668,31.028791813333335,16.732,121.43847106387743,31.028791805308234,16.712607041491975,-475.3647096605627,-193.32313311255533,-0.3839196498052395,-475.3697496646368,-193.32402285761876,-0.4033126083132643,0.020056945151813003,0.005118027855420819,0.35453302096136124,0.005040095572477574,0.0008897447662983953,0.019392958508024805,0.005118027855420819,0.020056945151813003,5,37
121061.16199994087,86.53199982643127,121.43847105000002,31.02879239166667,16.739,121.4384709739933,31.0287923645498,16.711244255931174,-475.3710745985965,-193.2590131290448,-0.37691964980523807,-475.37833126850876,-193.26201958406583,-0.40467539387406504,0.028845818833216935,0.007854930639066726,0.3422032414846223,0.007256801608863257,0.003006454016636353,0.02775574406882697,0.007854930639066726,0.028845818833216935,5,37
121061.26200008392,86.63199996948242,121.43847087333333,31.028792808333332,16.731,121.4384708912214,31.02879282522168,16.71032287720603,-475.3879416863296,-193.2128171760212,-0.3849196498052372,-475.3862338388981,-193.21094476039147,-0.40559677259921045,0.020831855262413258,0.0025343217311710846,0.3261162973694047,-0.0017078784177171067,-0.0018724150040474777,0.020677122793973268,0.0025343217311710846,0.020831855262413258,4,37
121061.36199998856,86.73199987411499,121.43847080333335,31.028793170000004,16.724,121.43847081948458,31.028793184264146,16.709286184021373,-475.39462487029346,-193.17271908771622,-0.39191964980523863,-475.3930828457923,-193.17113761852758,-0.40663346578386594,0.01487868776484937,0.0022088388241268265,0.31628202643761005,-0.0015420524726427682,-0.001581468660007623,0.01471381597862731,0.0022088388241268265,0.01487868776484937,4,37
121061.46199989319,86.83199977874756,121.43847073,31.02879343333333,16.71,121.43847076136002,31.028793442233415,16.70935512808676,-475.40162630261653,-193.1435232461331,-0.405919649805238,-475.39863223429614,-193.1425364914176,-0.40656452171847945,0.0032178120338099974,0.0031525314432126945,0.3090596116286585,-0.0029941226231847452,-0.00098675438574045,0.0006448719132414737,0.0031525314432126945,0.0032178120338099974,4,37
121061.56200003624,86.9319999217987,121.43847071,31.028793606666667,16.713,121.43847072026377,31.028793605474906,16.70844789388589,-475.40353578305496,-193.12430572940445,-0.40291964980523787,-475.40255586087716,-193.12443786020103,-0.4074717559193495,0.004658262649630081,0.0009888077865825933,0.309112454636564,-0.0009799399487105348,0.00013213075239156712,0.004552106114111609,0.0009888077865825933,0.004658262649630081,4,37
121061.66199994087,87.03199982643127,121.43847071333333,31.02879371166667,16.714,121.43847069411508,31.028793685498528,16.708515588533,-475.40321753712504,-193.11266434899707,-0.4019196498052402,-475.4050523826691,-193.1155656183097,-0.4074040612722385,0.006470155130309674,0.003432803267146283,0.30683690365005006,0.0018348788173652463,0.002901268342727799,0.005484411466998296,0.003432803267146283,0.006470155130309674,4,36
121061.76200008392,87.13199996948242,121.43847060333334,31.028793674999996,16.7,121.43847068519347,31.028793718699262,16.708926540031953,-475.413719684395,-193.11672959378845,-0.41591964980523954,-475.40590416497093,-193.11188464322777,-0.4069931097732855,0.012815662542011169,0.009195547262051903,0.31239952897030115,-0.007815661149534577,-0.0048449489413497525,-0.008926540031954033,0.009195547262051903,0.012815662542011169,5,36
121061.86199998856,87.23199987411499,121.438470595,31.028793698333335,16.702,121.43847067764854,31.028793754033675,16.709651020499628,-475.41451530164926,-193.11414261918915,-0.4139196498052371,-475.4066245108583,-193.10796710697227,-0.40626862930561103,0.01260721530832869,0.010020167820194376,0.3056090917219442,-0.007890933879308266,-0.006175510153602203,-0.007651020499626071,0.010020167820194376,0.01260721530832869,5,36
121061.96199989319,87.33199977874756,121.43847058666667,31.028793746666665,16.706,121.43847066736102,31.028793810331322,16.711151712044526,-475.41531091890346,-193.10878388956652,-0.4099196498052393,-475.40760670198756,-193.1017253703214,-0.4047679377607132,0.011649888778818151,0.010448912458678052,0.30545722426381205,-0.007704356618381123,-0.0070585168885484995,-0.0051517120445261355,0.010448912458678052,0.011649888778818151,5,36
121062.06200003624,87.4319999217987,121.43847067666665,31.028793800000003,16.725,121.43847066687592,31.02879388643938,16.712168979144693,-475.40671825450124,-193.1028708066824,-0.3909196498052374,-475.40765301628824,-193.09328724789265,-0.40375067066054626,0.016042239409058325,0.009629036767412062,0.3123381256010527,0.0009347787367149857,-0.009583555591822841,0.01283102085530885,0.009629036767412062,0.016042239409058325,4,36
121062.16199994087,87.53199982643127,121.43847070833333,31.02879387333333,16.728,121.43847068098027,31.028793971639733,16.711923655776868,-475.4036949084493,-193.09474031921545,-0.3879196498052373,-475.406306415544,-193.08384106067183,-0.40399599402837083,0.019597520703312433,0.011207764011437815,0.3148309025405352,0.002611554445687452,-0.010899254906336062,0.016076344223133532,0.011207764011437815,0.019597520703312433,4,36
121062.26200008392,87.63199996948242,121.43847071166668,31.028793889999996,16.725,121.43847068599652,31.028794058302818,16.710646271030914,-475.40337666009,-193.09289248182796,-0.3909196498052374,-475.4058274943365,-193.07423269936777,-0.405273378774325,0.023669042873932566,0.018820043975773103,0.2891166503204494,0.002450878681485581,-0.018659776229598066,0.014353728969087598,0.018820043975773103,0.023669042873932566,4,36
121062.36199998856,87.73199987411499,121.43847071333333,31.028793945,16.718,121.43847068452159,31.02879413688284,16.709177413024385,-475.40321753712504,-193.08679461499352,-0.39791964980523886,-475.40596831264605,-193.06552050943827,-0.40674223678085397,0.02319466201543945,0.021451207543356998,0.28383101254836696,0.002750825391230913,-0.02127409844705847,0.00882258697561511,0.021451207543356998,0.02319466201543945,4,36
121062.46199989319,87.83199977874756,121.43847071833333,31.028793973333336,16.719,121.4384706815986,31.02879417187486,16.70924431477547,-475.4027401658008,-193.08365328995376,-0.39691964980523764,-475.40624738151183,-193.0616409344013,-0.4066753350297674,0.024331417456331068,0.022290008551683966,0.26704778061416684,0.0035072792939569762,-0.022012348197962092,0.009755685224529742,0.022290008551683966,0.024331417456331068,4,36
121062.56200003624,87.9319999217987,121.43847069999998,31.028793959999998,16.71,121.43847069439484,31.028794129345837,16.708450743953783,-475.4044905257036,-193.0851315608511,-0.405919649805238,-475.4050256726907,-193.06635613934807,-0.4074689058514558,0.018846824770938096,0.01878304047937137,0.3292911271070713,0.0005351566891684432,-0.01877541522757198,0.0015492560462178062,0.01878304047937137,0.018846824770938096,4,36
121062.66199994087,88.03199982643127,121.43847069333333,31.028793871666668,16.71,121.43847070386961,31.028794040066394,16.706594327858415,-475.40512701999273,-193.09492510316576,-0.405919649805238,-475.4041210777532,-193.0762545768048,-0.4093253219468238,0.019005232978740245,0.01869760085787003,0.32183643288335856,-0.001005960477370797,-0.018670520114827813,0.003405672141585825,0.01869760085787003,0.019005232978740245,4,36
121062.76200008392,88.13199996948242,121.438470695,31.028793864999997,16.701,121.4384706993958,31.028793913113326,16.706842244962424,-475.4049678945985,-193.09566423896706,-0.4149196498052383,-475.40454821148296,-193.09032989998803,-0.4090774048428152,0.007922317830709678,0.005350821769581003,0.28451008474061895,-0.0004196907249820737,-0.005334337194552477,-0.005842244962423138,0.005350821769581003,0.007922317830709678,4,36
121062.86199998856,88.23199987411499,121.438470655,31.028793688333334,16.69,121.43847067931154,31.028793748850152,16.7075863190875,-475.4087868579046,-193.11525132218586,-0.42591964980523755,-475.4064657377102,-193.10854180551732,-0.40833333071773836,0.018965336728111033,0.007099674511081397,0.2884113017070713,-0.002321162284019147,-0.0067095144246469805,-0.01758631908749919,0.007099674511081397,0.018965336728111033,4,36
121062.96199989319,88.33199977874756,121.43847060000002,31.028793541666666,16.678,121.43847064943976,31.02879352442915,16.70831035144503,-475.41403793032504,-193.1315122985303,-0.437919649805238,-475.40931771720545,-193.13342342647837,-0.4076092983602102,0.030735175814671715,0.005092507009095035,0.3016896834022916,-0.004720298724260107,0.0019111273090588366,-0.030310351445027806,0.005092507009095035,0.030735175814671715,5,36
121063.06200003624,88.4319999217987,121.43847054666666,31.02879325666667,16.677,121.43847059959315,31.028793234068644,16.708214176052532,-475.4191298822097,-193.16311033005715,-0.43891964980523923,-475.4140767770066,-193.16561577964958,-0.4077054737527064,0.03171966044285789,0.005640219142168894,0.29564616004681005,-0.00505319686039268,0.002505448754575909,-0.03121417605253285,0.005640219142168894,0.03171966044285789,5,36
121063.16199994087,88.53199982643127,121.43847044833335,31.02879287,16.667,121.43847053359508,31.02879288061468,16.709158562600834,-475.4285181662954,-193.20598017479597,-0.44891964980523724,-475.4203778807429,-193.2048033220109,-0.40676108720440496,0.042953417040266145,0.00822506138984578,0.29219622274200635,-0.008140433238781237,-0.0011768523916266672,-0.04215856260083228,0.00822506138984578,0.042953417040266145,4,36
121063.26200008392,88.63199996948242,121.43847038500002,31.028792398333334,16.662,121.43847045271902,31.02879246476567,16.709168720478026,-475.43456485597005,-193.25827399394876,-0.4539196498052398,-475.4280994476057,-193.250908621873,-0.40675092932721313,0.048176133962186334,0.009800596512881794,0.2953843325731003,-0.00646552569199497,-0.007365369612888666,-0.04716872047802667,0.009800596512881794,0.048176133962186334,5,36
121063.36199998856,88.73199987411499,121.43847025666668,31.02879194333333,16.65,121.43847035798312,31.028791999169517,16.710293940578655,-475.4468173631427,-193.30871997500884,-0.46591964980524025,-475.4371442697929,-193.30252940130154,-0.4056257092265838,0.06137796493544998,0.011484568303370102,0.2945831010387832,-0.009673268936115894,-0.006190571637930422,-0.060293940578656446,0.011484568303370102,0.06137796493544998,5,36
121063.46199989319,88.83199977874756,121.43847012500001,31.02879142833334,16.648,121.43847023730868,31.028791491209656,16.710390856019618,-475.45938811624546,-193.36581817263857,-0.46791964980523915,-475.4486655503149,-193.3588470574312,-0.4055287937856207,0.06368824793474803,0.012789605550492012,0.2910896872984131,-0.010722760623954072,-0.006971112876618494,-0.06239085601961847,0.012789605550492012,0.06368824793474803,5,36
121063.56200003624,88.9319999217987,121.43846992166667,31.02879088166667,16.632,121.43847009283485,31.02879094521997,16.710784929308808,-475.47880117870625,-193.42642726391395,-0.4839196498052374,-475.46245905440156,-193.41938109091583,-0.40513472049643084,0.08076997174232538,0.01779672017711119,0.2855257199039371,-0.016342421128601847,-0.0070461706421164946,-0.07878492930880654,0.01779672017711119,0.08076997174232538,5,36
121063.66199994087,89.03199982643127,121.43846974166667,31.028790288333333,16.631,121.43846992447601,31.028790365822715,16.711802389327364,-475.49598651236937,-193.49221030156687,-0.4849196498052386,-475.47853295902314,-193.48361903165235,-0.4041172604778751,0.08311121214756233,0.01945372621443731,0.2845271487547561,-0.017453870465622186,-0.008591267042501181,-0.0808023893273635,0.01945372621443731,0.08311121214756233,5,36
121063.76200008392,89.13199996948242,121.43846956,31.028789633333336,16.631,121.43846974230445,31.02878976608083,16.71122858712797,-475.51333096656816,-193.56483033973979,-0.4849196498052386,-475.49592561993495,-193.55011258714637,-0.4046910626772693,0.08340380922335454,0.022794060639025154,0.2879677695493111,-0.017405662984196327,-0.014717747670623166,-0.08022858712796932,0.022794060639025154,0.08340380922335454,5,36
121063.86299991608,89.23299980163574,121.43846934333332,31.02878900166667,16.627000000000002,121.43846954333408,31.02878914307593,16.71147802554042,-475.5340170176075,-193.6348634047239,-0.4889196498052364,-475.51492213062744,-193.61918531990696,-0.40444162426481967,0.08801685603374179,0.02470688460444032,0.2891304848061448,-0.019095234164296475,-0.01567807957205904,-0.08447802554041672,0.02470688460444032,0.08801685603374179,5,36
121063.96300005913,89.33299994468689,121.43846911166665,31.028788353333333,16.623,121.43846933259391,31.02878850972672,16.711670241749818,-475.556135177761,-193.70674430850602,-0.4929196498052377,-475.53504235282173,-193.68940492916545,-0.40424940805542064,0.0927792492711672,0.027305261825340054,0.2855218734015939,-0.021093208590302805,-0.017339373538751302,-0.08867024174981708,0.027305261825340054,0.0927792492711672,5,37
121064.06299996376,89.43299984931946,121.43846891833333,31.028787723333334,16.614,121.43846911688951,31.028787860972123,16.711906685278844,-475.5745934975733,-193.77659259024506,-0.5019196498052381,-475.5556365307669,-193.7613325379551,-0.40401296452639457,0.10088591443136868,0.02433616050988598,0.3299321517030501,-0.018957311738171945,-0.015260047182912054,-0.0979066852788435,0.02433616050988598,0.10088591443136868,5,37
121064.16300010681,89.5329999923706,121.43846873333332,31.028787041666668,16.663,121.43846889719524,31.028787196389516,16.712077073632873,-475.59225620256063,-193.8521691695074,-0.4529196498052386,-475.57661163745877,-193.83501500291402,-0.40384257617236585,0.054291672643084606,0.02321694557898282,0.3241346000209336,-0.015644849871802726,-0.017154160851123094,-0.049077073632872725,0.02321694557898282,0.054291672643084606,5,36
121064.26300001144,89.63299989700317,121.43846849833332,31.028786346666667,16.663,121.43846867134057,31.028786521384717,16.713274963612953,-475.6146926086441,-193.92922401966706,-0.4529196498052386,-475.59817490297485,-193.90985297955012,-0.40264468619228566,0.05635293645848807,0.025457444514535518,0.3277609220155622,-0.016518006452106226,-0.019371033634239334,-0.050274963612952916,0.025457444514535518,0.05635293645848807,4,36
121064.36299991608,89.73299980163574,121.438468245,31.028785640000002,16.661,121.43846844001241,31.028785832859207,16.713390841770256,-475.63887937463033,-194.00757235677375,-0.45491964980523747,-475.6202607439331,-193.98619000116398,-0.40252880803498314,0.059570724066440116,0.028352616535412076,0.3236263794596953,-0.0186189698715861,-0.021382348452054823,-0.052390841770254326,0.028352616535412076,0.059570724066440116,4,36
121064.46300005913,89.83299994468689,121.43846798999999,31.028784915,16.659,121.43846820352525,31.028785127196574,16.713576557441424,-475.66322526115226,-194.08795331521821,-0.4569196498052399,-475.64283913681174,-194.06442702034371,-0.4023430923638145,0.06283069326092358,0.0311302970350599,0.3332553850889996,-0.02038649586405331,-0.023526286997229216,-0.05457655744142542,0.0311302970350599,0.06283069326092358,4,36
121064.56299996376,89.93299984931946,121.43846778000001,31.028784313333336,16.697,121.4384679690284,31.02878440711942,16.713859954439915,-475.683274815473,-194.15466027191752,-0.41891964980523966,-475.6652275062321,-194.1442621817171,-0.40205969536532393,0.026797304314387423,0.020828765081056844,0.3439215811536535,-0.018047638277727988,-0.010398086718148703,-0.016859954439915725,0.020828765081056844,0.026797304314387423,4,36
121064.66300010681,90.0329999923706,121.438467635,31.028783556666667,16.727,121.43846774432743,31.02878367567677,16.715105176188608,-475.6971185571542,-194.2385521233024,-0.3889196498052385,-475.6866806231499,-194.22535743889097,-0.4008144736166308,0.02060438920254063,0.016824209369408955,0.33672536379642226,-0.010438124389444303,-0.01319467999370186,0.011894823811392286,0.016824209369408955,0.02060438920254063,4,36
121064.76300001144,90.13299989700317,121.43846744,31.028782743333334,16.722,121.43846753302577,31.028782932386772,16.715336358851253,-475.71573600236076,-194.32872662406155,-0.3939196498052375,-475.70685445235574,-194.30776621516083,-0.4005832909539855,0.023719767488391358,0.02276451748542149,0.33224961547129295,-0.008881712071465321,-0.020960401881253324,0.006663641148747956,0.02276451748542149,0.023719767488391358,4,36
121064.86299991608,90.23299980163574,121.43846723833333,31.02878201333333,16.707,121.43846734306756,31.02878218006673,16.715570575825314,-475.73498993942735,-194.40966193435702,-0.4089196498052381,-475.7249905373537,-194.39117615456772,-0.4003490739799247,0.02269736301810837,0.02101702923817605,0.31969021665432645,-0.00999958461712699,-0.01848577359710067,-0.008570575825313398,0.02101702923817605,0.02269736301810837,4,36
121064.96300005913,90.33299994468689,121.43846706333333,31.028781238333334,16.706,121.438467175683,31.028781422113706,16.71582994262187,-475.7516979017662,-194.4955864070797,-0.4099196498052393,-475.74097142225895,-194.47521062464128,-0.4000897071833691,0.02503720369880902,0.023026806055256463,0.32117651866992,-0.010726675409170192,-0.02037577561156137,-0.009829942621870202,0.023026806055256463,0.02503720369880902,4,36
121065.06299996376,90.43299984931946,121.43846691166667,31.028780525000002,16.709,121.43846702845822,31.028780660791732,16.716093103410962,-475.7661781377366,-194.57467387928244,-0.4069196498052392,-475.7550275708219,-194.5596186113552,-0.3998265463942765,0.020032791681489196,0.018735010716712495,0.32384592985682775,-0.01115077065111262,-0.015055262881850237,-0.007093103410962698,0.018735010716712495,0.020032791681489196,4,36
121065.16300010681,90.5329999923706,121.43846674333332,31.02877974833333,16.688000000000002,121.43846689566635,31.02877989838463,16.716356777090013,-475.7822496057862,-194.6607831366607,-0.42791964980523645,-475.7677057517246,-194.6441469059201,-0.39956287271522584,0.0359499960880555,0.022097407354679764,0.3172221199098452,-0.01454411991451099,-0.0166362251641104,-0.02835677709001061,0.022097407354679764,0.0359499960880555,4,35
121065.26300001144,90.63299989700317,121.43846662166668,31.028779015,16.677,121.43846678192516,31.028779141377058,16.716645590325186,-475.79386561624045,-194.74208801415156,-0.43891964980523923,-475.7785650863481,-194.72807655349317,-0.399274059480053,0.04474604460507239,0.020746943764483196,0.3169495788429268,-0.015300809698420546,-0.014011455960725422,-0.03964559032518622,0.020746943764483196,0.04474604460507239,5,35
121065.36299991608,90.73299980163574,121.43846657166665,31.02877825666667,16.682000000000002,121.43846668960175,31.02877839325773,16.716923579825256,-475.798639322195,-194.8261646487815,-0.4339196498052367,-475.7873795783958,-194.8110207588359,-0.39899606997998305,0.039696097366750685,0.018871240508765943,0.3177208976889193,-0.01125994979869482,-0.01514388486718521,-0.034923579825253626,0.018871240508765943,0.039696097366750685,5,35
121065.46300005913,90.83299994468689,121.43846648499999,31.028777506666664,16.673000000000002,121.43846661481305,31.02877765902763,16.71720140912583,-475.8069137406674,-194.90931736577562,-0.442919649805237,-475.79451996090904,-194.8924250614876,-0.39871824067940764,0.04891549571524981,0.020951399770890496,0.3233063427268043,-0.012394006600840352,-0.01689229862209392,-0.04420140912582937,0.020951399770890496,0.04891549571524981,5,36
121065.56299996376,90.93299984931946,121.43846643999998,31.028776825,16.679000000000002,121.4384665534449,31.028776942479386,16.71745250744881,-475.81121007529777,-194.98489394503795,-0.4369196498052368,-475.80037902725786,-194.97186897180228,-0.3984671423564272,0.04201857970944205,0.01694006232863325,0.31891817046153265,-0.01083124636128528,-0.013024968865956024,-0.03845250744880957,0.01694006232863325,0.04201857970944205,4,36
121065.66300010681,91.0329999923706,121.43846638666668,31.028776128333334,16.677,121.43846650407389,31.028776254604082,16.71775577083125,-475.8163020247532,-195.06213357914794,-0.43891964980523923,-475.8050926788812,-195.0481339047617,-0.39816387897398897,0.04452726856182796,0.017934458160975005,0.3095050925504493,-0.011209551201305987,-0.013999669688712744,-0.04075577083125026,0.017934458160975005,0.04452726856182796,4,35
121065.76300001144,91.13299989700317,121.43846631166667,31.028775515,16.675,121.43846647355284,31.028775622630988,16.718081626819504,-475.8234625800413,-195.130134022089,-0.4409196498052381,-475.8080066488472,-195.11820094343548,-0.39783802298573434,0.04730031082344691,0.01952672104014655,0.3063618784761087,-0.015456214413762133,-0.011933074648870412,-0.04308162681950378,0.01952672104014655,0.04730031082344691,5,35
121065.86299991608,91.23299980163574,121.43846630000002,31.028774925,16.67,121.43846646011934,31.02877505488759,16.718334583031247,-475.82457644322545,-195.1955474918413,-0.44591964980523713,-475.80928919908786,-195.18114681761466,-0.39758506677399197,0.05270028080342797,0.021002087514240743,0.3001648141699881,-0.01528752435760131,-0.014400669393176604,-0.04833458303124516,0.021002087514240743,0.05270028080342797,5,36
121065.96300005913,91.33299994468689,121.43846626999999,31.02877440666667,16.66,121.4384664573037,31.02877455994296,16.718513726109574,-475.8274406663124,-195.25301525737166,-0.4559196498052387,-475.80955801880407,-195.2360214713904,-0.39740592369566485,0.06350153951142512,0.024669604315733624,0.2905759592306122,-0.017882975395728373,-0.016993780276637588,-0.05851372610957384,0.024669604315733624,0.06350153951142512,5,35
121066.06299996376,91.43299984931946,121.43846627166667,31.028773969999996,16.653,121.43846645872152,31.028774147330644,16.718659379640417,-475.8272815433474,-195.3014286177992,-0.46291964980524014,-475.8094226542374,-195.2817679176318,-0.39726027016482135,0.07082830384286827,0.02656114625713708,0.27740469808008883,-0.01785921663931827,-0.01966069356668082,-0.06565937964041879,0.02656114625713708,0.07082830384286827,4,35
121066.16300010681,91.5329999923706,121.43846627500001,31.02877362,16.651,121.43846646133943,31.028773823387898,16.718835300936906,-475.82696329498816,-195.34023321774663,-0.46491964980523903,-475.80917271248745,-195.3176835430298,-0.3970843488683329,0.07366567707460228,0.02872288156955989,0.28967864721681175,-0.017790908837875857,-0.02254966714568873,-0.06783530093690615,0.02872288156955989,0.07366567707460228,4,34
121066.26300001144,91.63299989700317,121.43846624999999,31.028773398333335,16.646,121.4384664658917,31.02877359299337,16.718979293789417,-475.82935014918013,-195.36480946480316,-0.46991964980523804,-475.808738089275,-195.34322745064603,-0.396940356015822,0.0788456273141028,0.029843854049912782,0.2836980438310238,-0.02061243804753011,-0.021582006910600988,-0.07297929378941603,0.029843854049912782,0.0788456273141028,5,34
121066.36299991608,91.73299980163574,121.43846625833334,31.02877323833333,16.644,121.43846646899003,31.028773453636923,16.71902437715165,-475.8285545294966,-195.38254871133972,-0.4719196498052405,-475.8084422777834,-195.35867794023466,-0.3968952726535875,0.08125877189284625,0.031214273058012214,0.2705127692727459,-0.02011262071573034,-0.02387076308971546,-0.075024377151653,0.031214273058012214,0.08125877189284625,5,34
121066.46300005913,91.83299994468689,121.43846626333334,31.028773166666664,16.641,121.43846647017325,31.028773400715426,16.719010912266853,-475.82807716060165,-195.39049441556165,-0.4749196498052406,-475.80832931121563,-195.36454536189308,-0.39690873753838574,0.0845520386074348,0.032608968091097576,0.26671013234947905,-0.01974821171360227,-0.02594904495508384,-0.07801091226685486,0.032608968091097576,0.0845520386074348,5,35
121066.56299996376,91.93299984931946,121.43846627666666,31.028773276666666,16.633,121.4384664733007,31.028773418307644,16.71993774947794,-475.82680417445243,-195.37829868330329,-0.4829196498052397,-475.808030720623,-195.36259490734693,-0.39598190032729974,0.0903174191384321,0.024475782225256218,0.2915028440037428,-0.018773798278350375,-0.01570377068547477,-0.08693774947793997,0.024475782225256218,0.0903174191384321,5,35
121066.66400003433,92.03399991989136,121.43846630499999,31.02877333666667,16.629,121.43846649310882,31.02877346357856,16.71968551049188,-475.82409907433055,-195.37164646532312,-0.4869196498052375,-475.8061395594158,-195.35757570798035,-0.3962341393133606,0.09351151749418574,0.022815391534950484,0.2740940558022983,-0.01795984442060347,-0.014070752619558365,-0.0906855104918769,0.022815391534950484,0.09351151749418574,5,35
121066.76399993896,92.13399982452393,121.43846638666668,31.028773426666664,16.628,121.43846651407839,31.02877351404034,16.71954776513199,-475.8163020247532,-195.36166814046865,-0.4879196498052387,-475.80413750867865,-195.35198099620095,-0.39637188467325046,0.09285911308424188,0.015550613561217974,0.27978274877481374,-0.012164739252021972,-0.009687141015833947,-0.09154776513198826,0.015550613561217974,0.09285911308424188,5,35
121066.86400008202,92.23399996757507,121.438466375,31.028773488333332,16.622,121.43846651864612,31.028773557549556,16.719552706103954,-475.8174158879374,-195.35483113924343,-0.49391964980523895,-475.8037014084614,-195.34715711663435,-0.39636694370128467,0.0988104999500206,0.01571573835899993,0.260692015806041,-0.013714731083795364,-0.007674020033054317,-0.09755270610395428,0.01571573835899993,0.0988104999500206,5,35
121066.96399998665,92.33399987220764,121.438466395,31.02877352666667,16.627000000000002,121.43846650723114,31.028773600470313,16.719560890424532,-475.8155064074989,-195.350581111207,-0.4889196498052364,-475.80479124359687,-195.34239847978256,-0.39635875938070697,0.09353765444171971,0.013482372279269883,0.260960517483363,-0.010715360479185199,-0.008182628677750258,-0.09256089042452942,0.013482372279269883,0.09353765444171971,5,35
121067.06399989128,92.43399977684021,121.43846639166668,31.028773575,16.624000000000002,121.43846649113667,31.02877365023812,16.719536491960987,-475.81582465342893,-195.3452223808791,-0.4919196498052365,-475.80632784836524,-195.33688070883284,-0.3963831578442516,0.09636906846882586,0.012640255588314366,0.2523522125212406,-0.009496979284193928,-0.008341669246230273,-0.0955364919609849,0.012640255588314366,0.09636906846882586,5,35
121067.16400003433,92.53399991989136,121.438466385,31.028773626666666,16.622,121.43846647199568,31.028773704476684,16.71948528839494,-475.8164611477182,-195.3394940826506,-0.49391964980523895,-475.80815531617355,-195.33086726349998,-0.3964343614103001,0.09821808784985175,0.011975446857499513,0.26001556636270734,-0.008305983911723158,-0.008626816254852716,-0.09748528839493886,0.011975446857499513,0.09821808784985175,5,35
121067.26399993896,92.63399982452393,121.438466335,31.028773805,16.615000000000002,121.43846645753675,31.028773763691984,16.719574700449858,-475.8212348512435,-195.31972221477622,-0.5009196498052368,-475.80953576899134,-195.32430204615,-0.396344949355381,0.10532671248325098,0.012563772855012076,0.2618779266347407,-0.011699296860085195,0.004579829836570238,-0.10457470044985584,0.012563772855012076,0.10532671248325098,5,35
121067.36400008202,92.73399996757507,121.43846629,31.028773868333328,16.615000000000002,121.4384664396672,31.028773846225437,16.71900956855662,-475.82553118587396,-195.31270043030594,-0.5009196498052368,-475.8112418479041,-195.3151515383569,-0.39691008124862037,0.10501519389315855,0.014498296351095362,0.2725638789312722,-0.014289600079802754,0.002451107228067798,-0.10400956855661647,0.014498296351095362,0.10501519389315855,5,35
121067.46399998665,92.83399987220764,121.43846626666667,31.028773978333334,16.618000000000002,121.43846639932606,31.02877399125435,16.718554693515905,-475.8277589122424,-195.30050469804758,-0.49791964980523673,-475.81509338062176,-195.29907214127024,-0.39736495628933355,0.10135936158747767,0.01274652083291055,0.2769801963622373,-0.012665763924918416,-0.0014325562962962056,-0.10055469351590318,0.01274652083291055,0.10135936158747767,5,35
121067.56399989128,92.93399977684021,121.43846617,31.02877421666667,16.613,121.4384663281412,31.028774224862737,16.71900092756863,-475.83698807336316,-195.27408061219305,-0.5029196498052393,-475.8218896890568,-195.27317191190963,-0.3969187222366095,0.10707470266595177,0.015125981144774793,0.2745651367772868,-0.015098661196985556,-0.0009086999783895996,-0.10600092756862978,0.015125981144774793,0.10707470266595177,5,35
121067.66400003433,93.03399991989136,121.43846610500002,31.028774241666664,16.625,121.43846620675396,31.02877456453197,16.719273379304447,-475.8431938860028,-195.2713088557592,-0.49091964980523883,-475.8334790235426,-195.2355126862605,-0.39664627050079204,0.10130753649115219,0.03709106232539096,0.26843571237407005,-0.009715040587765005,-0.03579615748658108,-0.09427337930444679,0.03709106232539096,0.10130753649115219,5,35
121067.76399993896,93.13399982452393,121.43846587833335,31.028774901666665,16.62,121.43846603710892,31.028774997059877,16.719418100498515,-475.8648346772613,-195.19813446573534,-0.49591964980523784,-475.84967572604444,-195.1875581927997,-0.39650154930672343,0.10112179986382039,0.01848403908689426,0.26442563736055524,-0.015159229096794607,-0.010576269387488695,-0.0994181004985144,0.01848403908689426,0.10112179986382039,5,35
121067.86400008202,93.23399996757507,121.438465685,31.028775390000003,16.619,121.43846583654614,31.02877549074587,16.719632233319455,-475.8832929995029,-195.1439928077845,-0.49691964980523906,-475.8688242710511,-195.13282308490344,-0.3962874164857837,0.10227883839956463,0.018278796500397737,0.2693288120655896,-0.014468993605159006,-0.011169719135091103,-0.10063223331945537,0.018278796500397737,0.10227883839956463,5,35
121067.96399998665,93.33399987220764,121.438465805,31.02877482166667,16.621000000000002,121.43846557627364,31.028776055229432,16.718814479595704,-475.8718361095843,-195.20700408829836,-0.4949196498052366,-475.8936735465296,-195.07023862936842,-0.3971051702095352,0.16955630850075912,0.1384979037163621,0.2689130265882394,0.021837837005645806,-0.13676541305732803,-0.09781447959570144,0.1384979037163621,0.16955630850075912,5,35
121068.06399989128,93.43399977684021,121.43846511666668,31.028776500000003,16.603,121.43846525069478,31.028776706214646,16.71891058902987,-475.9375540957556,-195.02092678855155,-0.5129196498052373,-475.92475788808645,-194.9980637112728,-0.3970090607753676,0.1188349003005397,0.026200551142826208,0.2736964382922596,-0.012796442008024163,-0.02286306961287408,-0.11591058902986973,0.026200551142826208,0.1188349003005397,5,35
121068.16400003433,93.53399991989136,121.43846473500001,31.02877728,16.601,121.43846484337146,31.028777450694257,16.718963412389083,-475.9739933664852,-194.93444796397787,-0.5149196498052397,-475.96364670311266,-194.91552304258357,-0.3969562374161555,0.11991904116720228,0.021568722075820803,0.2771824429190584,-0.010346852772140477,-0.01892491505121353,-0.11796341238908425,0.021568722075820803,0.11991904116720228,5,35
121068.26399993896,93.63399982452393,121.43846426666666,31.028778113333335,16.634,121.43846433868758,31.028778284398935,16.71932879475182,-476.01870706054575,-194.84205605722536,-0.4819196498052385,-476.01183092826557,-194.82308996498324,-0.39659085505341807,0.08768123261605948,0.020174125489677,0.29634906013513507,-0.006876258090888092,-0.01896608588878399,-0.08532879475182042,0.020174125489677,0.08768123261605948,5,35
121068.36400008202,93.73399996757507,121.43846368999999,31.02877901833333,16.634,121.43846374836816,31.028779197233636,16.719815137677475,-476.0737637740527,-194.74171844695618,-0.4819196498052385,-476.06819112758313,-194.72188371872863,-0.39610451212776354,0.08825366598359619,0.020602711106555385,0.30853262777319895,-0.005572748377976779,-0.01983472158755796,-0.08581513767747495,0.020602711106555385,0.08825366598359619,5,35
121068.46399998665,93.83399987220764,121.43846301500001,31.028779994999997,16.633,121.43846305663938,31.028780184135726,16.720706900032148,-476.13820877164534,-194.63343513246508,-0.4829196498052397,-476.134233291996,-194.61246559964127,-0.3952127497730906,0.09026641868444285,0.021343055752767383,0.33024507092447436,-0.0039755523095724166,-0.0209695258100795,-0.0877069000321491,0.021343055752767383,0.09026641868444285,5,36
121068.56399989128,93.93399977684021,121.43846230333332,31.028781233333333,16.68,121.43846225570317,31.028781226036326,16.72051910269583,-476.2061544890436,-194.4961407589307,-0.4359196498052391,-476.2107019339095,-194.49694978016038,-0.3954005471094071,0.040781517976470574,0.004618931173963288,0.357370402712255,0.0045475279303584925,0.0008090209591965345,-0.04051910269583203,0.004618931173963288,0.040781517976470574,5,36
121068.66400003433,94.03399991989136,121.43846145500001,31.028782311666667,16.69,121.43846133131797,31.028782297019536,16.720454961905173,-476.28714832601014,-194.37658563193284,-0.42591964980523755,-476.29895675276754,-194.37820956329674,-0.3954646879000663,0.0327045239897801,0.011919781237617917,0.36377671700052805,0.011808642319954588,0.00162393082120071,-0.030454961905171274,0.011919781237617917,0.0327045239897801,5,35
121068.76399993896,94.13399982452393,121.43846043500001,31.028783429999997,16.69,121.43846028264628,31.028783397043274,16.720515556855545,-476.38453187938563,-194.25259569365352,-0.42591964980523755,-476.39907771088446,-194.25624961503752,-0.39540409294969336,0.03400204812642354,0.014998002086533808,0.42775719295662323,0.014546096865685705,0.0036539201635724062,-0.03051555685554419,0.014998002086533808,0.03400204812642354,5,35
121068.86400008202,94.23399996757507,121.43845924666667,31.028784449999996,16.699,121.43845909743746,31.028784518795735,16.72079302590786,-476.49798690324,-194.13950799998025,-0.4169196498052372,-476.512234423514,-194.13188059633725,-0.3951266238973794,0.027131392547405018,0.016160955520662223,0.4159243504739181,0.014247780032170834,-0.007627401097077355,-0.02179302590785781,0.016160955520662223,0.027131392547405018,5,36
121068.96399998665,94.33399987220764,121.43845796,31.028785601666662,16.7,121.43845778311433,31.02878567353524,16.72017108206484,-476.6208302087509,-194.0118223848102,-0.41591964980523954,-476.637718205332,-194.00385429499323,-0.395748567740398,0.027487775208213803,0.018673650800813478,0.430116887482984,0.016888304274677017,-0.007968087157947494,-0.020171082064841528,0.018673650800813478,0.027487775208213803,5,36
121069.06399989128,94.43399977684021,121.43845643333334,31.028786888333336,16.701,121.43845633953299,31.028786866316356,16.721438086983362,-476.7665872916695,-193.86916928024266,-0.4149196498052383,-476.77554279394013,-193.87161030945114,-0.39448156282187696,0.022447226122908035,0.009282379063231577,0.4241616371339452,0.008955665326989127,0.002441028394854239,-0.02043808698336136,0.009282379063231577,0.022447226122908035,4,35
121069.16400003433,94.53399991989136,121.43845486999999,31.028788071666668,16.707,121.43845476336726,31.028788090810618,16.721601961112416,-476.91584509439355,-193.73797277283742,-0.4089196498052381,-476.9260257550686,-193.73585027764824,-0.3943176886928228,0.017926847870349375,0.010399740681293996,0.41434585451446304,0.010180845908436879,-0.0021224944821660627,-0.014601961112415296,0.010399740681293996,0.017926847870349375,4,35
121069.26399993896,94.63399982452393,121.43845316500001,31.02878931833333,16.704,121.43845303895405,31.028789328895268,16.721788519169763,-477.07862838558094,-193.59975448096193,-0.4119196498052382,-477.09066250740386,-193.5985834761764,-0.39413113063547556,0.02150878936162218,0.012091178832091525,0.3965968209837949,0.01203434062401644,-0.0011710043957072756,-0.01778851916976265,0.012091178832091525,0.02150878936162218,4,35
121069.36400008202,94.73399996757507,121.43845132,31.028790573333335,16.704,121.43845116704638,31.028790578639892,16.720948494930557,-477.25477805198386,-193.4606122693348,-0.4119196498052382,-477.26938115628394,-193.460023929689,-0.39497115487468193,0.02237981295479577,0.014615216299478862,0.3919205291021278,0.014603369617048721,-0.0005883394499869331,-0.01694849493055628,0.014615216299478862,0.02237981295479577,4,32
121069.46499991417,94.8349997997284,121.43844932166667,31.02879183,16.739,121.43844911206776,31.028791849525792,16.71897343186845,-477.4455670724637,-193.3212852744626,-0.37691964980523807,-477.4655783339797,-193.3191204440446,-0.3969462179367902,0.02839392622835663,0.02012837836323779,0.40901011837125073,0.02001162481947745,-0.0021648296972587243,0.020026568131552125,0.02012837836323779,0.02839392622835663,4,32
121069.56500005722,94.93499994277954,121.43844708,31.02879313,16.767,121.43844692449863,31.028793127519602,16.716809645265858,-477.6595881187104,-193.17715389970297,-0.3489196498052394,-477.6744344672241,-193.17742890237585,-0.3991100045393807,0.05234089602021049,0.01484916455089449,0.38425531365195215,0.014846617845146766,0.0002750025812808486,0.05019035473414135,0.01484916455089449,0.05234089602021049,4,35
121069.66499996185,95.03499984741211,121.43844475166667,31.02879444333333,16.759,121.43844458921552,31.028794417370833,16.713995161793424,-477.88188358342956,-193.03154425545654,-0.3569196498052385,-477.8973934568763,-193.03442272518765,-0.40192448801181513,0.047689474102482386,0.01577499534615456,0.3645163074677414,0.015510154599542561,0.0028784687716712776,0.045004838206576636,0.01577499534615456,0.047689474102482386,4,35
121069.7650001049,95.13499999046326,121.43844222166666,31.028795770000002,16.766,121.43844212418473,31.02879571495044,16.712053959548506,-478.12343298764443,-192.88445633960748,-0.3499196498052406,-478.132739985456,-192.89055970040195,-0.40386569025673325,0.05508220778819185,0.011129884744572239,0.3665469412322669,0.009307166393748272,0.006103358759449144,0.05394604045149265,0.011129884744572239,0.05508220778819185,4,35
121069.86500000954,95.23499989509583,121.43843962166666,31.02879709833333,16.76,121.43843953932675,31.02879700017682,16.709953234263715,-478.3716655782524,-192.73718364051336,-0.35591964980523727,-478.3795269042568,-192.74806628176736,-0.40596641554152413,0.05181614850631978,0.013425143774507936,0.35634271842578397,0.007861468292315496,0.010882637623992046,0.05004676573628686,0.013425143774507936,0.05181614850631978,4,35
121069.96499991417,95.3349997997284,121.43843693333335,31.028798373333334,16.761,121.43843682397637,31.028798257003306,16.707567603858628,-478.62833170786837,-192.5958240235981,-0.3549196498052396,-478.6387724622714,-192.60872156728723,-0.4083520459466108,0.05594980585546079,0.01659396932187523,0.340812183384812,0.010440943236845546,0.012897539384716205,0.053432396141371186,0.01659396932187523,0.05594980585546079,4,34
121070.06500005722,95.43499994277954,121.43843413833335,31.028799535,16.756,121.43843397887679,31.02879949214049,16.705340439471648,-478.8951817388244,-192.46702970543134,-0.3599196498052386,-478.9104057073999,-192.47178155205887,-0.4105792103335908,0.0531107211493085,0.01594859329451429,0.3011641085870596,0.015224243717869955,0.004751845040899731,0.05065956052835219,0.01594859329451429,0.0531107211493085,4,34
121070.16499996185,95.53499984741211,121.438431135,31.028800858333337,16.76,121.43843099933586,31.02880072149536,16.703515380384772,-479.1819222059948,-192.32031135748295,-0.35591964980523727,-479.19487461420016,-192.3354826234294,-0.4124042694204668,0.0599036755778353,0.019948385765704606,0.31051380241330917,0.012952642123836433,0.015171260879346322,0.05648461961522955,0.019948385765704606,0.0599036755778353,4,34
121070.2650001049,95.63499999046326,121.43842801833334,31.028802103333337,16.75,121.4384279032655,31.028801952912715,16.70093260716017,-479.47948306393573,-192.18227784885252,-0.36591964980523883,-479.4904690590014,-192.19895502687416,-0.4149870426450697,0.05297578281379282,0.019970591494391482,0.30438248007492535,0.010986193325101628,0.016677172447970724,0.04906739283983086,0.019970591494391482,0.05297578281379282,4,33
121070.36500000954,95.73499989509583,121.43842486833334,31.028803266666667,16.740000000000002,121.43842468644317,31.028803196531946,16.697079126586697,-479.78022639332306,-192.0532987474407,-0.37591964980523684,-479.7975921887824,-192.06107460437204,-0.4188405232185417,0.046949409086641934,0.019027496919561338,0.2581722341600753,0.0173661086162814,0.007775854329360422,0.04292087341330486,0.019027496919561338,0.046949409086641934,5,33
121070.46499991417,95.8349997997284,121.43842148999998,31.028804526666665,16.736,121.43842135230678,31.028804449442504,16.692500372972383,-480.1027696369338,-191.9136021853731,-0.3799196498052382,-480.1159157683972,-191.92216405025945,-0.4234192768328562,0.046242297017111814,0.01568860994087474,0.2440188211192399,0.013146368345718376,0.008561862016851681,0.043499627027618004,0.01568860994087474,0.046242297017111814,5,34
121070.56500005722,95.93499994277954,121.43841805333335,31.028805816666665,16.73,121.43841789097586,31.028805706620485,16.68836386747439,-480.43088219646563,-191.7705795136102,-0.3859196498052384,-480.4463831277177,-191.78278036533655,-0.4275557823308489,0.04607293931375685,0.01972683971950199,0.24986315376319693,0.015501210352317992,0.0122008476317062,0.04163613252561049,0.01972683971950199,0.04607293931375685,4,34
121070.66499996185,96.03499984741211,121.43841449833332,31.028807096666664,16.729,121.43841430474873,31.02880697532403,16.68544603375671,-480.77029252780943,-191.6286655455492,-0.38691964980523963,-480.788774836802,-191.64211883820545,-0.4304736160485305,0.04918889076610344,0.022860424302228812,0.20803790843204067,0.018482641520131137,0.013453288137710358,0.04355396624329089,0.022860424302228812,0.04918889076610344,4,33
121070.7650001049,96.13499999046326,121.43841074333335,31.028808308333335,16.724,121.43841059920776,31.02880826467486,16.683331688021063,-481.1287976659671,-191.49432771239898,-0.39191964980523863,-481.1425579253013,-191.49916814013991,-0.4325879617841757,0.04320524122399079,0.014587024028467146,0.20649605845481156,0.013760506714384642,0.004840426114553667,0.040668311978937055,0.014587024028467146,0.04320524122399079,5,33
121070.86500000954,96.23499989509583,121.43840695833333,31.028809635000002,16.721,121.43840679188823,31.028809586445412,16.681259851921347,-481.4901670344995,-191.34723979725518,-0.39491964980523875,-481.5060582253784,-191.35262305857302,-0.4346597978838922,0.04313696642839637,0.016778513144235774,0.2452074593393518,0.015891476344147556,0.005383259508391855,0.03974014807865345,0.016778513144235774,0.04313696642839637,5,33
121070.96499991417,96.3349997997284,121.43840301,31.028811043333334,16.707,121.43840290819558,31.028810966595323,16.678310975082972,-481.867130497328,-191.19109747489279,-0.4089196498052381,-481.87685017948763,-191.19960544043445,-0.4376086747222665,0.03146301308368152,0.012917470403064126,0.2734081236391411,0.009719856616887115,0.008507962679819032,0.028689024917028405,0.012917470403064126,0.03146301308368152,4,34
121071.06500005722,96.43499994277954,121.43839908333332,31.028812371666664,16.7,121.4383989555238,31.028812412826476,16.6770337443566,-482.24202535675295,-191.04382477650393,-0.41591964980523954,-482.25422785225464,-191.03926137623168,-0.4388859054486396,0.026404161480191757,0.01302807910607077,0.27282143798201086,0.01220271433566208,-0.004563398737373814,0.022966255643400046,0.01302807910607077,0.026404161480191757,4,34
121071.16499996185,96.53499984741211,121.43839504333333,31.028813876666664,16.698,121.43839489266495,31.028813914271968,16.67424578755107,-482.62774060937795,-190.87696499278053,-0.41791964980523844,-482.64212553238804,-190.8727956822305,-0.44167386225417005,0.0280816518934409,0.01497720147408772,0.2666846338832436,0.01438518075081438,-0.004169309146826938,0.02375421244893161,0.01497720147408772,0.0280816518934409,4,34
121071.2650001049,96.63499999046326,121.438390925,31.028815289999997,16.692,121.43839073414092,31.028815442741056,16.671804130589592,-483.02093466322106,-190.7202683192724,-0.42391964980523866,-483.0391567570214,-190.70333387440675,-0.4441155192156465,0.03204223714912466,0.024876330522778,0.309922154879031,0.01822241999533311,-0.016934439163792243,0.020195869410407852,0.024876330522778,0.03204223714912466,4,34
121071.36500000954,96.73499989509583,121.438386675,31.02881704166667,16.7,121.43838651642426,31.02881702620566,16.6718031932877,-483.42669947259606,-190.5260605306481,-0.41591964980523954,-483.44183934421574,-190.52777469766073,-0.4441164565175377,0.03205030712654093,0.015236872321276978,0.2998775018040041,0.015140142389189851,0.0017141664358962117,0.028196806712298184,0.015236872321276978,0.03205030712654093,5,34
121071.46499991417,96.8349997997284,121.43838243666666,31.02881869,16.706,121.43838225289427,31.028818660053936,16.672160385448272,-483.8313504163576,-190.3433093398914,-0.4099196498052393,-483.84889591567656,-190.34662946899866,-0.44375926435696655,0.03826223085723264,0.017857177749092824,0.3359324288591994,0.01754581281345003,0.003320127991217891,0.03383961455172724,0.017857177749092824,0.03826223085723264,5,34
121071.56500005722,96.93499994277954,121.43837805,31.028820318333334,16.692,121.43837795846264,31.028820365070576,16.672523381358623,-484.2501633477304,-190.16277555442278,-0.42391964980523866,-484.2589027919053,-190.1575937832074,-0.44339626844661595,0.021967476408550877,0.01016028277453901,0.3992036843819396,0.008739600171894098,-0.005181769475191151,0.019476618641377286,0.01016028277453901,0.021967476408550877,4,34
121071.66499996185,97.03499984741211,121.43837371,31.028822151666667,16.695,121.4383736201208,31.028822156886918,16.67584572737026,-484.66452082393704,-189.95951335999038,-0.42091964980523855,-484.67310195652783,-189.9589345892855,-0.4400739224349799,0.020996656827384393,0.00860078124082279,0.3293488961790162,0.008581285605787579,-0.0005787705109904318,0.019154272629741342,0.00860078124082279,0.020996656827384393,4,34
121071.7650001049,97.13499999046326,121.43836935666668,31.028823983333336,16.692999999999998,121.43836926914015,31.028823985651403,16.67281290128244,-485.0801512838636,-189.75643594880304,-0.422919649805241,-485.08850779756165,-189.75617894431502,-0.44310674852279774,0.021849915669660342,0.008360613622150416,0.3999970365272967,0.008356662544120083,-0.0002570044018835948,0.02018709871755675,0.008360613622150416,0.021849915669660342,4,34
121071.86500000954,97.23499989509583,121.43836498833335,31.02882585666667,16.689,121.43836490050386,31.02882584927897,16.667869198934277,-485.4972138577628,-189.5487389423839,-0.4269196498052388,-485.5055992969463,-189.5495580191825,-0.4480504508709622,0.022748620451035317,0.008425495756694969,0.4257164394192926,0.008385588374972507,0.0008190765236599421,0.021130801065723404,0.008425495756694969,0.022748620451035317,4,34
121071.96499991417,97.3349997997284,121.43836061333334,31.02882780166666,16.686,121.43836052358483,31.028827784400264,16.665841344114487,-485.91491292595134,-189.33309623385858,-0.4299196498052389,-485.92348158173917,-189.33501056438334,-0.45007830569075225,0.021987736073335377,0.008780041601274538,0.42372053113424357,0.00856880806312978,0.0019143298820615037,0.020158655885513355,0.008780041601274538,0.021987736073335377,4,34
121072.06500005722,97.43499994277954,121.43835612833333,31.02882985833333,16.691,121.43835614010307,31.028829759016777,16.665182281614378,-486.3431141414099,-189.10507300771408,-0.4249196498052399,-486.34199043719593,-189.11608426264283,-0.4507373681908611,0.028090300681385925,0.011068442064329926,0.38141296466138935,-0.001123724160242605,0.011011251234220167,0.02581771838562119,0.011068442064329926,0.028090300681385925,5,34
121072.16499996185,97.53499984741211,121.438351855,31.028831804999996,16.701,121.43835179850417,31.02883181636559,16.664156939260984,-486.7511066795826,-188.88924551382792,-0.4149196498052383,-486.75650056475473,-188.88798540744858,-0.451762710544255,0.037257133820307556,0.005539214374388639,0.43615417741221957,0.005393980799296395,-0.0012601059567574192,0.036843060739016664,0.005539214374388639,0.037257133820307556,5,35
121072.26600003242,97.63599991798401,121.43834758333333,31.028834003333333,16.7,121.43834749394203,31.028833987982196,16.660942489570097,-487.1589400923611,-188.64551566389517,-0.41591964980523954,-487.16747464342995,-188.6472176489859,-0.454977160235142,0.04001533473007624,0.008702752011755037,0.464601264541061,0.008534702178337595,0.0017019845196669298,0.039057510429902464,0.008702752011755037,0.04001533473007624,5,35
121072.36599993706,97.73599982261658,121.43834339333334,31.02883623833333,16.697,121.43834330220207,31.02883621401322,16.6566087811637,-487.55897645556223,-188.39772057058155,-0.41891964980523966,-487.56767712836347,-188.40041694833224,-0.4593108686415377,0.04140562028827774,0.009109052221571667,0.48483332494441195,0.008700826643761733,0.0026963768450507172,0.04039121883629804,0.009109052221571667,0.04140562028827774,5,35
121072.46600008011,97.83599996566772,121.43833928000001,31.028838543333336,16.694,121.43833918252125,31.028838502737884,16.6521771225772,-487.95169314051043,-188.14216455629108,-0.42191964980523977,-487.9609998346615,-188.14666538607122,-0.4637425272280389,0.04308164511459539,0.010338039942729051,0.47559374559310813,0.009306858480144073,0.004500828266889512,0.04182287742279911,0.010338039942729051,0.04308164511459539,5,34
121072.56599998474,97.9359998703003,121.43833522000001,31.028840896666665,16.689999999999998,121.43833522054109,31.028840818277242,16.653546921041897,-488.33931787357386,-187.881249812378,-0.4259196498052411,-488.3392662148482,-187.88994087066123,-0.46237272876334146,0.037474845931922754,0.008691208897262152,0.5005607062390555,-5.165963659907704e-05,0.008691055366167866,0.03645307895810035,0.008691208897262152,0.037474845931922754,5,34
121072.66599988937,98.03599977493286,121.43833134833334,31.028843208333335,16.695999999999998,121.43833133541702,31.028843112854204,16.65832835187599,-488.7089616605785,-187.62495466299148,-0.4199196498052409,-488.71019483319117,-187.63554046184726,-0.45759129792924824,0.0391501328614812,0.010657383857805012,0.4856968447961278,0.001233194328639455,0.010585795314496419,0.03767164812400736,0.010657383857805012,0.0391501328614812,4,33
121072.76600003242,98.13599991798401,121.43832739333332,31.028845616666665,16.692999999999998,121.43832738161913,31.028845524300912,16.65105731756669,-489.08656161769625,-187.35794205365448,-0.422919649805241,-489.0876800187831,-187.36818267102166,-0.46486233223854967,0.04318923069950541,0.010301506623485715,0.512799008518816,0.0011184207523073086,0.010240613933477251,0.041942682433308676,0.010301506623485715,0.04318923069950541,4,34
121072.86599993706,98.23599982261658,121.43832349833335,31.028848091666667,16.676,121.43832346233417,31.028848062374873,16.636474379845197,-489.45843312863997,-187.083538090536,-0.43991964980524045,-489.46187011617803,-187.08678568032894,-0.479445269960042,0.03980747139741508,0.0047286499589592424,0.4950945676377429,0.0034370478734082606,0.003247588697828744,0.039525620154801544,0.0047286499589592424,0.03980747139741508,4,34
121072.96600008011,98.33599996566772,121.43831967333332,31.02885073166666,16.661,121.43831965179555,31.028850692567605,16.621051938200104,-489.8236214580493,-186.7908405311458,-0.45491964980523747,-489.8256777571289,-186.79517545461718,-0.494867711605135,0.04023515508148929,0.004797922765433176,0.5232576554066544,0.0020563351159668722,0.004334922000901913,0.039948061799897516,0.004797922765433176,0.04023515508148929,4,34
121073.06599998474,98.4359998703003,121.43831604833333,31.02885341333333,16.645,121.43831597490318,31.028853370642388,16.612474324219654,-490.16971496849845,-186.4935233751132,-0.47091964980523926,-490.17672564667674,-186.49825653240302,-0.5034453255855844,0.03360764311861539,0.008458965127016715,0.535574231520461,0.0070108008337812855,0.004733155679790869,0.032525675780345153,0.008458965127016715,0.03360764311861539,4,34
121073.16599988937,98.53599977493286,121.43831252,31.02885617,16.649,121.43831243696154,31.028856126429126,16.623862743896506,-490.5065793226853,-186.1878909476633,-0.4669196498052379,-490.51450734225466,-186.19272166329594,-0.49205690590873274,0.02679688661746285,0.009283937094599033,0.4858785014928557,0.007928158060044746,0.004830714000168034,0.02513725610349482,0.009283937094599033,0.02679688661746285,4,34
121073.26600003242,98.63599991798401,121.43830896,31.02885887,16.659,121.43830892470592,31.02885883297143,16.639250360053214,-490.84646702049497,-185.8885411702929,-0.4569196498052399,-490.8498366901421,-185.89264653862395,-0.4766692897520244,0.02045134190001852,0.0053112246689278894,0.48983420181218496,0.0033697284231577304,0.004105366955339204,0.01974963994678447,0.0053112246689278894,0.02045134190001852,4,33
121073.36599993706,98.73599982261658,121.43830557333334,31.028861505000002,16.657,121.43830556611812,31.02886146916283,16.631865706040863,-491.1698058789306,-185.59639796134314,-0.4589196498052388,-491.17049474615516,-185.6003712390773,-0.48405394376437627,0.02545573045020286,0.004032552532708175,0.5775071594635268,0.0006888792203583342,0.003973276399749911,0.025134293959137466,0.004032552532708175,0.02545573045020286,5,34
121073.46600008011,98.83599996566772,121.43830235833333,31.028864283333338,16.625999999999998,121.43830239602435,31.02886420772108,16.611540348023116,-491.4767550233868,-185.28836334465478,-0.48991964980524116,-491.4731565078926,-185.29674649715716,-0.504379301782123,0.01709703183348907,0.009122881245680912,0.599330390709641,-0.00359857804416257,0.008383149663632851,0.014459651976881815,0.009122881245680912,0.01709703183348907,4,34
121073.56599998474,98.9359998703003,121.43829927999998,31.028867158333334,16.592,121.43829931447331,31.028867078321554,16.594471398217603,-491.7706560458452,-184.96961126731068,-0.5239196498052401,-491.7673647351849,-184.97848219601158,-0.5214482515876355,0.009779275702669416,0.009461840419222963,0.5626438147905931,-0.0032913677628775254,0.008870925677083086,-0.002471398217604559,0.009461840419222963,0.009779275702669416,4,35
121073.66599988937,99.03599977493286,121.43829623000002,31.028870153333333,16.576,121.43829627531457,31.028870041327455,16.587599917556176,-492.0618519633231,-184.63755475471152,-0.5399196498052383,-492.05752559788306,-184.64997287880448,-0.5283197322490629,0.01753527513842043,0.013150201020138037,0.5146652420002877,-0.004326440361752845,0.01241811985230596,-0.011599917556175399,0.013150201020138037,0.01753527513842043,4,35
121073.76600003242,99.13599991798401,121.438293275,31.028873214999997,16.573999999999998,121.43829332998527,31.02887308157932,16.588427949064517,-492.34397784750377,-184.29810688974143,-0.5419196498052408,-492.33872818163894,-184.31289927908654,-0.5274917007407218,0.021319950563370875,0.01569632370385579,0.5531680964654847,-0.005249756609733108,0.014792384302565584,-0.014427949064518941,0.01569632370385579,0.021319950563370875,4,33
121073.86599993706,99.23599982261658,121.43829038166665,31.028876193333335,16.61,121.4382905071878,31.02887613296794,16.591987415342548,-492.6202161674041,-183.967898215235,-0.5059196498052394,-492.60823215199446,-183.97459094394148,-0.5239322344626913,0.022646575339059127,0.013726404064641564,0.5802028824067992,-0.011984222188080505,0.006692726431920504,0.018012584657451924,0.013726404064641564,0.022646575339059127,5,33
121073.96600008011,99.33599996566772,121.43828768,31.02887927833334,16.610999999999997,121.43828782270869,31.028879201056466,16.592508592190647,-492.8781552855986,-183.62586337637086,-0.5049196498052417,-492.8645303058062,-183.63443108573048,-0.5234110576145916,0.02451497961276775,0.016095094365760412,0.5714796366640079,-0.013625214449110188,0.00856770645263314,0.01849140780934988,0.016095094365760412,0.02451497961276775,5,35
121074.06599998474,99.4359998703003,121.43828522166665,31.028882399999997,16.637999999999998,121.43828527584324,31.02888231019284,16.588534495932844,-493.11286238288466,-183.27976329553638,-0.4779196498052407,-493.1076899220967,-183.28972024049378,-0.5273851538723946,0.050722106113531465,0.011220336713964009,0.5762588645322241,-0.0051725496996106995,0.009956941577602327,0.04946550406715389,0.011220336713964009,0.050722106113531465,4,35
121074.16599988937,99.53599977493286,121.43828287666665,31.028885550000002,16.63,121.43828288046346,31.028885500176163,16.58361621092501,-493.3367490821122,-182.93052188754638,-0.48591964980523983,-493.33638658434364,-182.93604587111406,-0.5323034388802306,0.046712971130268975,0.005535863335028398,0.595359755779449,-0.00036250398732402757,0.005523981691070845,0.046383789074990744,0.005535863335028398,0.046712971130268975,5,35
121074.26600003242,99.63599991798401,121.43828065000001,31.02888883666667,16.625999999999998,121.43828066750864,31.028888786849162,16.581262069689036,-493.5493380143862,-182.5661282076191,-0.48991964980524116,-493.547666394868,-182.57165148945504,-0.5346575801162032,0.045108573880407773,0.005770704377778098,0.607277539250853,-0.0016716481374376387,0.0055232799603413705,0.04473793031096207,0.005770704377778098,0.045108573880407773,5,35
121074.36599993706,99.73599982261658,121.43827862166667,31.02889221166667,16.627,121.43827864912919,31.02889214714303,16.582696725494976,-493.74299125795295,-182.19194098608241,-0.48891964980523994,-493.7403693000782,-182.19909474055046,-0.5332229243102624,0.04495365611596412,0.007619125036707563,0.6150275569234464,-0.0026220026728621094,0.007153752044101612,0.04430327450502247,0.007619125036707563,0.04495365611596412,5,36
121074.46600008011,99.83599996566772,121.43827679666668,31.028895571666666,16.634999999999998,121.43827679857144,31.028895541218645,16.58327583124155,-493.9172314390589,-181.81941681868815,-0.4809196498052408,-493.9170495852828,-181.82279259970633,-0.5326438185636881,0.05183453091762259,0.003380674739994202,0.6050060736448011,-0.00018185687668517757,0.0033757798764192516,0.05172416875844732,0.003380674739994202,0.05183453091762259,5,36
121074.56599998474,99.9359998703003,121.43827506000001,31.028898998333336,16.637,121.43827505543575,31.028898956370945,16.581517135231685,-494.0830380787275,-181.43950129892298,-0.4789196498052384,-494.0834738485621,-181.4441536808952,-0.5344025145735536,0.0556792854488577,0.004672744931646031,0.6053737766210474,0.0004357772489698876,0.004652380399913995,0.05548286476831521,0.004672744931646031,0.0556792854488577,4,36
121074.66599988937,100.03599977493286,121.43827344666667,31.02890246666667,16.634,121.43827344139756,31.028902417446556,16.577419144308447,-494.2370695849769,-181.05496618322067,-0.4819196498052385,-494.2375726484095,-181.06042323145428,-0.538500505496792,0.05684563015296533,0.005480185827079508,0.6060949327959253,0.0005030719733722152,0.0054570463887464345,0.05658085569155347,0.005480185827079508,0.05684563015296533,4,36
121074.76600003242,100.13599991798401,121.43827199,31.02890599,16.633,121.43827198978606,31.02890593014408,16.573862323410683,-494.3761434839317,-180.6643332027997,-0.4829196498052397,-494.3761639093521,-180.67096944527503,-0.5420573263945556,0.05950886399526989,0.0066362716660039855,0.6150366736665267,2.042576645369257e-05,0.006636240231717963,0.0591376765893159,0.0066362716660039855,0.05950886399526989,4,35
121074.86599993706,100.23599982261658,121.43827074999999,31.02890948,16.608999999999998,121.43827072184725,31.0289094885026,16.570181976765674,-494.4945313342765,-180.2773958971537,-0.5069196498052406,-494.49721919134015,-180.2764532118965,-0.5457376730395644,0.03892238947622337,0.0028484161771623042,0.6030249932648949,0.0026879024954614317,-0.0009426849384667842,0.03881802323432382,0.0028484161771623042,0.03892238947622337,4,35
121074.96700000763,100.33699989318848,121.43826967000001,31.02891307666666,16.61,121.43826962610899,31.0289131110424,16.567548315824094,-494.5976433313965,-179.87863242926576,-0.5059196498052394,-494.6018337856809,-179.87482118103694,-0.5483713339811445,0.04282793004572378,0.005664459606230905,0.6015986444773623,0.004190524953654692,-0.0038112469407556,0.04245168417590506,0.005664459606230905,0.04282793004572378,5,35
121075.06699991226,100.43699979782104,121.43826872333332,31.028916741666663,16.599999999999998,121.43826869949764,31.028916715034658,16.567037083233433,-494.68802545487824,-179.47229282364603,-0.515919649805241,-494.69030114503124,-179.47524552178447,-0.5488825665718053,0.03317304993707887,0.0037279163574948067,0.625206053787771,0.002275728445232564,0.002952697141942723,0.032962916766564376,0.0037279163574948067,0.03317304993707887,5,35
121075.16700005531,100.53699994087219,121.43826792166668,31.028920358333334,16.597,121.43826789038336,31.028920317656247,16.564756606076017,-494.7645638342494,-179.07131194835418,-0.5189196498052375,-494.7675505807075,-179.0758218287106,-0.5511630437292219,0.0326939812929701,0.005409247734005972,0.61291377589299,0.0029867966015526895,0.0045098788352684206,0.03224339392398434,0.005409247734005972,0.0326939812929701,5,35
121075.26699995995,100.63699984550476,121.4382672,31.02892386333333,16.586,121.43826719572871,31.02892391799033,16.559776518679037,-494.83346429186685,-178.68271158927104,-0.5299196498052403,-494.8338720884954,-178.67665175206517,-0.556143131126202,0.026917631367297704,0.006073541457412252,0.5984095155607115,0.00040780345924830143,-0.00605983516059063,0.02622348132096164,0.006073541457412252,0.026917631367297704,5,35
121075.367000103,100.73699998855591,121.43826671333333,31.028927491666664,16.581,121.43826672224925,31.02892754294156,16.5547052439651,-494.87992833854224,-178.28043722773742,-0.5349196498052393,-494.8790771004,-178.2747523656455,-0.5612144058401398,0.026915728871836884,0.0057482402322186705,0.6072945684738184,-0.000851252367765284,-0.005684860171866266,0.0262947560349005,0.0057482402322186705,0.026915728871836884,5,35
121075.46700000763,100.83699989318848,121.43826640500001,31.028931150000002,16.564999999999998,121.4382665006749,31.028931183704156,16.549578576019908,-494.90936617694877,-177.87483675721376,-0.5509196498052411,-494.90023170689165,-177.8710999680116,-0.5663410737853312,0.018309156922696825,0.009869392567237385,0.6510816005377985,-0.009134622353669934,-0.003736787939136245,0.015421423980090054,0.009869392567237385,0.018309156922696825,5,35
121075.56699991226,100.93699979782104,121.43826641166667,31.028934776666667,16.563,121.43826652039817,31.028934825920416,16.543863296993376,-494.9087296850888,-177.47274717963046,-0.55291964980524,-494.89834864491746,-177.46728640269768,-0.5720563528118632,0.0224455573928849,0.01172986124016773,0.6759651709753567,-0.01038121284733205,-0.005460775085276564,0.01913670300662318,0.01172986124016773,0.0224455573928849,5,35
121075.66700005531,101.03699994087219,121.43826659666665,31.02893843,16.558,121.43826670067449,31.02893846850759,16.538754512428685,-494.89106698253073,-177.06770106095777,-0.557919649805239,-494.8811369316586,-177.0634317137882,-0.5771651373765536,0.02207318028365542,0.010809093207902737,0.66737170515634,-0.00993021566055223,-0.004269345724118902,0.019245487571314612,0.010809093207902737,0.02207318028365542,5,35
121075.76699995995,101.13699984550476,121.43826691166666,31.02894209333333,16.552999999999997,121.43826701393594,31.028942123901263,16.534246130581906,-494.8609926498349,-176.6615462399936,-0.5629196498052416,-494.85122858465536,-176.65815716486165,-0.5816735192233331,0.02141339688796596,0.010335663894047692,0.6540609984216604,-0.009764226833770333,-0.003389073984055299,0.01875386941809154,0.010335663894047692,0.02141339688796596,5,35
121075.867000103,101.23699998855591,121.438267295,31.028945716666666,16.532,121.43826745848875,31.028945782439873,16.530123555371645,-494.824394253711,-176.25982622960572,-0.5839196498052388,-494.80878531648926,-176.25253393566146,-0.5857960944335936,0.017330479770801214,0.017228594970074274,0.6437911218073777,-0.015609195037063182,-0.007292291473726943,0.0018764446283547898,0.017228594970074274,0.017330479770801214,5,34
121075.96700000763,101.33699989318848,121.438267905,31.02894937333333,16.527,121.43826808751481,31.028949430260052,16.52581758928715,-494.7661550687578,-175.85441054373763,-0.5889196498052378,-494.74872963680394,-175.84809906200474,-0.5901020605180882,0.018571175401600217,0.018533495641760017,0.6650965905767211,-0.017425719096743394,-0.006311479593924884,0.0011824107128504124,0.018533495641760017,0.018571175401600217,5,34
121076.06699991226,101.43699979782104,121.43826882166668,31.028953016666666,16.516,121.43826894824309,31.028953059402326,16.522489052954334,-494.67863716836314,-175.45047312806162,-0.5999196498052406,-494.66655240325525,-175.4457350128079,-0.5934305968509044,0.014512197585737274,0.01298060362707756,0.6704631990314782,-0.012084963780677157,-0.004738113648174813,-0.006489052954336216,0.01298060362707756,0.014512197585737274,5,34
121076.16700005531,101.53699994087219,121.43826989166668,31.028956641666664,16.512,121.43827002820626,31.0289566748707,16.51869479683589,-494.5764799114623,-175.04856833442867,-0.6039196498052384,-494.5634439213093,-175.04488699331785,-0.5972248529693474,0.01511010197343922,0.013546028088479491,0.6808903763287751,-0.013036203963784038,-0.0036813398632151114,-0.006694796835891026,0.013546028088479491,0.01511010197343922,5,35
121076.26699995995,101.63699984550476,121.43827123833334,31.028960236666663,16.496,121.43827129583347,31.028960274242127,16.51445488615552,-494.44790815977746,-174.64998964908054,-0.6199196498052402,-494.442418388334,-174.6458236468959,-0.6014647636497195,0.019699669090106495,0.006891599179179477,0.6734017683837951,-0.00548986127434355,-0.004166000772315131,-0.01845488615552071,0.006891599179179477,0.019699669090106495,5,35
121076.367000103,101.73699998855591,121.43827264666668,31.028963818333335,16.48,121.43827274271618,31.028963843162654,16.509100641687553,-494.31344884138315,-174.2528892339245,-0.6359196498052384,-494.3042786049767,-174.25013640026876,-0.6068190081176859,0.030635296898641716,0.009574657667018968,0.6888269378507632,-0.009170386112206372,-0.00275283272169916,-0.029100641687552553,0.009574657667018968,0.030635296898641716,5,32
121076.46700000763,101.83699989318848,121.43827427,31.02896738,16.474,121.43827437964805,31.028967384589407,16.50337136449114,-494.15846259734377,-173.85800622546708,-0.6419196498052386,-494.147994051931,-173.85749739661122,-0.612548285314098,0.03118541280229499,0.010481074352284077,0.7064361596221538,-0.010468715916931775,-0.0005088286830421539,-0.02937136449114064,0.010481074352284077,0.03118541280229499,5,32
121076.56699991226,101.93699979782104,121.43827609666666,31.02897092166667,16.467,121.43827621209677,31.02897090549081,16.49989209229003,-493.98406329327287,-173.46534062159253,-0.6489196498052401,-493.9730427100607,-173.4671340440917,-0.6160275575152099,0.03473562003014053,0.011165731667133862,0.6914062575404283,-0.011020762296084917,0.0017934218900272705,-0.032892092290030206,0.011165731667133862,0.03473562003014053,5,32
121076.66700005531,102.03699994087219,121.43827807333334,31.028974406666666,16.451999999999998,121.43827822535468,31.028974400605097,16.497481089154476,-493.79534287376725,-173.07895766850277,-0.6639196498052407,-493.7808287784354,-173.0796297166343,-0.6184385606507625,0.047745648108178,0.01452988102471504,0.6789074395216479,-0.014514330649670717,0.0006720479033546667,-0.04548108915447813,0.01452988102471504,0.047745648108178,5,32
121076.76699995995,102.13699984550476,121.43828034166667,31.02897786,16.451,121.43828038498907,31.028977863111955,16.494740801456388,-493.5787758527928,-172.69608560764814,-0.6649196498052383,-493.57463968814875,-172.69574058413733,-0.6211788483488512,0.04393728672375038,0.004150596655659429,0.6691733843593822,-0.004136231552484097,-0.0003450233937086433,-0.043740801456387146,0.004150596655659429,0.04393728672375038,5,33
121076.867000103,102.23699998855591,121.43828265833332,31.02898129,16.442999999999998,121.43828271696033,31.02898127362445,16.49175160947201,-493.3575942536872,-172.31580051998228,-0.672919649805241,-493.3519968941108,-172.31761608194142,-0.6241680403332275,0.049105469498883954,0.005884531297741956,0.6913695555934258,-0.005597449919707538,0.0018155613430756615,-0.04875160947201351,0.005884531297741956,0.049105469498883954,5,33
121076.96700000763,102.33699989318848,121.43828521333334,31.028984653333335,16.436999999999998,121.43828528473395,31.028984614624413,16.487831623654156,-493.11365799528033,-171.94290678468738,-0.6789196498052412,-493.10684108894566,-171.94719845397876,-0.6280880261510831,0.05146595073345609,0.008055440495749296,0.7101736202938254,-0.006817016119779863,0.0042916678346790966,-0.050831623654158165,0.008055440495749296,0.05146595073345609,5,35
121077.06699991226,102.43699979782104,121.43828802333334,31.02898785,16.416999999999998,121.43828809263957,31.02898786706337,16.485110954577866,-492.8453758527808,-171.58849143102506,-0.6989196498052408,-492.8387589056764,-171.58659961022076,-0.6308086952273726,0.06845777175226027,0.00688217841792404,0.6943922613204997,-0.006617053441642115,-0.0018918201623282537,-0.0681109545778682,0.00688217841792404,0.06845777175226027,5,35
121077.16700005531,102.53699994087219,121.43829104166667,31.028991001666668,16.409,121.43829112925826,31.028991014237768,16.481960440704512,-492.55720327649635,-171.23906523979,-0.7069196498052399,-492.5488405511189,-171.23767147855148,-0.6339592091007269,0.07345138457329153,0.008478206646267186,0.7094932715906116,-0.00836285949094354,-0.0013937607655349783,-0.07296044070451302,0.008478206646267186,0.07345138457329153,4,35
121077.26699995995,102.63699984550476,121.43829425666667,31.028994065,16.405,121.43829433867273,31.02899409227176,16.479875120219035,-492.2502541344695,-170.89943259157482,-0.7109196498052377,-492.242424680672,-170.89640896352086,-0.6360445295862043,0.07534406583916135,0.008393129890641155,0.703563531210018,-0.007829579104571528,-0.0030236270283272265,-0.07487512021903342,0.008393129890641155,0.07534406583916135,5,35
121077.367000103,102.73699998855591,121.43829761500001,31.02899714,16.4,121.4382977102793,31.028997149067834,16.47668442748483,-491.92962037372644,-170.5585064557074,-0.7159196498052403,-491.9205236717487,-170.55750110263244,-0.6392352223204085,0.07722865260430997,0.0091522327549499,0.680477452892741,-0.009096847271513348,-0.0010053527338889428,-0.07668442748483173,0.0091522327549499,0.07722865260430997,5,34
121077.46700000763,102.83699989318848,121.43830115666667,31.029000205000003,16.403,121.43830126102006,31.02900019193561,16.47402034856692,-491.5914830333904,-170.21868902283663,-0.7129196498052401,-491.5815199904114,-170.22013747612988,-0.6418993012383183,0.0717304211334321,0.010067939481961684,0.6910774935806754,-0.00996320178923382,0.001448452801941056,-0.07102034856692185,0.010067939481961684,0.0717304211334321,4,34
121077.56699991226,102.93699979782104,121.43830488333333,31.029003219999996,16.396,121.4383050162319,31.02900318433372,16.47194367970565,-491.2356829904961,-169.88441510565463,-0.719919649805238,-491.22299462360525,-169.88836943592665,-0.6439759700995893,0.0770978532855796,0.013290466282662595,0.6817629427092937,-0.012688568741721907,0.003954328931334507,-0.07594367970564875,0.013290466282662595,0.0770978532855796,4,37
121077.66700005531,103.03699994087219,121.43830881833334,31.02900614333333,16.391,121.43830901765382,31.029006064999194,16.469663523831986,-490.85999251381685,-169.56030429727736,-0.7249196498052406,-490.84096257617557,-169.56898922545784,-0.6462561259732524,0.0813973459932435,0.020918364015334093,0.6952110788712604,-0.01903023979648771,0.008684925236649986,-0.07866352383198816,0.020918364015334093,0.0813973459932435,5,37
121077.76799988747,103.13799977302551,121.43831305,31.029008906666665,16.384,121.4383133346718,31.029008823681732,16.46918062982515,-490.4559780643446,-169.25393273473142,-0.7319196498052385,-490.42879928764165,-169.26313329821298,-0.6467390199800889,0.08988381014715585,0.02869424383322881,0.7443860675440589,-0.027179207459174827,0.009200560366191006,-0.08518062982514962,0.02869424383322881,0.08988381014715585,5,37
121077.86800003052,103.23799991607666,121.43831762333333,31.02901150833333,16.375,121.43831782847558,31.02901144305765,16.467628148033523,-490.01934330501945,-168.9654852026724,-0.7409196498052388,-489.9997575398957,-168.97272233556535,-0.6482915017717161,0.0949524312431819,0.02088038291964462,0.7228409318617176,-0.019586074997637,0.007237130443616835,-0.0926281480335227,0.02088038291964462,0.0949524312431819,5,37
121077.96799993515,103.33799982070923,121.43832224333333,31.029014096666668,16.366,121.43832246496149,31.02901402470499,16.46510132379825,-489.5782530905282,-168.67851594010017,-0.7499196498052392,-489.55709334853003,-168.6864943520736,-0.6508183260069877,0.10164878856973796,0.022614239742459078,0.6838200798887204,-0.021160076195484826,0.007978409273200524,-0.09910132379825143,0.022614239742459078,0.10164878856973796,5,37
121078.0680000782,103.43799996376038,121.43832695,31.029016593333335,16.354,121.43832721926681,31.02901660707094,16.46260052902959,-489.1288884551355,-168.40170978774324,-0.7619196498052396,-489.1031804568905,-168.40018669558253,-0.6533191207756488,0.11161235024845025,0.02575348175442946,0.6171469040488714,-0.025708403573849212,-0.0015230916452493558,-0.10860052902959083,0.02575348175442946,0.11161235024845025,4,37
121078.16799998283,103.53799986839294,121.43833184333334,31.029019141666662,16.345,121.43833214256549,31.029019129048905,16.459237971377146,-488.6617019917904,-168.11917533786306,-0.77091964980524,-488.6331330815726,-168.1205742721692,-0.6566816784280931,0.1177645084247288,0.028603589637529663,0.6151187556361731,-0.028569359885802063,0.0013989338325018559,-0.11423797137714686,0.028603589637529663,0.1177645084247288,4,37
121078.26799988747,103.63799977302551,121.43833688166666,31.029021600000004,16.34,121.43833725188206,31.029021542488543,16.455074155437575,-488.18067179162256,-167.84661921213205,-0.775919649805239,-488.1453258201875,-167.85299552470906,-0.6608454943676634,0.12054914161924671,0.03591704742132751,0.6562693585580636,-0.03534652685823598,0.006376310416368647,-0.1150741554375756,0.03591704742132751,0.12054914161924671,5,37
121078.36800003052,103.73799991607666,121.43834217333333,31.029023903333336,16.326,121.43834253779268,31.029023825276933,16.449580621511924,-487.6754548254686,-167.59124798249718,-0.7899196498052383,-487.64065840667524,-167.59990211840696,-0.666339028293315,0.12867747582457173,0.03585697660581555,0.610776097289346,-0.03479696472105046,0.008654132972861757,-0.12358062151192328,0.03585697660581555,0.12867747582457173,5,37
121078.46799993515,103.83799982070923,121.43834754833333,31.029026164999998,16.317,121.438347950859,31.029026058245524,16.44452744532313,-487.16228168434304,-167.3404963487994,-0.7989196498052387,-487.1238509205448,-167.35233224783366,-0.6713922044821103,0.1337172673968909,0.04021266329712742,0.6049479505338244,-0.038431365818910435,0.011835895012259184,-0.12752744532312832,0.04021266329712742,0.1337172673968909,5,37
121078.5680000782,103.93799996376038,121.43835303833333,31.02902844,16.308999999999997,121.43835347795896,31.029028307487835,16.44214768775635,-486.63812902705257,-167.08826644279375,-0.8069196498052413,-486.5961561775997,-167.1029581050717,-0.6737719620488889,0.14037780006503792,0.044470439577731086,0.5692770743516622,-0.04197350595854771,0.014691657285153056,-0.13314768775635244,0.044470439577731086,0.14037780006503792,5,37
121078.66799998283,104.03799986839294,121.43835864833333,31.029030748333337,16.301,121.43835912199883,31.02903059680837,16.440918635067312,-486.1025194774142,-166.8323408613079,-0.8149196498052405,-486.0572967050138,-166.84914047847028,-0.6750010147379264,0.14800207567884352,0.0482430302338681,0.5338795119261244,-0.04522347864854231,0.01679961145594594,-0.13991863506731406,0.0482430302338681,0.14800207567884352,5,37
121078.76799988747,104.13799977302551,121.43836436333335,31.02903309,16.293,121.43836487831017,31.029032913791,16.43870618786278,-485.5568851518302,-166.5727196043418,-0.8229196498052396,-485.5077182181106,-166.5922559470666,-0.6772134619424577,0.15501427149673128,0.05290681606521059,0.5456183027221708,-0.04916770035681262,0.01953633608895776,-0.1457061878627819,0.05290681606521059,0.15501427149673128,5,37
121078.86800003052,104.23799991607666,121.43837021833333,31.029035441666664,16.286,121.43837077452405,31.029035236049303,16.43794883081044,-484.9978844583184,-166.31198964437905,-0.8299196498052375,-484.9447826674378,-166.33478650004486,-0.6779708189947975,0.16256700604280014,0.05778913625466384,0.5357672552359013,-0.05310261757775043,0.02279684792797668,-0.15194883081043997,0.05778913625466384,0.16256700604280014,1,37
121078.96799993515,104.33799982070923,121.43837622999999,31.0290378,16.28,121.43837681965454,31.02903754538695,16.438856253041177,-484.42392615994135,-166.05052054790974,-0.8359196498052377,-484.36762944024576,-166.07874957030597,-0.677063396764062,0.17088477250403228,0.06297853875307712,0.5329957171425623,-0.056297594781553176,0.028229012828734766,-0.15885625304117568,0.06297853875307712,0.17088477250403228,5,36
121079.0680000782,104.43799996376038,121.43838240333335,31.029040118333334,16.274,121.43838300080397,31.02903983758887,16.43862941788653,-483.83453288294527,-165.79348626342718,-0.8419196498052379,-483.7774899309112,-165.82461248368145,-0.6772902319187075,0.1769906368841206,0.06498338488405145,0.531324000673524,-0.05704383735146119,0.03112620971478551,-0.1646294178865304,0.06498338488405145,0.1769906368841206,5,36
121079.16799998283,104.53799986839294,121.43838877499999,31.029042281666662,16.269,121.43838931654213,31.02904212307383,16.43895333282118,-483.22620391967126,-165.55363687504075,-0.8469196498052405,-483.1745006870624,-165.57122010792293,-0.6769663169840605,0.1785122189650842,0.05461205895048643,0.486469455951336,-0.051704033820817834,0.017583226935552254,-0.16995333282117997,0.05461205895048643,0.1785122189650842,5,36
121079.26799988747,104.63799977302551,121.43839517500001,31.029044598333332,16.259999999999998,121.43839574345765,31.02904442404048,16.437327963180046,-482.615169853846,-165.29678737380326,-0.8559196498052408,-482.5608968881113,-165.31611127235792,-0.6785916866251931,0.18645177737534638,0.05761127286253412,0.48881293059108966,-0.054273805449690654,0.019323892021290357,-0.17732796318004773,0.05761127286253412,0.18645177737534638,5,36
121079.36800003052,104.73799991607666,121.43840180500001,31.029046764999997,16.250999999999998,121.43840226401257,31.029046754704453,16.43697780883324,-481.9821767532615,-165.0565684168109,-0.8649196498052412,-481.9383529545406,-165.05770988680078,-0.6789418409719978,0.1910749407989415,0.043839338759892335,0.43979625239496656,-0.043824475696202826,0.0011414696042935269,-0.18597780883324333,0.043839338759892335,0.1910749407989415,5,36
121079.46799993515,104.83799982070923,121.43840847000001,31.029049081666667,16.247999999999998,121.43840885878447,31.02904914564568,16.436959751980698,-481.34584205826576,-164.79971891627866,-0.8679196498052413,-481.3087232244697,-164.7926255445924,-0.6789598978245408,0.19270172308058475,0.03779108637785543,0.43827104753054374,-0.03711940626807192,-0.0070933692928222426,-0.18895975198070047,0.03779108637785543,0.19270172308058475,5,36
121079.5680000782,104.93799996376038,121.43841513166666,31.029051516666662,16.238999999999997,121.43841553582685,31.029051570849273,16.43383230852145,-480.7098256140586,-164.52974976585224,-0.8769196498052416,-480.67123879548126,-164.523742523969,-0.6820873412837898,0.1987075836318878,0.039052213113029775,0.4398363728699902,-0.03858741269304069,-0.0060072398555790505,-0.19483230852145184,0.039052213113029775,0.1987075836318878,5,36
121079.66799998283,105.03799986839294,121.43842193500001,31.02905400666667,16.238,121.43842232512795,31.029054008453347,16.43148250073374,-480.060283671671,-164.2536827478861,-0.8779196498052393,-480.02303656924687,-164.25348465853784,-0.6844371490714991,0.1970352928252535,0.0372482016821164,0.46643711412348743,-0.037247674950098765,-0.00019808928139596158,-0.19348250073374018,0.0372482016821164,0.1970352928252535,5,36
121079.76799988747,105.13799977302551,121.438428865,31.029056473333338,16.232,121.43842925970576,31.02905642913207,16.431568665350277,-479.39864834993415,-163.980202703814,-0.8839196498052395,-479.3609641852963,-163.98510331122236,-0.6843509844549622,0.20315464054784002,0.03800204976617861,0.4618205399086384,-0.037684742929384875,0.004900605756158391,-0.19956866535027729,0.03800204976617861,0.20315464054784002,5,36
121079.86800003052,105.23799991607666,121.43843590666665,31.02905898666667,16.238,121.43843632107466,31.029058861062065,16.431576617998935,-478.7263517579624,-163.70154871406962,-0.8779196498052393,-478.6867865379389,-163.7154745324248,-0.6843430318063035,0.19806890195872626,0.04194499835772571,0.45074730717634004,-0.0395658261759362,0.013925813665463641,-0.19357661799893577,0.04194499835772571,0.19806890195872626,5,36
121079.96799993515,105.33799982070923,121.43844308999999,31.029061456666668,16.232999999999997,121.43844351808269,31.029061306327552,16.429786958918285,-478.0405296678101,-163.4276991028021,-0.8829196498052418,-477.99965887036234,-163.4443672436474,-0.6861326908869536,0.20167649122654266,0.044139550441091635,0.4613002927772335,-0.04087142254648928,0.016668135233672686,-0.19678695891828824,0.044139550441091635,0.20167649122654266,5,36
121080.0680000782,105.43799996376038,121.43845040833334,31.029063888333333,16.224999999999998,121.43845084491576,31.02906370578877,16.427979993767803,-477.3418185810544,-163.15809951957107,-0.890919649805241,-477.3001362788346,-163.17833828800636,-0.687939656037436,0.20820171161273798,0.04633653902154942,0.5027407219213104,-0.041682938673382394,0.020238761623345786,-0.20297999376780496,0.04633653902154942,0.20820171161273798,5,36
121080.16799998283,105.53799986839294,121.43845785833334,31.02906624666667,16.219,121.43845827688985,31.029066063529715,16.427733023296092,-476.63053673876664,-162.89663042310175,-0.8969196498052376,-476.5905754458396,-162.9169348701013,-0.6881866265091467,0.21349168350499825,0.0448243673850722,0.48556840491921666,-0.03996190211649453,0.0203044401721307,-0.2087330232960909,0.0448243673850722,0.21349168350499825,5,37
121080.26799988747,105.63799977302551,121.43846534666666,31.02906861,16.218,121.43846578086311,31.029068423775378,16.42721994425318,-475.91559506099634,-162.63460697619198,-0.8979196498052389,-475.87414055760223,-162.65525375402717,-0.6886997055520574,0.21428439603348085,0.04631217237540576,0.49540174934770753,-0.04145513432123047,0.020646770898569988,-0.20921994425318147,0.04631217237540576,0.21428439603348085,5,37
121080.36800003052,105.73799991607666,121.43847288999999,31.02907095833333,16.209,121.43847336603719,31.02907076339192,16.424828749980733,-475.19540230837646,-162.3742465834246,-0.9069196498052392,-475.1499530975495,-162.3958597939653,-0.6910908998245056,0.22161875690862007,0.05032717054907811,0.4724007582210259,-0.04544990142446755,0.021613203279064803,-0.21582874998073365,0.05032717054907811,0.22161875690862007,5,36
121080.46799993515,105.83799982070923,121.43848061166666,31.02907329166667,16.203,121.43848110466499,31.029073075964174,16.42528014693567,-474.45818334262907,-162.11554924479964,-0.9129196498052394,-474.41111478561845,-162.13946424263557,-0.6906395028695691,0.22846423514289907,0.05279624056395188,0.4459837736545158,-0.04706927108013302,0.023914989811238293,-0.22228014693567033,0.05279624056395188,0.22846423514289907,5,37
121080.56900000572,105.93899989128113,121.43848838333334,31.02907570166667,16.21,121.43848908342397,31.029075403793385,16.425810077688105,-473.71619067578564,-161.84835185080703,-0.905919649805238,-473.64935017089107,-161.8813771475602,-0.6901095721171338,0.22832531082102178,0.07455506642590178,0.4763574696714053,-0.06684151730112768,0.03302528568617803,-0.21581007768810423,0.07455506642590178,0.22832531082102178,5,37
121080.66899991035,106.0389997959137,121.43849640333335,31.029078029999997,16.206,121.43849712152412,31.02907769952953,16.426872830829247,-472.9504886118509,-161.59020886403306,-0.9099196498052393,-472.88192001387137,-161.6268482202813,-0.6890468189759922,0.23415602439528588,0.07774468703442367,0.489171557407801,-0.06856963492765614,0.036639343989329866,-0.22087283082924714,0.07774468703442367,0.23415602439528588,5,37
121080.7690000534,106.13899993896484,121.438504425,31.029080428333334,16.214,121.43850526663365,31.02907997883903,16.426361115224037,-472.1846274273805,-161.32430495698748,-0.9019196498052402,-472.1042732354846,-161.37414051959396,-0.6895585345812023,0.23246035368762216,0.09455460209517723,0.47830321954509014,-0.08035540515511741,0.04983554594598345,-0.2123611152240379,0.09455460209517723,0.23246035368762216,5,37
121080.86899995804,106.23899984359741,121.43851263833334,31.029082733333333,16.213,121.43851350127137,31.029082244018046,16.424346600815518,-471.4004670460628,-161.06874894340228,-0.9029196498052379,-471.3180788364807,-161.12299946991888,-0.6915730489897207,0.23323491391111847,0.09864653765263784,0.5084308714271303,-0.08238945157693442,0.05425050838199837,-0.21134660081551715,0.09864653765263784,0.23323491391111847,5,37
121080.96900010109,106.33899998664856,121.43852093666668,31.029085021666667,16.206,121.43852181721427,31.029084497146957,16.42296765212948,-470.6081913643792,-160.81504076720455,-0.9099196498052393,-470.5241219007383,-160.87319441873416,-0.6929519976757597,0.23984306216476667,0.10222393260872535,0.4964830249219328,-0.084070728983435,0.05815363209797858,-0.21696765212947966,0.10222393260872535,0.23984306216476667,5,36
121081.06900000572,106.43899989128113,121.43852950833335,31.029087123333337,16.204,121.43853023228552,31.02908675525105,16.42259416616063,-469.7898194411296,-160.5820283786328,-0.9119196498052382,-469.7207007779294,-160.62283776761527,-0.6933254836446103,0.23286551437414799,0.08026791579003616,0.4579413568809174,-0.06911970188123463,0.04080937535818925,-0.21859416616062788,0.08026791579003616,0.23286551437414799,5,36
121081.16899991035,106.5389997959137,121.43853825333332,31.02908930333333,16.267,121.43853875948635,31.02908903069836,16.422698757198997,-468.954898678506,-160.34033115144837,-0.8489196498052394,-468.9065741864912,-160.3705582692757,-0.6932208926062415,0.16580442587668437,0.057000040763006854,0.43566936259502365,-0.048325217063431444,0.030227107747131162,-0.15569875719899784,0.057000040763006854,0.16580442587668437,5,34
121081.2690000534,106.63899993896484,121.43854686833335,31.02909166333333,16.222,121.43854740394275,31.029091333158792,16.42323371434923,-468.1323895411617,-160.07867727243925,-0.8939196498052375,-468.0812527301432,-160.11528381796828,-0.6926859354560087,0.2108319185013175,0.06288950682076576,0.4471878131983587,-0.051137577036506676,0.03660653333756815,-0.20123371434922888,0.06288950682076576,0.2108319185013175,5,34
121081.36899995804,106.73899984359741,121.43855582666666,31.029094005,16.313000000000002,121.43855614546776,31.029093667019037,16.424316514126136,-467.27710097585816,-159.81905601406265,-0.8029196498052364,-467.2466637372741,-159.8565280607052,-0.6916031356791024,0.12133413726668159,0.048276356004322875,0.43104900811460123,-0.03043769379012518,0.037472034182770175,-0.11131651412613408,0.048276356004322875,0.12133413726668159,5,34
121081.46900010109,106.83899998664856,121.43856464333334,31.029096396666667,16.312,121.43856495209485,31.029096025594615,16.42302501899697,-466.4353379014472,-159.5538912421131,-0.8039196498052377,-466.40585918304834,-159.59503210730495,-0.6928946308082686,0.12201698773138722,0.050612157153831785,0.4418178051117515,-0.02947915853732946,0.04114085151883905,-0.11102501899696904,0.050612157153831785,0.12201698773138722,5,34
121081.56900000572,106.93899989128113,121.438573525,31.02909877333333,16.389,121.4385738037131,31.029098436833817,16.4213420870195,-465.58736901439676,-159.290389524306,-0.7269196498052395,-465.5607591395832,-159.32769732270143,-0.6945775627857387,0.05608910799062734,0.04582551082538299,0.4193486465558612,-0.026610271440830297,0.03730778600041317,-0.03234208701950081,0.04582551082538299,0.05608910799062734,5,35
121081.66899991035,107.0389997959137,121.43858247666667,31.029101188333335,16.403,121.43858270944844,31.029100912292176,16.419873221061057,-464.7327169409532,-159.02263777846244,-0.7129196498052401,-464.71049231742546,-159.0532425415106,-0.6960464287441823,0.04141624171541712,0.03782326650164595,0.39020108155072386,-0.022224954211745262,0.03060475288481119,-0.01687322106105782,0.03782326650164595,0.04141624171541712,4,35
121081.7690000534,107.13899993896484,121.43859155833334,31.029103695000003,16.41,121.43859169062827,31.02910343214641,16.419177759612694,-463.8656532373719,-158.7447229231088,-0.7059196498052387,-463.8530225028162,-158.77386557695257,-0.6967418901925448,0.033061536193826735,0.031762145771142745,0.434388023626576,-0.01263092215660061,0.029142644174151678,-0.009177759612693848,0.031762145771142745,0.033061536193826735,4,35
121081.86899995804,107.23899984359741,121.43860063833333,31.029106273333333,16.412,121.43860075769547,31.029105988772738,16.419799371325983,-462.9987486616141,-158.4588623649438,-0.7039196498052398,-462.98735267141785,-158.49041168006718,-0.6961202784792562,0.03443924014505478,0.03354446405426948,0.4058190520210301,-0.011396159154576478,0.031549304670812316,-0.007799371325983628,0.03354446405426948,0.03443924014505478,4,35
121081.96900010109,107.33899998664856,121.43860978333332,31.02910889166667,16.415,121.43860988857391,31.029108585717292,16.420625016135137,-462.1256382683582,-158.16856699338152,-0.7009196498052397,-462.1155905211023,-158.20248768925168,-0.6952946336701018,0.035821974634917986,0.035377578495766865,0.3976994588768768,-0.010047895953720475,0.033920684650038446,-0.0056250161351378836,0.035377578495766865,0.035821974634917986,4,35
121082.06900000572,107.43899989128113,121.43861897333333,31.02911156333333,16.418,121.43861906275765,31.02911123408537,16.42165023279971,-461.24823154047186,-157.87235854175614,-0.6979196498052396,-461.2396938361923,-157.90886235799047,-0.694269417005529,0.03766625103470992,0.0374889619423865,0.40049681583501723,-0.008537830395194535,0.036503804180668564,-0.003650232799710551,0.0374889619423865,0.03766625103470992,4,35
121082.16899991035,107.5389997959137,121.43862833,31.029114155000002,16.419,121.43862829219036,31.02911391717898,16.420787624471405,-460.3549124675009,-157.5850197119885,-0.6969196498052384,-460.35852230831745,-157.61138699706683,-0.6951320253338338,0.026673211277793967,0.026613241039359914,0.4268224787748297,0.003609894037995565,0.02636727637913167,-0.0017876244714045697,0.026613241039359914,0.026673211277793967,5,35
121082.2690000534,107.63899993896484,121.43863771,31.029116775000002,16.426000000000002,121.43863759668807,31.0291166393575,16.41953761284982,-459.4593656681616,-157.29453955718117,-0.6899196498052369,-459.47018401833367,-157.30957828046036,-0.6963820369554199,0.019620541308355083,0.01852574407558352,0.4059874767659538,0.010818509362049877,0.01503871832096263,0.006462387150182991,0.01852574407558352,0.019620541308355083,5,36
121082.36899995804,107.73899984359741,121.43864724166666,31.029119340000005,16.433,121.43864697844775,31.029119402469608,16.418829213659894,-458.54933863285174,-157.01015726850298,-0.682919649805239,-458.57446921456676,-157.00323124537806,-0.6970904361453449,0.02967061909116708,0.02606788161236343,0.39184297324235084,0.025130950778474763,-0.006926020843606679,0.014170786340105934,0.02606788161236343,0.02967061909116708,5,36
121082.46900010109,107.83899998664856,121.43865672666668,31.029122131666668,16.433,121.43865642535815,31.029122196609872,16.416176434370303,-457.6437670527081,-156.70064438162254,-0.682919649805239,-457.67253420465215,-156.6934441097456,-0.6997432154349355,0.03409471410772425,0.029654968716738637,0.4184571784028149,0.02876757356190889,-0.007200269505435768,0.016823565629696446,0.029654968716738637,0.03409471410772425,5,36
121082.56900000572,107.93899989128113,121.43866626666667,31.029124908333333,16.432000000000002,121.43866590990478,31.029125038215074,16.41304529081926,-456.732944400144,-156.39279454888452,-0.6839196498052367,-456.76700591192133,-156.37839452279002,-0.70287435898598,0.04155553077168734,0.036980821213030084,0.4060997060490655,0.034062009962474944,-0.01440002135089923,0.01895470918074338,0.036980821213030084,0.04155553077168734,5,36
121082.66899991035,108.0389997959137,121.43867583333333,31.029127783333333,16.43,121.43867543528133,31.029127916402768,16.408441677433007,-455.8195757728523,-156.07404247083517,-0.6859196498052391,-455.85757941992574,-156.05928902442778,-0.7074779723722315,0.04611664189479925,0.040767430477657754,0.4207727441753296,0.038004201746396765,-0.014753441543241083,0.021558322566992416,0.040767430477657754,0.04611664189479925,5,36
121082.7690000534,108.13899993896484,121.43868522333332,31.029130795,16.423000000000002,121.43868502003139,31.02913083916161,16.403740065327753,-454.92307423329373,-155.74013812014326,-0.692919649805237,-454.94248429801803,-155.7352419100187,-0.7121795844774859,0.027779120360472854,0.020018352690027823,0.4434974832233308,0.019410347412132753,-0.004896208508903142,0.019259934672248846,0.020018352690027823,0.027779120360472854,5,36
121082.86899995804,108.23899984359741,121.4386949,31.02913377166667,16.422,121.43869466179656,31.029133817233582,16.401537938698098,-453.9992034563028,-155.41011422958715,-0.6939196498052382,-454.0219457092503,-155.40506221315408,-0.7143817111071407,0.03100715897823053,0.023296951628452366,0.418758609968776,0.022742583449919578,-0.005052014766594966,0.020462061301902423,0.023296951628452366,0.03100715897823053,4,36
121082.96900010109,108.33899998664856,121.43870462000001,31.02913679,16.422,121.43870434892412,31.02913683840778,16.39970465776493,-453.07119547007557,-155.07547074450449,-0.6939196498052382,-453.0970761904178,-155.07010375983666,-0.7162149920403102,0.034579154151351994,0.026431716108568842,0.4146140488677819,0.025881095630058935,-0.0053669828984003656,0.022295342235072013,0.026431716108568842,0.034579154151351994,4,36
121083.06900000572,108.43899989128113,121.43871435499999,31.02913986833333,16.405,121.43871406715002,31.02913991711231,16.397147404446777,-452.1417553771636,-154.73417504144166,-0.7109196498052377,-452.16923758602223,-154.72876690214693,-0.718772245358462,0.029089600665732743,0.028009669936814342,0.4201194085595654,0.027482606474262615,-0.005408137512129289,0.007852595553224262,0.028009669936814342,0.029089600665732743,4,35
121083.16899991035,108.5389997959137,121.43872416333333,31.029142965,16.404,121.43872384342528,31.029143012128124,16.39504325267698,-451.2053138470699,-154.39084671633574,-0.7119196498052389,-451.23585677165727,-154.3856216077199,-0.7208763971282579,0.032255576882227216,0.030987076619082073,0.45317279942431815,0.030543365488094457,-0.0052251068943652695,0.008956747323018988,0.030987076619082073,0.032255576882227216,4,35
121083.2690000534,108.63899993896484,121.43873403833335,31.029146085,16.405,121.43873368002716,31.029146135607824,16.394780242793896,-450.2625073789423,-154.04493141733582,-0.7109196498052377,-450.29671633125747,-154.0393205135374,-0.7211394070113428,0.0361415520774085,0.034666530677474675,0.39378717320280765,0.03420944501878972,-0.005610901952333154,0.010219757206105129,0.034666530677474675,0.0361415520774085,4,35
121083.36899995804,108.73899984359741,121.43874394499998,31.029149243333336,16.407,121.43874354880435,31.029149290482163,16.393859985966074,-449.31667756962145,-153.6947660910047,-0.7089196498052388,-449.3545039809879,-153.68953868747926,-0.7220596638391648,0.040383959896664226,0.03818644063176894,0.4155885639895408,0.03782695491931886,-0.005227401807344848,0.01314001403392595,0.03818644063176894,0.040383959896664226,4,35
121083.47000002861,108.83999991416931,121.43875389499999,31.02915241166667,16.409,121.43875355378394,31.029152483166957,16.39328143621101,-448.36671054620575,-153.34349206238215,-0.7069196498052399,-448.3992878334377,-153.3355648048892,-0.7226382135942302,0.03703005118513826,0.033528367738161716,0.42049394342398444,0.032577754267040265,-0.007927254890675778,0.01571856378899028,0.033528367738161716,0.03703005118513826,4,35
121083.56999993324,108.93999981880188,121.43876371333333,31.029155648333337,16.402,121.43876351470435,31.029155652378616,16.392604037796907,-447.42931427832207,-152.98464189673308,-0.7139196498052378,-447.4482781953102,-152.98419339564882,-0.7233156120083315,0.02116897952195034,0.01896949098628605,0.45497947080209544,0.018964188229083693,-0.00044850093720221856,0.009395962203093688,0.01896949098628605,0.02116897952195034,5,35
121083.6700000763,109.03999996185303,121.438773725,31.029158839999997,16.406,121.43877353933344,31.029158848145784,16.393548822222733,-446.4734596881969,-152.63078089492177,-0.70991964980524,-446.4911860307097,-152.62987776970306,-0.7223708275825054,0.02168132028714872,0.017749586512165863,0.41418923085237486,0.017726595463484107,-0.0009031249231668038,0.012451177777265343,0.017749586512165863,0.02168132028714872,5,35
121083.76999998093,109.1399998664856,121.43878385166666,31.029162033333332,16.408,121.4387836341187,31.02916203990038,16.394337493639085,-445.50662557947743,-152.27673510916011,-0.7079196498052376,-445.5273957687704,-152.27600701840475,-0.7215821561661535,0.02487181622892442,0.020783242347220992,0.40137602398426664,0.02077048498859858,-0.0007280905175326833,0.013662506360915927,0.020783242347220992,0.02487181622892442,5,35
121083.86999988556,109.23999977111816,121.43879399833334,31.02916522166667,16.401,121.43879377499483,31.029165252648454,16.39499220120138,-444.5378819903195,-151.9232436738389,-0.714919649805239,-444.5592050263634,-151.91980871461973,-0.7209274486038595,0.022418237335922374,0.021598234160343722,0.40792914841898176,0.021323338896641418,-0.003434958099310327,0.006007798798620456,0.021598234160343722,0.022418237335922374,5,35
121083.97000002861,109.33999991416931,121.43880423666666,31.029168448333333,16.387999999999998,121.43880396435411,31.029168503147563,16.391474291450145,-443.56038661136506,-151.56550221189178,-0.7279196498052407,-443.5863853997714,-151.55942494211803,-0.7244453583550943,0.026925081945125783,0.02669998757810905,0.3942055894248957,0.025999156771975,-0.0060772677921451055,-0.0034742914501464384,0.02669998757810905,0.026925081945125783,5,35
121084.06999993324,109.43999981880188,121.43881453,31.029171703333336,16.381999999999998,121.43881423574719,31.02917175395491,16.38750034997989,-442.5776401575609,-151.20461942419965,-0.7339196498052409,-442.60573367146236,-151.19900699563337,-0.7284192998253474,0.029172264526649117,0.02864903432423989,0.42895525467481366,0.028093910974613532,-0.005612426735554287,-0.005500349979893571,0.02864903432423989,0.029172264526649117,5,35
121084.1700000763,109.53999996185303,121.43882486833333,31.029174971666666,16.378,121.43882454030819,31.02917501845537,16.382104083407324,-441.59059737155565,-150.84225836631543,-0.7379196498052387,-441.621915266912,-150.83707088956263,-0.7338155663979151,0.03200924280270765,0.03174504881376657,0.4801707420012642,0.03131833690829865,-0.005187475058901127,-0.0041040834073236,0.03174504881376657,0.03200924280270765,5,35
121084.26999998093,109.6399998664856,121.43883520666668,31.029178281666667,16.371,121.43883484740304,31.029178326453707,16.373628568441205,-440.6035545806918,-150.47527771319938,-0.7449196498052402,-440.6378549445372,-150.47031216140036,-0.7422910813640335,0.034757935953113245,0.03465840070849512,0.45643844069622136,0.0343008462161655,-0.0049655501735034226,-0.0026285684412066246,0.03465840070849512,0.034757935953113245,5,35
121084.36999988556,109.73999977111816,121.43884560166667,31.029181626666666,16.363,121.43884521447235,31.029181665635413,16.366484380936715,-439.61110159930126,-150.1044166006528,-0.7529196498052393,-439.6480686174189,-150.10009612439205,-0.749435268868524,0.03738189642088741,0.03721915191819676,0.41223119670538305,0.03696753665899455,-0.004320474843776337,-0.0034843809367153256,0.03721915191819676,0.03738189642088741,5,36
121084.47000002861,109.83999991416931,121.43885583166666,31.029185005,16.375,121.43885563512858,31.02918498198516,16.365678439941817,-438.63440183760105,-149.72985981121548,-0.7409196498052388,-438.65316612817094,-149.7324114728401,-0.7502412098634217,0.02110712933446252,0.018937249716456144,0.4126245463245718,0.018764553126638866,0.0025516607887738096,0.009321560058182854,0.018937249716456144,0.02110712933446252,4,35
121084.56999993324,109.93999981880188,121.43886618666666,31.029188291666667,16.374,121.43886602606642,31.029188255428927,16.367511160222957,-437.64576781708735,-149.36546613128817,-0.7419196498052401,-437.66110097469385,-149.36948381982558,-0.7484084895822818,0.01712773008723721,0.015850996697026082,0.4745878765873806,0.01533337163364262,0.004017687224478245,0.006488839777041733,0.015850996697026082,0.01712773008723721,4,35
121084.6700000763,110.03999996185303,121.4388766,31.029191604999998,16.378,121.43887644800867,31.029191561129117,16.37200942845144,-436.6515644733647,-148.99811591097674,-0.7379196498052387,-436.6660757045706,-149.00297988798846,-0.7439102213537971,0.016435537714690047,0.015304899623734922,0.4560690808417338,0.01451143326920088,0.004863975428199777,0.005990571548558421,0.015304899623734922,0.016435537714690047,4,35
121084.76999998093,110.1399998664856,121.43888704333334,31.029194968333332,16.387,121.4388870349639,31.029194907678214,16.381804955205773,-435.65449690898447,-148.6252221756818,-0.7289196498052384,-435.6552959733928,-148.63194702607038,-0.7341146945994659,0.008535256034291748,0.006772156610481144,0.4915186971684237,0.000799075508277728,0.006724848213079173,0.005195044794227499,0.006772156610481144,0.008535256034291748,5,35
121084.86999988556,110.23999977111816,121.43889774333333,31.02919833,16.397,121.43889772568667,31.029198252405475,16.39300742583372,-434.63292433268805,-148.25251322363198,-0.7189196498052404,-434.63460913107235,-148.2611161514617,-0.7229122239715196,0.009632735459837442,0.008766352945550946,0.4290322457848668,0.0016848217322576486,0.008602925066306348,0.003992574166279184,0.008766352945550946,0.009632735459837442,5,35
121084.97000002861,110.33999991416931,121.43890839666668,31.029201713333336,16.4,121.43890836928603,31.02920161885471,16.394212499471177,-433.6158072115577,-147.87740208304893,-0.7159196498052403,-433.6184213544256,-147.887876955396,-0.721707150334062,0.012249570383724769,0.010796148026713758,0.40651886973837276,0.002614179003243254,0.010474868989811639,0.00578750052882171,0.010796148026713758,0.012249570383724769,5,35
121085.06999993324,110.43999981880188,121.438918915,31.02920512666667,16.393,121.43891893748406,31.029205012898533,16.39060492288516,-432.6115790918893,-147.49896483277055,-0.7229196498052382,-432.60943244773523,-147.51157833943148,-0.7253147269200788,0.013017106086278294,0.012794868364910597,0.40970810015217063,-0.0021466737498665018,0.012613502617711865,0.00239507711484066,0.012794868364910597,0.013017106086278294,4,35
121085.1700000763,110.53999996185303,121.43892947166665,31.029208523333335,16.387999999999998,121.43892950918998,31.029208431342756,16.39085278355026,-431.60369113430914,-147.12237542199546,-0.7279196498052407,-431.6001086302262,-147.13257444394947,-0.7250668662549771,0.011180028833585647,0.010809933891340487,0.3982425626660312,-0.0035825533470382528,0.010199018690578847,-0.002852783550263638,0.010809933891340487,0.011180028833585647,5,35
121085.26999998093,110.6399998664856,121.43894010166666,31.02921196666667,16.394,121.4389401508407,31.029211849373056,16.399733964373432,-430.5888017419765,-146.74061206343225,-0.7219196498052405,-430.5841068978705,-146.7536164403125,-0.7161856854318067,0.014967772839633941,0.013825913219135863,0.41204337294284926,-0.004694908505156894,0.013004372744245733,-0.005733964373433764,0.013825913219135863,0.014967772839633941,5,35
121085.36999988556,110.73999977111816,121.438950785,31.02921539166667,16.396,121.43895083998332,31.02921526085364,16.407119573302253,-429.56882040018854,-146.3608813269121,-0.719919649805238,-429.5635709189492,-146.37538460560276,-0.7088000765029854,0.019014407103603206,0.015424096961488084,0.4638929432593996,-0.0052495530653900975,0.01450327410245836,-0.011119573302252661,0.015424096961488084,0.019014407103603206,5,35
121085.47000002861,110.83999991416931,121.438961475,31.02921881666667,16.4,121.43896154358274,31.029218663231365,16.41173067417737,-428.5482025641113,-145.98115059109725,-0.7159196498052403,-428.54165469127,-145.99816200782394,-0.7041889756278685,0.021676545904822087,0.018228108122024165,0.46241715156308133,-0.0065479622046038565,0.017011411366352962,-0.011730674177371725,0.018228108122024165,0.021676545904822087,5,34
121085.56999993324,110.93999981880188,121.43897218833332,31.02922219666667,16.381999999999998,121.43897225909377,31.029222079814666,16.412296810043394,-427.52535700166567,-145.60640901770958,-0.7339196498052409,-427.5186012136889,-145.61936443346187,-0.7036228397618451,0.03363601201505284,0.014611112396774272,0.4105933855568158,-0.006755879937101891,0.0129554116780068,-0.030296810043395794,0.014611112396774272,0.03363601201505284,5,34
121085.6700000763,111.03999996185303,121.43898293166667,31.02922567,16.381,121.43898300227792,31.029225523592498,16.411400834796734,-426.4996472137038,-145.22131955156684,-0.7349196498052386,-426.4929056710488,-145.23755179358352,-0.7045188150085053,0.035116177227871366,0.01757655104851354,0.4419558364854733,-0.00674163417792097,0.016232236918308277,-0.030400834796733278,0.01757655104851354,0.035116177227871366,5,34
121085.76999998093,111.1399998664856,121.43899366333332,31.029229134999998,16.378999999999998,121.43899375020933,31.02922896460487,16.410266160224978,-425.47505129378465,-144.8371540037652,-0.736919649805241,-425.4667568871631,-144.85604576110603,-0.7056534895802606,0.03746024680802943,0.020632433586572674,0.48528934214437985,-0.008294518926502516,0.0188917514138373,-0.03126616022498041,0.020632433586572674,0.03746024680802943,5,34
121085.86999988556,111.23999977111816,121.43900430666666,31.029232416666666,16.377,121.43900445611905,31.02923240025188,16.410778788278293,-424.45888891287353,-144.4733146756889,-0.7389196498052399,-424.4446200853491,-144.47513458767955,-0.7051408615269459,0.036714078402050696,0.014384610365321312,0.4050724914136795,-0.014269020211022287,0.0018199114207968449,-0.03377878827829406,0.014384610365321312,0.036714078402050696,5,34
121085.97000002861,111.33999991416931,121.439015085,31.029235885000002,16.381,121.43901518185753,31.029235862793,16.41377668086328,-423.42983753535907,-144.0887795599866,-0.7349196498052386,-423.4205901521785,-144.09124165666287,-0.7021429689419598,0.03414511859458773,0.009569655972146278,0.43012432726445055,-0.00924750772726982,0.002462095907823232,-0.032776680863278784,0.009569655972146278,0.03414511859458773,5,34
121086.06999993324,111.43999981880188,121.43902598166666,31.029239476666664,16.429000000000002,121.4390259801749,31.029239331105618,16.421341973321034,-422.3894883908911,-143.6905704425391,-0.6869196498052368,-422.38963081495734,-143.70670883798596,-0.6945776764842044,0.017863742712460603,0.016139018900825697,0.4717181492787731,0.00014242597952982748,0.0161383904377594,0.007658026678967644,0.016139018900825697,0.017863742712460603,5,33
121086.1700000763,111.53999996185303,121.43903680833334,31.029242950000004,16.433999999999997,121.43903681034308,31.029242788901307,16.428103304126203,-421.35582243038687,-143.30548097498584,-0.6819196498052413,-421.3556305533848,-143.32334203439405,-0.6878163456790354,0.018810238865241132,0.017862084535109787,0.4535300378991281,-0.00019187957287795655,0.01786105389300756,0.0058966958737940445,0.017862084535109787,0.018810238865241132,4,33
121086.26999998093,111.6399998664856,121.43904763,31.02924641166667,16.439,121.43904764912648,31.029246229148047,16.432473685921963,-420.3226338436362,-142.92168499508483,-0.6769196498052388,-420.3208077605198,-142.9419208874779,-0.6834459638832762,0.021340537321472244,0.020318114029701694,0.45405104866842105,-0.0018261075182472,0.02023588616927269,0.006526314078037387,0.020318114029701694,0.021340537321472244,4,34
121086.3710000515,111.7409999370575,121.439058315,31.029249893333333,16.436999999999998,121.43905862754787,31.029249708836048,16.435430139771274,-419.30249337888324,-142.5356716098957,-0.6789196498052412,-419.27265316115165,-142.55612687702953,-0.680489510033965,0.03621249075094805,0.036178446971225416,0.45075303825843965,-0.029840615413750046,0.02045526086312351,0.0015698602287237406,0.036178446971225416,0.03621249075094805,5,34
121086.47099995613,111.84099984169006,121.43906922333332,31.029253348333334,16.439999999999998,121.43906955530173,31.029253137618202,16.439612791003917,-418.261030371231,-142.15261476509076,-0.6759196498052411,-418.229335995147,-142.17597681242341,-0.6763068588013219,0.0393763257918792,0.0393744219266971,0.4604776810013424,-0.03169479736198207,0.023362040198673995,0.00038720899608080117,0.0393744219266971,0.0393763257918792,5,34
121086.57100009918,111.94099998474121,121.43908026333332,31.029256755,16.442,121.43908050594338,31.029256568782188,16.442885211370662,-417.2069966104761,-141.77491665061368,-0.6739196498052387,-417.183833639538,-141.79556267311753,-0.673034438434577,0.031041569429219228,0.031028945090967708,0.44627289169500794,-0.023163277999139347,0.020646016220880872,-0.0008852113706616649,0.031028945090967708,0.031041569429219228,4,35
121086.67100000381,112.04099988937378,121.439091215,31.029260193333336,16.442999999999998,121.43909145436083,31.029260024970373,16.442760758752677,-416.16139639115846,-141.39370764390148,-0.672919649805241,-416.1385436373665,-141.41237409387102,-0.6731588910525623,0.029508567294628855,0.029507597452304038,0.41455200902157946,-0.02285305591496463,0.018666444298653134,0.00023924124732133123,0.029507597452304038,0.029508567294628855,4,35
121086.77099990845,112.14099979400635,121.43910219833333,31.02926362166667,16.436999999999998,121.43910240133334,31.029263504890437,16.442713406334395,-415.1127728282181,-141.01360734018593,-0.6789196498052412,-415.0933915893786,-141.02655435419933,-0.6732062434708439,0.023998133383079875,0.023308097175234216,0.4123234488540822,-0.019381494362881637,0.012947010086956319,-0.00571340633439732,0.023308097175234216,0.023998133383079875,4,35
121086.8710000515,112.2409999370575,121.43911314999998,31.02926713,16.435,121.43911336394902,31.02926699166295,16.441456559733172,-414.06717261132974,-140.62463741320212,-0.6809196498052401,-414.04674602483385,-140.63997488166567,-0.6744630900720665,0.026347321823983774,0.02554396609198604,0.40551416208120517,-0.020426855053047397,0.01533746381740882,-0.006456559733173606,0.02554396609198604,0.026347321823983774,4,35
121086.97099995613,112.34099984169006,121.43912419000002,31.029270644999997,16.426,121.43912433762944,31.02927051576681,16.440863391093963,-413.01313884571624,-140.23492835112228,-0.6899196498052405,-412.99904406424884,-140.2492564719294,-0.6750562587112761,0.02499766769680013,0.02009883069901094,0.4430528410647424,-0.014094966257364753,0.014328116473258223,-0.014863391093964395,0.02009883069901094,0.02499766769680013,4,35
121087.07100009918,112.44099998474121,121.43913514666669,31.029274188333336,16.419,121.43913530757928,31.029274044066696,16.43873721159822,-411.96706125750364,-139.84207796400267,-0.6969196498052384,-411.9516982780059,-139.8580728479042,-0.6771824382070193,0.029688735040207873,0.02217799509907948,0.4894971431033596,-0.015363180342973827,0.015994879066878128,-0.019737211598219062,0.02217799509907948,0.029688735040207873,5,35
121087.17100000381,112.54099988937378,121.43914612666667,31.029277651666668,16.41,121.43914625290314,31.02927756433705,16.436031782223207,-410.9187559429226,-139.45809720015134,-0.7059196498052387,-410.90670363304986,-139.46777945980196,-0.6798878675820319,0.03027642220456401,0.01545988537449588,0.48606197665722495,-0.01205246698812327,0.009682256725203602,-0.02603178222320679,0.01545988537449588,0.03027642220456401,4,35
121087.27099990845,112.64099979400635,121.43915702833334,31.029281195,16.408,121.43915716601295,31.029281094207576,16.43644232709579,-409.8779294271303,-139.06524681303176,-0.7079196498052376,-409.8647845953339,-139.0764216984016,-0.6794773227094488,0.0332661247148178,0.01725308908334889,0.44623645521013294,-0.0131450026701332,0.011174882000279182,-0.028442327095788755,0.01725308908334889,0.0332661247148178,4,35
121087.3710000515,112.7409999370575,121.4391679,31.029284725000004,16.406,121.43916807116175,31.029284626176523,16.43748229389106,-408.8399671368543,-138.67387469610424,-0.70991964980524,-408.82362562715844,-138.68483128436756,-0.6784373559141805,0.03712456659885924,0.019674821892715896,0.47884398510004506,-0.016341721523824168,0.010956584967400863,-0.0314822938910595,0.019674821892715896,0.03712456659885924,4,34
121087.47099995613,112.84099984169006,121.43917879166665,31.029288283333337,16.408,121.43917896538565,31.029288160725336,16.43826152660071,-407.8000953637105,-138.27936125484223,-0.7079196498052376,-407.783509703678,-138.2929548395409,-0.6776581232045302,0.037089576114387325,0.021444735114699177,0.47508483107819055,-0.016585874414834424,0.013593580618621159,-0.030261526600707356,0.021444735114699177,0.037089576114387325,5,34
121087.57100009918,112.94099998474121,121.43918966833334,31.029291796666666,16.411,121.43918982784106,31.029291683609067,16.440172429621505,-406.76165569968094,-137.88983697741796,-0.7049196498052375,-406.7464268482444,-137.902371706052,-0.6757472201837338,0.035214682626919215,0.019724178626575575,0.4703075406652336,-0.015229047725147243,0.012534724882431533,-0.02917242962150368,0.019724178626575575,0.035214682626919215,4,34
121087.67100000381,113.04099988937378,121.43920051833332,31.029295299999998,16.407,121.43920065678084,31.02929520244549,16.44031674446306,-405.7257620152376,-137.5014214022851,-0.7089196498052388,-405.7125438652188,-137.5122372986247,-0.6756029053421777,0.037439457614566796,0.017079447440009037,0.49837915638740693,-0.01321831990536874,0.010815893108540035,-0.0333167444630611,0.017079447440009037,0.037439457614566796,4,34
121087.77099990845,113.14099979400635,121.43921137999999,31.029298795,16.399,121.43921147266197,31.02929871938783,16.44006930830452,-404.6887544627515,-137.11392974549338,-0.7169196498052379,-404.6799076466501,-137.12231288882742,-0.6758503415007198,0.042839622968411054,0.012187912514620682,0.47053039384528056,-0.00884692947987612,0.008383140833968274,-0.04106930830451816,0.012187912514620682,0.042839622968411054,4,34
121087.8710000515,113.2409999370575,121.43922219,31.029302316666666,16.396,121.43922226483241,31.02930222855329,16.44097514764703,-403.6566797367558,-136.7234815483175,-0.719919649805238,-403.64953518316184,-136.73325070351484,-0.6749445021582083,0.046575167128375373,0.012102986704279934,0.4795688806868828,-0.007144644895722945,0.00976915229065434,-0.0449751476470297,0.012102986704279934,0.046575167128375373,5,34
121087.97099995613,113.34099984169006,121.43923304166668,31.029305771666667,16.4,121.43923300731062,31.02930572930752,16.442695713410792,-402.6206269244889,-136.3404247028073,-0.7159196498052403,-402.623907038579,-136.34512107383844,-0.6732239363944466,0.043078292144429396,0.00572846492737613,0.4610983986100483,0.0032801558882208,0.004696369637618916,-0.0426957134107937,0.00572846492737613,0.043078292144429396,4,34
121088.07100009918,113.44099998474121,121.43924380833332,31.02930929,16.41,121.4392437375299,31.02930923651471,16.44327101364616,-401.5926894125879,-135.95034607353205,-0.7059196498052387,-401.5994493036254,-135.95627600291465,-0.672648636159078,0.03446478897094683,0.008992292798218214,0.4507024439369632,0.006759976931149936,0.005929927626810284,-0.033271013646160696,0.008992292798218214,0.03446478897094683,4,32
121088.17100000381,113.54099988937378,121.43925456500001,31.029312833333332,16.415,121.43925448053169,31.029312763214946,16.44609843897981,-400.56570663604754,-135.55749568641244,-0.7009196498052397,-400.57377117166425,-135.56526973224118,-0.6698212108254289,0.033054304449015554,0.011201523808267964,0.43889167811779667,0.008064637794030253,0.007774043534628097,-0.031098438979810794,0.011201523808267964,0.033054304449015554,4,32
121088.27099990845,113.64099979400635,121.43926533333334,31.02931632666667,16.423,121.43926521297571,31.029316292377178,16.450035897173763,-399.53760999875226,-135.17018881357103,-0.6929196498052406,-399.5491010322583,-135.17399049920627,-0.6658837526314763,0.02962160914986681,0.012103718132752269,0.4390991834399368,0.011491178680367677,0.0038016845178130525,-0.02703589717376431,0.012103718132752269,0.02962160914986681,5,32
121088.3710000515,113.7409999370575,121.43927596166668,31.02931986333333,16.427999999999997,121.43927591452477,31.02931979970657,16.453184342586564,-398.5228797318139,-134.77807756225275,-0.6879196498052416,-398.5273805611478,-134.78513187957054,-0.662735307218675,0.026538132004208907,0.00836787540270933,0.4479563492366408,0.004500886033371408,0.007054315251664759,-0.025184342586566544,0.00836787540270933,0.026538132004208907,5,33
121088.47099995613,113.84099984169006,121.43928668333335,31.02932339166667,16.426,121.4392866445508,31.029323317149835,16.45523236557759,-397.4992385496848,-134.38689022927554,-0.6899196498052405,-397.50294127660686,-134.39515193211417,-0.6606872842276488,0.030602245379775374,0.009053520034882356,0.43977652765858555,0.003702773432519184,0.008261700426028914,-0.02923236557759168,0.009053520034882356,0.030602245379775374,4,33
121088.57100009918,113.94099998474121,121.43929751333332,31.02932691833333,16.433,121.43929742809539,31.029326837677313,16.459987778302963,-396.46525434567985,-133.99588768095393,-0.682919649805239,-396.47339235985174,-134.00483003677726,-0.6559318715022755,0.029572534429462276,0.012091096511558572,0.44675357824135004,0.008138116101248781,0.00894235322353234,-0.026987778302963505,0.012091096511558572,0.029572534429462276,5,33
121088.67100000381,114.04099988937378,121.43930834666665,31.029330453333333,16.430999999999997,121.43930820019897,31.029330326385534,16.462511533073226,-395.4309518933157,-133.6039612128807,-0.6849196498052414,-395.4449357609605,-133.6180359521103,-0.6534081167320132,0.03723745862643249,0.019840655441041025,0.4429681703168648,0.013984042289791497,0.014074735150880596,-0.03151153307322829,0.019840655441041025,0.03723745862643249,5,34
121088.77099990845,114.14099979400635,121.43931910833335,31.029333943333334,16.43,121.43931891935348,31.029333803032802,16.463534767276872,-394.4034917454511,-133.21702390793993,-0.6859196498052391,-394.4215344244766,-133.2325790683986,-0.6523848825283665,0.041135019965374255,0.023822452670489862,0.4431493648989091,0.018042903708684416,0.015555155961830524,-0.03353476727687266,0.023822452670489862,0.041135019965374255,4,34
121088.8710000515,114.2409999370575,121.439329825,31.02933742833333,16.432000000000002,121.43932963835793,31.029337279102887,16.467392496739294,-393.3803279370755,-132.83064095485017,-0.6839196498052367,-393.39814741591016,-132.84718617697922,-0.6485271530659453,0.042940828529736706,0.024316371632698442,0.4571057301995866,0.017819700101989133,0.01654521736498708,-0.035392496739291346,0.024316371632698442,0.042940828529736706,5,33
121088.97099995613,114.34099984169006,121.43934056333335,31.02934097666667,16.436,121.43934038802458,31.029340764788813,16.475327009826074,-392.3550955204379,-132.43723621587958,-0.6799196498052389,-392.37183296213885,-132.4607271745059,-0.6405926399791646,0.048770763941085926,0.028843954540544257,0.5764924993724633,0.016737648943793912,0.02349095190432474,-0.03932700982607429,0.028843954540544257,0.048770763941085926,4,34
121089.07100009918,114.44099998474121,121.43935133666668,31.029344421666664,16.442,121.43935116871,31.029344237372904,16.480473461559622,-391.3265215118184,-132.05528807407134,-0.6739196498052387,-391.3425570191759,-132.07572077647458,-0.6354461882456164,0.04642032076394263,0.025973812493501794,0.6741201412790162,0.016035705340157094,0.020432696583937402,-0.03847346155962228,0.025973812493501794,0.04642032076394263,4,33
121089.17199993134,114.54199981689453,121.43936214666668,31.029347885,16.445,121.43936206598796,31.02934772500976,16.484696959369288,-390.2944467882519,-131.67130731022002,-0.6709196498052385,-390.30214951358744,-131.6890454741855,-0.6312226904359513,0.04415681492153034,0.019338451873080174,0.5168082964125804,0.0077028201617744,0.017738158934985333,-0.0396969593692873,0.019338451873080174,0.04415681492153034,4,33
121089.27200007439,114.64199995994568,121.43937293666667,31.02935133833333,16.443,121.43937283609921,31.029351166249533,16.484554444152824,-389.2642815451239,-131.2884352493654,-0.6729196498052374,-389.27388313006793,-131.30751422943882,-0.6313652056524148,0.046722283763572944,0.02135883824635083,0.4023546234653577,0.00960170280121646,0.01907897467242124,-0.04155444415282261,0.02135883824635083,0.046722283763572944,4,34
121089.37199997902,114.74199986457825,121.43938365999999,31.02935468166667,16.436,121.43938359428434,31.029354616309686,16.48228620693545,-388.24048124245905,-130.9177589193586,-0.6799196498052389,-388.2467553835716,-130.92500506685968,-0.6336334428697903,0.0472682280881967,0.009585010909050532,0.4696107758631946,0.006274217897751051,0.007246145451076598,-0.046286206935448604,0.009585010909050532,0.0472682280881967,5,34
121089.47199988365,114.84199976921082,121.43939440500002,31.02935805666667,16.434,121.43939434625152,31.029358060177273,16.481945571618002,-387.2146123291029,-130.54357169782193,-0.6819196498052378,-387.22022128851063,-130.5431824757906,-0.6339740781872365,0.04827411858236588,0.00562251608511998,0.45298792348718236,0.005609027850111408,-0.00038922192141180854,-0.04794557161800128,0.00562251608511998,0.04827411858236588,5,34
121089.5720000267,114.94199991226196,121.43940512333332,31.029361511666668,16.427,121.43940503062606,31.029361513184867,16.484310697884755,-386.19128939776226,-130.16051485301696,-0.6889196498052392,-386.20014053798934,-130.160346529789,-0.6316089519204837,0.057990421746984835,0.008852848262308121,0.4184135514131646,0.008851247915538598,-0.0001683231805948584,-0.05731069788475551,0.008852848262308121,0.057990421746984835,5,34
121089.67199993134,115.04199981689453,121.43941586000001,31.029364949999998,16.422,121.4394156570423,31.02936495444363,16.486487234036613,-385.16621610408964,-129.77930584630477,-0.6939196498052382,-385.18559330302975,-129.77881317984708,-0.6294324157686262,0.06733744146029436,0.01938369595112843,0.4409391881956962,0.019377434005139017,-0.0004926663194036696,-0.06448723403661205,0.01938369595112843,0.06733744146029436,5,34
121089.77200007439,115.14199995994568,121.43942650833333,31.029368398333336,16.425,121.4394262776993,31.029368398158265,16.493364070854252,-384.1495763567129,-129.39698813659584,-0.6909196498052381,-384.17159592680173,-129.39700754670724,-0.6225555789509869,0.0718228359044866,0.022019844994861523,0.42322745215748386,0.022019836440026374,1.9410105995672206e-05,-0.06836407085425122,0.022019844994861523,0.0718228359044866,5,34
121089.87199997902,115.24199986457825,121.43943713333334,31.029371861666665,16.434,121.43943689872788,31.02937184690596,16.501105383850373,-383.1351643332752,-129.0130073727445,-0.6819196498052378,-383.1575630733092,-129.01464389649047,-0.6148142659548661,0.07076387784569634,0.022458714701756817,0.4058751783529477,0.022399010191725202,0.0016365232921954972,-0.06710538385037168,0.022458714701756817,0.07076387784569634,5,34
121089.97199988365,115.34199976921082,121.43944778666668,31.029375478333336,16.436,121.43944751756912,31.02937530256297,16.506184676833705,-382.1180472145742,-128.6120264974527,-0.6799196498052389,-382.1437390532215,-128.63151420911024,-0.609734972971534,0.07723824187205688,0.032246816048018906,0.41224235583425134,0.02569214761698669,0.01948770628015865,-0.07018467683370488,0.032246816048018906,0.07723824187205688,4,34
121090.0720000267,115.44199991226196,121.43945843333334,31.029378938333334,16.435000000000002,121.43945812568941,31.02937874925209,16.507021393097396,-381.1015665877331,-128.228415301502,-0.6809196498052366,-381.1309386071171,-128.2493787937908,-0.6088982567078425,0.08055609872384291,0.036086063486007465,0.4098542212422649,0.029372371557628257,0.020963486518153215,-0.07202139309739408,0.036086063486007465,0.08055609872384291,4,34
121090.17199993134,115.54199981689453,121.43946903666668,31.029382393333336,16.432000000000002,121.43946868840814,31.02938218661641,16.505983404285846,-380.0892231725574,-127.84535845669706,-0.6839196498052367,-380.122472832175,-127.86827722185484,-0.6099362455193926,0.08428748372944148,0.04038360810673329,0.39694787921524755,0.03325005708499954,0.022918758857374592,-0.07398340428584405,0.04038360810673329,0.08428748372944148,4,34
121090.27200007439,115.64199995994568,121.43947957666666,31.029385826666665,16.427,121.43947918884811,31.02938560308274,16.503133897984668,-379.0829264494857,-127.46470380183581,-0.6889196498052392,-379.11995306522925,-127.48949261577737,-0.6127857518205708,0.08821484190877371,0.044558814062428134,0.44149132271626823,0.03702705702276713,0.024788807129081356,-0.07613389798466841,0.044558814062428134,0.08821484190877371,4,34
121090.37199997902,115.74199986457825,121.43949004833333,31.029389095000003,16.446,121.43948966613875,31.029389004164425,16.49999873188477,-378.08315378498344,-127.10234274324633,-0.6699196498052373,-378.1196434584989,-127.11241371008992,-0.6159209179204694,0.06594554782061987,0.03785435552480869,0.4444246956036186,0.0364901070808789,0.010070964076224528,-0.05399873188476789,0.03785435552480869,0.06594554782061987,5,33
121090.47199988365,115.84199976921082,121.43950046,31.029392433333335,16.478,121.43950015530662,31.029392410829264,16.50113788267005,-377.0891095666551,-126.73222076579577,-0.6379196498052373,-377.1181998838294,-126.73471579872717,-0.6147817671351881,0.037253904544726296,0.029197462036530054,0.44963413985568124,0.02909066179134337,0.002495032247544833,-0.023137882670049237,0.029197462036530054,0.037253904544726296,5,33
121090.5720000267,115.94199991226196,121.43951099166667,31.029395833333336,16.479,121.43951065278898,31.029395808075027,16.501962515391046,-376.08360845840826,-126.35526178641474,-0.6369196498052396,-376.1159624920051,-126.3580621826718,-0.6139571344141928,0.039773452772282655,0.03247538194301852,0.4356009227514933,0.03235441573320244,0.0028003954913612206,-0.022962515391046878,0.03247538194301852,0.039773452772282655,5,33
121090.67199993134,116.04199981689453,121.43952155999999,31.02939923,16.489,121.43952114350525,31.029399207695082,16.500949136933812,-375.07460663521454,-125.97867237563962,-0.6269196498052381,-375.11437108568293,-125.98114532835271,-0.6149705128714267,0.041595025247642345,0.03984174007104896,0.4401104990132593,0.03976491871119096,0.0024729520378292996,-0.011949136933811388,0.03984174007104896,0.041595025247642345,5,33
121090.77200007439,116.14199995994568,121.43953213166667,31.02940265166667,16.506,121.4395316311667,31.02940261108081,16.498838873781835,-374.0652865636616,-125.59931120702014,-0.6099196498052386,-374.11307133434735,-125.60381097256591,-0.6170807760234034,0.048528007677318574,0.04799672697609081,0.4725372337550831,0.047785331656273945,0.0044997643179734035,0.007161126218164782,0.04799672697609081,0.048528007677318574,5,33
121090.87199997902,116.24199986457825,121.43954240833334,31.029405893333333,16.496000000000002,121.43954212727877,31.029406018520156,16.49562595780566,-373.0841313443659,-125.23990669022535,-0.6199196498052366,-373.1109647691872,-125.2260271911016,-0.6202936919995778,0.030213073987997472,0.030210758551235718,0.5101011471976921,0.02683373886422128,-0.013879495336929303,0.00037404219434122865,0.030210758551235718,0.030213073987997472,5,35
121090.97199988365,116.34199976921082,121.43955293833332,31.029409318333332,16.494,121.43955262267842,31.0294094447992,16.494127842707023,-372.07878936394263,-124.86017595370521,-0.6219196498052391,-372.10892622155177,-124.84615464693951,-0.6217918070982158,0.03323950450958835,0.0332392586602831,0.5508858737053847,0.030137209227604583,-0.014021302944334032,-0.0001278427070232624,0.0332392586602831,0.03323950450958835,5,35
121091.0720000267,116.44199991226196,121.43956350333335,31.029412758333333,16.514,121.43956310333198,31.029412868955077,16.489565934716175,-371.07010578424956,-124.47878216374792,-0.6019196498052395,-371.10829554363403,-124.46651749886477,-0.6263537150890635,0.04696740483927284,0.040111264889579064,0.6144976777543191,0.03819020356576292,-0.012264661538239333,0.02443406528382397,0.040111264889579064,0.04696740483927284,5,35
121091.17199993134,116.54199981689453,121.43957387166665,31.029416393333335,16.587,121.4395735827667,31.02941628133865,16.487007304214295,-370.08019877758665,-124.07576866641303,-0.5289196498052391,-370.1077812332817,-124.08818554925186,-0.628912345590944,0.10446783050619354,0.030248775184761677,0.49682871693577374,0.027582775509430012,0.012416879453978838,0.09999269578570491,0.030248775184761677,0.10446783050619354,5,35
121091.27200007439,116.64199995994568,121.43958445666667,31.029419930000003,16.607,121.43958409155539,31.02941969582002,16.48466394236119,-369.0696057174552,-123.68365741438946,-0.5089196498052395,-369.1044643793649,-123.70962101682585,-0.6312557074440477,0.12982824686444275,0.0434656494865646,0.43711456714276586,0.034859064834311344,0.025963595362857046,0.12233605763880817,0.0434656494865646,0.12982824686444275,4,35
121091.37199997902,116.74199986457825,121.43959502999999,31.02942335833333,16.612000000000002,121.43959462901383,31.02942311341345,16.482921511755652,-368.0601265253665,-123.30355711137919,-0.503919649805237,-368.0984103077615,-123.33071144889965,-0.6329981380495866,0.13734735361016132,0.04693654670156281,0.4705614000723402,0.038284223532517175,0.027154330129470043,0.12907848824434964,0.04693654670156281,0.13734735361016132,4,35
121091.47199988365,116.84199976921082,121.43960559333333,31.029426761666667,16.616,121.43960515190884,31.02942651299949,16.48006294186236,-367.05160207106775,-122.92622856480277,-0.4999196498052392,-367.0937466660455,-122.95379836630049,-0.6358567079428781,0.14496615124690157,0.05036170402422584,0.521268012035833,0.04214507908705744,0.02756979399577368,0.1359370581376389,0.05036170402422584,0.14496615124690157,4,35
121091.5720000267,116.94199991226196,121.43961611000002,31.029430141666662,16.619,121.43961563669403,31.02942988819895,16.477629866973437,-366.0475330719351,-122.55148699141512,-0.49691964980523906,-366.09272152341015,-122.57958902998787,-0.6382897828318015,0.15105390285596243,0.05321435009535096,0.4936871773315928,0.0451889689380493,0.028102030929927354,0.14137013302656243,0.05321435009535096,0.15105390285596243,4,35
121091.67199993134,117.04199981689453,121.43962658666666,31.029433581666662,16.624,121.43962612938432,31.029433309065922,16.477160443312446,-365.0472830409672,-122.17009320145785,-0.49191964980524006,-365.0909416483715,-122.20031652358648,-0.6387592064927929,0.15614551428274376,0.05309958778018411,0.46209719098523494,0.04365910578510853,0.030223313922701788,0.14683955668755289,0.05309958778018411,0.15614551428274376,1,35
121091.77200007439,117.14199995994568,121.43963733833334,31.029436845000003,16.609,121.43963668707642,31.029436764103384,16.477084869866186,-364.0207776357511,-121.80828649401408,-0.5069196498052371,-364.08295578821406,-121.817255525517,-0.638834779939053,0.14611042287414946,0.06282240137276814,0.4461082884622085,0.06217886000674891,0.008969029072441596,0.13191513013381595,0.06282240137276814,0.14611042287414946,5,35
121091.87199997902,117.24199986457825,121.43964769166665,31.029440328333333,16.597,121.43964727235269,31.029440234509437,16.4760297253713,-363.0323027406316,-121.42208832487464,-0.5189196498052375,-363.07233635334546,-121.43249060712876,-0.6398899244339376,0.12784655359699257,0.041363437029405425,0.4569299914618257,0.04003406681010399,0.010402279439128638,0.12097027462870003,0.041363437029405425,0.12784655359699257,5,35
121091.97199988365,117.34199976921082,121.43965829166667,31.029443741666668,16.593,121.43965781616552,31.02944369907157,16.467568254472233,-362.02027756895666,-121.04365107530151,-0.5229196498052389,-362.06567560205616,-121.04837360576339,-0.6483513953330053,0.13347828691518315,0.045643513138994826,0.5000350575094678,0.04539854634029995,0.004722529180135478,0.12543174552776648,0.045643513138994826,0.13347828691518315,5,35
121092.0720000267,117.44199991226196,121.43966886499999,31.029447145000002,16.591,121.43966834346963,31.02944715412269,16.45802914579968,-361.010798376868,-120.66632252801983,-0.5249196498052378,-361.06059100427984,-120.66531109350493,-0.6578905040055574,0.14199166413325262,0.04980345988551162,0.48372488438385536,0.04979318846335413,-0.0010114342394154567,0.13297085420031962,0.04980345988551162,0.14199166413325262,5,35
121092.17300009727,117.54299998283386,121.43967943999999,31.029450591666667,16.569,121.43967899973708,31.029450636924736,16.44923379966608,-360.00116005938503,-120.2841896029665,-0.5469196498052398,-360.04319375268653,-120.27917182751587,-0.6666858501391602,0.12702752400545117,0.04233260106030253,0.4887729439368966,0.042034165339828004,-0.005017774079682061,0.11976620033392038,0.04233260106030253,0.12702752400545117,5,34
121092.27300000191,117.64299988746643,121.43969004333333,31.029453985,16.559,121.43968956977906,31.029454084524215,16.44294269892478,-358.9888166442094,-119.90796975868152,-0.5569196498052378,-359.03402879820914,-119.89693548060447,-0.6729769508804573,0.12504094124934256,0.04653965895510404,0.5330711878237578,0.045212660059085974,-0.01103427505724447,0.1160573010752195,0.04653965895510404,0.12504094124934256,5,34
121092.37299990654,117.742999792099,121.43970063333333,31.02945741833333,16.555,121.43970013796833,31.02945751986212,16.436761258903278,-357.9777462151829,-119.52731510382027,-0.5609196498052391,-358.02504072962176,-119.51605857778127,-0.6791583909019607,0.12784338156064054,0.048616152796390255,0.48472120687686393,0.04729504206278824,-0.011256522953428145,0.11823874109672161,0.048616152796390255,0.12784338156064054,5,34
121092.47300004959,117.84299993515015,121.43971117499999,31.029460896666667,16.551000000000002,121.43971066786641,31.02946096702582,16.431628497026193,-356.9712903691461,-119.14167128512128,-0.5649196498052369,-357.0197084760519,-119.13387054598151,-0.6842911527790463,0.12905337047476884,0.04904300876446872,0.48608658811052174,0.04841864528194394,-0.007800736999350954,0.11937150297380938,0.04904300876446872,0.12905337047476884,5,34
121092.57299995422,117.94299983978271,121.43972168999998,31.029464334999997,16.55,121.43972116204282,31.029464413095248,16.430056388898212,-355.9673804954078,-118.76046227911432,-0.5659196498052381,-356.017786716248,-118.75180383619379,-0.685863260907027,0.13039279832862108,0.05114500964738669,0.47129647259686647,0.05040677949563009,-0.00865844054724656,0.11994361110178886,0.05114500964738669,0.13039279832862108,1,33
121092.67300009727,118.04299998283386,121.43973197833333,31.029467695,16.541,121.43973164099383,31.029467889780758,16.43006741885254,-354.98511141049863,-118.3879381110148,-0.5749196498052385,-355.01731858658576,-118.36634271247085,-0.6858522309526975,0.11751478056998187,0.03877739151069079,0.4955783036216105,0.032207531871545625,-0.021595392636318676,0.11093258114745908,0.03877739151069079,0.11751478056998187,5,33
121092.77300000191,118.14299988746643,121.43974241333332,31.02947112,16.546,121.43974213812157,31.029471356820473,16.434515943327217,-353.9888394658019,-118.00820737519993,-0.5699196498052395,-354.01511505169356,-117.9819510208619,-0.6814037064780223,0.11750962632199029,0.037145893260406834,0.45341884091156615,0.026275875217863707,-0.026256347187847633,0.11148405667278283,0.037145893260406834,0.11750962632199029,5,33
121092.87299990654,118.242999792099,121.43975285666666,31.029474578333332,16.549,121.43975261913107,31.02947483762458,16.437154547247268,-352.99177189899234,-117.62478096249433,-0.5669196498052393,-353.014450390521,-117.59603326725069,-0.6787651025579713,0.11768670316690723,0.036616318777727204,0.4830680885262897,0.02267874043111708,-0.028747687442473583,0.11184545275273194,0.036616318777727204,0.11768670316690723,4,33
121092.97300004959,118.34299993515015,121.43976330166667,31.02947803833333,16.552,121.43976305591528,31.029478296988348,16.438300894996463,-351.9945452116471,-117.24116976654365,-0.5639196498052392,-352.01800809713757,-117.2124926105026,-0.6776187548087762,0.11958421447660621,0.03705263652402655,0.45679685065471165,0.023463142158102534,-0.02867714827960231,0.11369910500353697,0.03705263652402655,0.11958421447660621,4,33
121093.07299995422,118.44299983978271,121.43977373000001,31.029481575,16.526,121.43977346702822,31.029481758165492,16.437210012002527,-350.998909756381,-116.8490585145201,-0.589919649805239,-351.0240167448891,-116.82875090373304,-0.6787096378027115,0.09447981487690159,0.03229200288898606,0.4593218946769518,0.02510726224888049,-0.020307605298218314,0.08878998799747251,0.03229200288898606,0.09447981487690159,5,33
121093.17300009727,118.54299998283386,121.43978415166666,31.029485124999997,16.505,121.4397838651607,31.029485206001933,16.43860550854882,-350.00391080026276,-116.45546899230445,-0.6109196498052398,-350.0312646894784,-116.44648828454963,-0.6773141412564172,0.0723680390854223,0.02879070311765143,0.4717742174674504,0.027354186474984294,-0.008980705334244648,0.06639449145117737,0.02879070311765143,0.0723680390854223,5,35
121093.27300000191,118.64299988746643,121.43979455333334,31.029488559999997,16.489,121.43979422394935,31.02948863506769,16.439391105002404,-349.0108213197243,-116.07462955349287,-0.6269196498052381,-349.04226895099634,-116.06630677671964,-0.6765285448028351,0.05932357014895348,0.0325306549632066,0.4752883604425329,0.03144797189593207,-0.008322774535445774,0.04960889499759702,0.0325306549632066,0.05932357014895348,5,35
121093.37299990654,118.742999792099,121.439804875,31.029491988333334,16.477,121.43980453410171,31.029492057751416,16.4382935800547,-348.02536976822756,-115.69452924907209,-0.6389196498052385,-348.05791671613076,-115.68683284651004,-0.6776260697505379,0.05115416126776006,0.03344489901354372,0.47756602358072203,0.03254729926491559,-0.007696400495437,0.03870641994529933,0.03344489901354372,0.05115416126776006,5,35
121093.47300004959,118.84299993515015,121.43981479666667,31.029495443333335,16.468,121.4398148075387,31.029495514598544,16.437483523980507,-347.0781078449339,-115.31147240426714,-0.6479196498052389,-347.0770698482911,-115.3035712102898,-0.6784361258247316,0.03153984149699964,0.007969083573886506,0.47792924070628034,-0.001038007810890937,-0.007901191858961352,0.0305164760194927,0.007969083573886506,0.03153984149699964,5,34
121093.57299995422,118.94299983978271,121.43982505500001,31.029498888333332,16.466,121.43982506743443,31.02949894736897,16.437411956775573,-346.0987029831117,-114.92952426245887,-0.6499196498052378,-346.09751581871,-114.9229789644166,-0.6785076930296654,0.029351771811589666,0.006652089376871453,0.46881466182448434,-0.001187177132121025,-0.00654529629083779,0.02858804322442765,0.006652089376871453,0.029351771811589666,5,34
121093.67300009727,119.04299998283386,121.43983531999999,31.029502315,16.458,121.43983530865424,31.02950236786604,16.435451234497286,-345.11866162942954,-114.54960874269368,-0.6579196498052404,-345.1197448544831,-114.54374746947472,-0.6804684153079528,0.023323265909185275,0.005960529085094196,0.4745368879901556,0.0010832366303810622,-0.005861271651856322,0.022548765502712342,0.005960529085094196,0.023323265909185275,5,34
121093.77300000191,119.14299988746643,121.43984561,31.029505909999997,16.447,121.43984552881587,31.0295057997538,16.434290232979304,-344.1362334215554,-114.15103005734554,-0.6689196498052397,-344.1439844021897,-114.16325308520531,-0.6816294168259347,0.019261866176744122,0.014473469207154583,0.4700983851846585,0.007751063192566513,0.01222302459603565,0.01270976702069504,0.014473469207154583,0.019261866176744122,5,33
121093.87299990654,119.242999792099,121.439855845,31.029509365,16.433,121.43985573833736,31.029509227263592,16.431615198595455,-343.1590562909602,-113.76797321254058,-0.682919649805239,-343.16923980604406,-113.7832440877202,-0.6843044512097833,0.018407155139514967,0.01835499074911628,0.5194562552747093,0.010183623182958686,0.01527087110375995,0.0013848014045443335,0.01835499074911628,0.018407155139514967,5,33
121093.97300004959,119.34299993515015,121.43986605166668,31.029512798333332,16.428,121.43986594667587,31.029512647960654,16.42950823501883,-342.18458425319915,-113.38731855697408,-0.687919649805238,-342.19460815460263,-113.40399041946597,-0.6864114147864093,0.019511697743921086,0.01945331786554967,0.5167554204842809,0.01002400744672637,0.016671858045403585,-0.0015082350188286853,0.01945331786554967,0.019511697743921086,5,33
121094.07299995422,119.44299983978271,121.439876245,31.02951624166667,16.421,121.43987614227076,31.029516079715155,16.42733663764591,-341.21138520887513,-113.00555519841089,-0.6949196498052395,-341.2211931882228,-113.02351080964696,-0.6885830121593273,0.021418572943355245,0.020459772488330308,0.5108823472715237,0.009808082751717469,0.017955606450624273,-0.006336637645912191,0.020459772488330308,0.021418572943355245,1,33
121094.17300009727,119.54299998283386,121.43988633,31.029519698333335,16.430999999999997,121.43988632527733,31.029519510459952,16.424419119324803,-340.2485291888561,-112.62231357036087,-0.6849196498052414,-340.2489800809839,-112.64314314613979,-0.691500530480436,0.021849079943344472,0.02083444993057192,0.5066271746691494,0.00045089686523513544,0.02082957022903808,0.006580880675194578,0.02083444993057192,0.021849079943344472,5,34
121094.27300000191,119.64299988746643,121.43989622666668,31.029523141666665,16.442,121.4398964893009,31.029522943463384,16.422724024704088,-339.3036541148958,-112.24055021250294,-0.6739196498052387,-339.2785793556994,-112.26252506737033,-0.6931956251011506,0.038512516513671366,0.033341426253344374,0.5114440878252857,-0.025075021739463296,0.021974849018199075,0.019275975295911962,0.033341426253344374,0.038512516513671366,4,34
121094.37299990654,119.742999792099,121.43990636333335,31.029526461666666,16.45,121.43990665287438,31.02952637944294,16.42107988627886,-338.33586526595707,-111.87246085639018,-0.6659196498052395,-338.30822160444995,-111.8815770244647,-0.6948397635263781,0.04103249227805073,0.02910828825102407,0.515185299287857,-0.02764394994817411,0.009116165650510658,0.028920113721138563,0.02910828825102407,0.04103249227805073,5,34
121094.47300004959,119.84299993515015,121.43991656499999,31.02952993166667,16.461,121.43991683890908,31.02952980430231,16.419009420321206,-337.3618706043788,-111.48774095673757,-0.6549196498052403,-337.3357193881143,-111.50186187978903,-0.6969102294840326,0.051444236587943976,0.029720375104553297,0.4994407858176685,-0.026151488188825324,0.014120919299573983,0.04199057967879227,0.029720375104553297,0.051444236587943976,5,34
121094.57299995422,119.94299983978271,121.43992675833333,31.029533389999997,16.458,121.43992704303794,31.029533247588475,16.417484649401338,-336.38867155762546,-111.10431454473722,-0.6579196498052404,-336.3614896495754,-111.12010375141936,-0.6984350004039008,0.05128024948010103,0.031435176993442074,0.4989758776302893,-0.027182189707364378,0.015789202491635984,0.040515350598660405,0.031435176993442074,0.05128024948010103,5,34
121094.67300009727,120.04299998283386,121.43993716166666,31.029536725000003,16.464,121.43993724475216,31.02953665691329,16.416243627637687,-335.39542295655133,-110.7345621337768,-0.6519196498052402,-335.38749044523587,-110.74211092724437,-0.6996760221675515,0.048995728274295165,0.010950355607049147,0.5114773448756805,-0.007932593227593569,0.007548791466610359,0.04775637236231134,0.010950355607049147,0.048995728274295165,4,34
121094.77300000191,120.14299988746643,121.43994739333333,31.029540046666664,16.464,121.4399474226119,31.02954003851584,16.414727010277574,-334.4185640718862,-110.36628799441898,-0.6519196498052402,-334.41576872629037,-110.3671916789073,-0.7011926395276653,0.049360493101556345,0.002937816032800679,0.5049187221654917,-0.00279537436144347,0.000903684249041241,0.04927298972242511,0.002937816032800679,0.049360493101556345,5,34
121094.87299990654,120.242999792099,121.43995758166666,31.029543455,16.458,121.43995761066178,31.0295434255592,16.41535622081217,-333.44584239402775,-109.98840509669684,-0.6579196498052404,-333.4430741130858,-109.99166920645379,-0.7005634289930676,0.042858019632867075,0.004279946662174753,0.5022935390692735,-0.002768309331449729,0.003264108894701456,0.042643779187827136,0.004279946662174753,0.042858019632867075,5,34
121094.97399997711,120.3439998626709,121.43996774166665,31.029546683333333,16.451999999999998,121.4399679525991,31.029546853178033,16.41664440991365,-332.4758258187207,-109.63047885009414,-0.6639196498052407,-332.45568723842666,-109.6116481194356,-0.6992752398915876,0.04483508320934366,0.027571125041154502,0.5083614095163712,-0.020138786103438354,-0.01883072569804295,0.03535559008634692,0.027571125041154502,0.04483508320934366,5,33
121095.07399988174,120.44399976730347,121.439978015,31.02955006166667,16.451999999999998,121.43997822406776,31.02955023116304,16.41788277720081,-331.494988845355,-109.25592206065681,-0.6639196498052407,-331.4750282951439,-109.23712994922256,-0.6980368726044297,0.043767109094057004,0.027414867260696016,0.49543596542595336,-0.019960753500568477,-0.018792106497439967,0.03411722279918905,0.027414867260696016,0.043767109094057004,5,33
121095.1740000248,120.54399991035461,121.43998841333332,31.029553558333337,16.463,121.43998847575293,31.029553584156478,16.41593402043495,-330.50221761560516,-108.86824561991476,-0.6529196498052379,-330.49625816152144,-108.86538260097649,-0.6999856293702891,0.04752808768966586,0.006611557079746783,0.4733644626382542,-0.0059595145675688035,-0.0028630181867541483,0.04706597956505121,0.006611557079746783,0.04752808768966586,5,34
121095.27399992943,120.64399981498718,121.43999859499999,31.02955690166667,16.458,121.43999870485467,31.029556930933136,16.41182437799043,-329.530132432036,-108.49756929061324,-0.6579196498052404,-329.51964415840735,-108.49432450915776,-0.7040952718148077,0.0474628568243597,0.010978830081535799,0.47487468183559783,-0.010488379703059767,-0.0032447806033196213,0.04617562200956726,0.010978830081535799,0.0474628568243597,4,34
121095.37400007248,120.74399995803833,121.44000882666666,31.02956025833333,16.455,121.440008936773,31.029560284018107,16.41004800797672,-328.55327354737085,-108.12541469182489,-0.6609196498052405,-328.54276124569344,-108.12256701295395,-0.7058716418285194,0.04625258448564802,0.010891280215892231,0.48403927541367076,-0.010512407623590915,-0.0028476781237620785,0.04495199202327882,0.010891280215892231,0.04625258448564802,4,34
121095.47399997711,120.8439998626709,121.44001924666667,31.029563643333336,16.445,121.4400191590373,31.029563650341036,16.410388564542025,-327.55843370935895,-107.750118765881,-0.6709196498052385,-327.56680004222324,-107.74934182049164,-0.705531085263214,0.035616738197693065,0.008402414854160158,0.47597864940317647,0.008366416888932788,-0.0007769451859632637,0.034611435457975404,0.008402414854160158,0.035616738197693065,4,34
121095.57399988174,120.94399976730347,121.44002948666666,31.029567019999998,16.445999999999998,121.44002939150401,31.029567015457797,16.409423532484116,-326.5807792074395,-107.37574676109926,-0.6699196498052409,-326.58986477357905,-107.37625035623532,-0.706496117321123,0.037691388249901134,0.009099602863004588,0.4775115011467755,0.00908565706682529,0.0005035950043923705,0.03657646751588217,0.009099602863004588,0.037691388249901134,5,34
121095.6740000248,121.04399991035461,121.44003973833333,31.029570388333333,16.444,121.44003963273963,31.029570385540016,16.41003282113609,-325.60201083990654,-107.00229867465863,-0.6719196498052398,-325.61209230076673,-107.00260837038437,-0.7058868286691471,0.03543307821276248,0.0100863170512864,0.4489212714808334,0.010081561400227963,0.00030969564495545083,0.03396717886390732,0.0100863170512864,0.03543307821276248,5,34
121095.77399992943,121.14399981498718,121.44004997166667,31.029573755,16.442999999999998,121.44004985050965,31.02957374768979,16.411163326871957,-324.62499282984703,-106.62903537146308,-0.672919649805241,-324.63656018417066,-106.62984585680843,-0.7047563229332816,0.03388269451370972,0.011595828200161955,0.4592483913667272,0.01156746927786631,0.0008104851345276516,0.031836673128040616,0.011595828200161955,0.03388269451370972,5,34
121095.87400007248,121.24399995803833,121.44006003333334,31.02957712,16.444,121.4400600384185,31.02957708769033,16.4110691035439,-323.66436453619644,-106.25595685292309,-0.6719196498052398,-323.6638790364877,-106.25953903475536,-0.7048505462613406,0.033128713770001934,0.0036149321781027495,0.4524879898176801,-0.00048550451660063406,0.003582180902277699,0.03293089645610081,0.0036149321781027495,0.033128713770001934,5,34
121095.97399997711,121.3439998626709,121.4400704,31.029580279999998,16.433999999999997,121.44007024119459,31.02958042323312,16.411186708990677,-322.6746166524985,-105.90560674264165,-0.6819196498052413,-322.68977845083623,-105.88972644553803,-0.7047329408145622,0.03166251123820828,0.02195605545706484,0.45589943628653135,0.015161947955486327,-0.01588029298938879,0.022813291009320835,0.02195605545706484,0.03166251123820828,5,34
121096.07399988174,121.44399976730347,121.44008063833334,31.029583656666667,16.435,121.44008045606482,31.02958380359365,16.414423850541862,-321.6971212711148,-105.53123473715466,-0.6809196498052401,-321.7145231900282,-105.5149449002412,-0.7014957992633768,0.03148919360183841,0.023836765451094293,0.44648269073204033,0.017402090031143402,-0.01628983270995936,0.020576149458136683,0.023836765451094293,0.03148919360183841,5,34
121096.1740000248,121.54399991035461,121.44009087499998,31.029587035000002,16.430999999999997,121.44009064496781,31.029587169802156,16.4174549577214,-320.71978501755456,-105.15667794701208,-0.6849196498052414,-320.74174712535813,-105.14173239396028,-0.6984646920838387,0.029819142226357044,0.026565260638411286,0.4743374263981533,0.021962323000866445,-0.014945549210127298,0.013545042278597208,0.026565260638411286,0.029819142226357044,5,34
121096.27399992943,121.64399981498718,121.44010075166668,31.029590453333338,16.439999999999998,121.44010077262627,31.029590511104793,16.4198919400859,-319.77681942403274,-104.77768634629325,-0.6759196498052411,-319.7748183280043,-104.77128120841017,-0.6960277097193384,0.021198214719800237,0.006710457048355985,0.456962767317588,-0.002001115567271866,-0.006405136242442678,0.020108059914097254,0.006710457048355985,0.021198214719800237,5,34
121096.37400007248,121.74399995803833,121.44011078333332,31.029593895,16.454,121.44011089021146,31.029593856694238,16.42395800584119,-318.8190553558984,-104.39610777238563,-0.6619196498052382,-318.80885126477847,-104.40035474312853,-0.6919616439640492,0.032010680500583255,0.011052703428228975,0.46327408180687935,-0.010204190402942166,0.004246969659991406,0.030041994158811036,0.011052703428228975,0.032010680500583255,5,34
121096.47399997711,121.8439998626709,121.44012092166668,31.02959725166667,16.45,121.44012103323531,31.029597194694304,16.431793355754138,-317.8511073815654,-104.02395317218676,-0.6659196498052395,-317.84045546893265,-104.03026971485126,-0.6841262940511008,0.02201921953123721,0.01238402737680537,0.467921853616656,-0.010652015914575139,0.006316541064942336,0.01820664424586127,0.01238402737680537,0.02201921953123721,5,34
121096.57399988174,121.94399976730347,121.44013095166665,31.029600571666666,16.462,121.44013118235559,31.029600507945663,16.438129626618505,-316.893502436396,-103.65586381677927,-0.6539196498052391,-316.8714776239121,-103.66292858249474,-0.6777900231867342,0.033238642484700924,0.023130340007310204,0.47156218917731196,-0.0220250252977503,0.00706476393712021,0.023870373381495114,0.023130340007310204,0.033238642484700924,5,34
121096.6740000248,122.04399991035461,121.44014107666665,31.029603868333332,16.463,121.44014128396525,31.029603810847785,16.44137712576402,-315.9268274506415,-103.29036143385531,-0.6529196498052379,-315.9070358109809,-103.29673487321111,-0.6745425240412182,0.02999809898444418,0.02079272114119482,0.46485464170455415,-0.01979183022361588,0.006373437757996471,0.021622874235980305,0.02079272114119482,0.02999809898444418,5,34
121096.77399992943,122.14399981498718,121.44015110833334,31.02960719,16.462,121.44015131038829,31.029607134522216,16.441814395772436,-314.9690633776486,-102.92208729379223,-0.6539196498052391,-314.94977236970715,-102.9282381318518,-0.6741052540328027,0.028590934505629457,0.020248034913871452,0.45782409265348367,-0.019291193015552387,0.00615083652116199,0.020185604227563658,0.020248034913871452,0.028590934505629457,5,34
121096.87400007248,122.24399995803833,121.44016133333335,31.029610656666666,16.465,121.44016129531519,31.029610473706025,16.444808459892517,-313.99284098484327,-102.53773696274551,-0.650919649805239,-313.9964707336427,-102.55802186140308,-0.6711111899127218,0.028850485761617934,0.02060709190471165,0.4427452383638989,0.0036297834976030388,0.02028489360410256,0.020191540107482808,0.02060709190471165,0.028850485761617934,4,34
121096.97399997711,122.3439998626709,121.44017130666667,31.029613993333335,16.469,121.4401712625958,31.029613802257145,16.44941455170858,-313.0406462350592,-102.16779976854004,-0.6469196498052376,-313.0448538619526,-102.1889844403249,-0.6665050980966605,0.029156205896255807,0.02159848507393202,0.45853846032420564,0.004207666972452973,0.021184666533551874,0.019585448291422836,0.02159848507393202,0.029156205896255807,4,34
121097.07399988174,122.44399976730347,121.44018142833332,31.029617191666663,16.477,121.44018123765703,31.029617118155315,16.456082272538488,-312.07428950009324,-101.8131996309274,-0.6389196498052385,-312.0924941419168,-101.82134985574552,-0.6598373772667507,0.028903161233004595,0.019945962175512047,0.48604925634477697,0.018204814617157915,0.008150222810566033,0.020917727461512214,0.019945962175512047,0.028903161233004595,4,34
121097.1740000248,122.54399991035461,121.44019138333333,31.029620281666666,16.479,121.44019122732826,31.02962042521517,16.461569104698544,-311.1238451077827,-101.47061044091755,-0.6369196498052396,-311.13873954640377,-101.45469517712097,-0.6543505451066949,0.02791021509988574,0.02179779796015174,0.472976942105756,0.014894579493297446,-0.01591525989826866,0.01743089530145525,0.02179779796015174,0.02791021509988574,4,35
121097.27399992943,122.64399981498718,121.44020138333332,31.029623538333333,16.483,121.44020121759687,31.029623688486684,16.467420071414132,-310.16910438327096,-101.10954286998034,-0.6329196498052383,-310.1849279161593,-101.09289532478523,-0.6484995783911067,0.027753625232667334,0.022968011207211404,0.4882975553018506,0.015823682023051008,-0.016647541141200435,0.01557992858586843,0.022968011207211404,0.027753625232667334,4,35
121097.37400007248,122.74399995803833,121.44021140499999,31.02962676166667,16.487000000000002,121.4402111756087,31.02962692871333,16.47239878456364,-309.21229505049723,-100.75217097452337,-0.628919649805237,-309.23419597192293,-100.73365046359727,-0.643520865241598,0.03218484146148098,0.028682198794402716,0.4648808990407031,0.021901127114633146,-0.018520506439898384,0.014601215436361059,0.028682198794402716,0.03218484146148098,4,35
121097.47399997711,122.8439998626709,121.44022128166668,31.029630153333333,16.496000000000002,121.44022110333628,31.02963019360634,16.47713664478775,-308.2693294594046,-100.37613591489395,-0.6199196498052366,-308.2863553883058,-100.37167083534845,-0.6387830050174905,0.025800208841347972,0.017601835313213892,0.47058243307416,0.01702608823701093,-0.004465078469525657,0.018863355212253907,0.017601835313213892,0.025800208841347972,4,35
121097.57399988174,122.94399976730347,121.44023121833334,31.029633423333333,16.502000000000002,121.44023103333214,31.029633458230276,16.48504679147905,-307.3206354245675,-100.01359007376468,-0.6139196498052364,-307.33829824373123,-100.00972103951416,-0.6308728583261889,0.024786320774662415,0.01808177033339283,0.5062741500222739,0.017662983879291203,-0.003869033324935854,0.0169532085209525,0.01808177033339283,0.024786320774662415,4,35
121097.6740000248,123.04399991035461,121.44024120833335,31.029636611666668,16.502000000000002,121.44024097285431,31.029636706185936,16.493808120474085,-306.366849440275,-99.66009863844347,-0.6139196498052364,-306.3893315824896,-99.6496192602029,-0.6221115293311534,0.026122410286474104,0.024804705783535295,0.4750509069679906,0.02248235114099616,-0.010479375753388072,0.008191879525917045,0.024804705783535295,0.026122410286474104,4,35
121097.77399992943,123.14399981498718,121.44025108166667,31.02963974,16.502000000000002,121.44025088537475,31.029639952042782,16.50201845130973,-305.4242020975417,-99.31325942110244,-0.6139196498052364,-305.44294288721755,-99.28975017725125,-0.6139011984955083,0.030065068252785886,0.030065062590885174,0.4795904363404109,0.01874096322242572,-0.023509238313682766,-1.8451309728106935e-05,0.030065062590885174,0.030065068252785886,4,35
121097.875,123.24499988555908,121.44026097,31.029642966666664,16.508000000000003,121.44026087738851,31.029643207147597,16.510697157743724,-304.48012264326496,-98.95551795915532,-0.6079196498052362,-304.4889646396668,-98.92885576902262,-0.6052224920615146,0.028219302854259668,0.028090112026937706,0.5197561002136776,0.008842077993278205,-0.026662183902424343,-0.00269715774372159,0.028090112026937706,0.028219302854259668,4,35
121097.97499990463,123.34499979019165,121.44027086166668,31.029646138333337,16.515,121.44027076951856,31.029646382545085,16.519925610474008,-303.5357249430582,-98.60387436192686,-0.6009196498052383,-303.5445226973386,-98.57679853514044,-0.5959940393312309,0.028892275764987457,0.028469316119963787,0.5035532605295253,0.008797835184434787,-0.027075820512146097,-0.004925610474007414,0.028469316119963787,0.028892275764987457,4,34
121098.07500004768,123.4449999332428,121.44028094333335,31.029649391666666,16.528,121.4402806533519,31.02964955836242,16.531552571261738,-302.57318716653987,-98.24317635889031,-0.5879196498052401,-302.6008728765249,-98.224694752818,-0.5843670785435009,0.033476901822828475,0.03328786855726213,0.4693296235131111,0.02768596371431266,-0.018481601832506935,-0.0035525712617392458,0.03328786855726213,0.033476901822828475,4,34
121098.17499995232,123.54499983787537,121.44029084,31.029652553333335,16.537,121.44029054261215,31.029652713687852,16.543468326048778,-301.6283120950089,-97.89264146465854,-0.5789196498052398,-301.65670492585883,-97.87486291338688,-0.5724513237564608,0.034118668694021595,0.03349991509808788,0.49615187386018916,0.028393090176753424,-0.017778547235188947,-0.006468326048779005,0.03349991509808788,0.034118668694021595,4,34
121098.27500009537,123.64499998092651,121.44030061999999,31.029655718333334,16.551000000000002,121.4403004468424,31.029655817348644,16.55505446055931,-300.69457566746644,-97.54173700393663,-0.5649196498052369,-300.71110772777524,-97.53075914791225,-0.5608651892459271,0.02025502192170725,0.01984508157256711,0.47357847119086954,0.016532210798831035,-0.010977853557269613,-0.004054460559309803,0.01984508157256711,0.02025502192170725,4,34
121098.375,123.74499988555908,121.44031039666667,31.02965874,16.546,121.44031035241923,31.029658898999244,16.56439541061302,-299.76115748342465,-97.20672395024805,-0.5699196498052395,-299.7653819671202,-97.18909565843055,-0.5515242391922186,0.025826231855698364,0.01812741350117685,0.5085948752851461,0.0042245220208602125,-0.01762828789014735,-0.018395410613020857,0.01812741350117685,0.025826231855698364,4,34
121098.47499990463,123.84499979019165,121.44032028333335,31.02966181,16.553,121.44032023937928,31.02966196000975,16.572732856536778,-298.8172371521129,-96.86635216623158,-0.562919649805238,-298.8214336261631,-96.84972054223641,-0.5431867932684611,0.026145881787782602,0.01715288626907094,0.49243147597024967,0.004196511992728648,-0.01663162031957701,-0.01973285653677692,0.01715288626907094,0.026145881787782602,4,34
121098.57500004768,123.9449999332428,121.44033012666665,31.029664851666666,16.557000000000002,121.4403300858346,31.02966499363103,16.580369099707582,-297.87745403489583,-96.52912170725487,-0.5589196498052367,-297.88135243579103,-96.51338207739097,-0.535550550097657,0.02844377724838437,0.01621522873760668,0.4693091870667376,0.003898436023720185,-0.015739626411762964,-0.02336909970757972,0.01621522873760668,0.02844377724838437,4,34
121098.67499995232,124.04499983787537,121.44033992833334,31.029667949999997,16.563000000000002,121.44033989280342,31.029668007076925,16.588137073491787,-296.9416489966621,-96.18560859890391,-0.5529196498052364,-296.9450411833433,-96.17928046320797,-0.5277825763134523,0.02614239631039029,0.00718000147062304,0.4669064533513374,0.0033922171455604867,-0.006328134318700455,-0.02513707349178418,0.00718000147062304,0.02614239631039029,4,34
121098.77500009537,124.14499998092651,121.44034969166665,31.02967115166667,16.602,121.44034967287561,31.02967101110135,16.596243027761773,-296.0095038036281,-95.83063889268537,-0.5139196498052385,-296.0112978614926,-95.84622341021465,-0.5196766220434661,0.0167104312433648,0.015687440294308675,0.46344837439528525,0.0017940739224942904,0.01558451416464836,0.005756972238227576,0.015687440294308675,0.0167104312433648,4,34
121098.875,124.24499988555908,121.44035945166667,31.029674155,16.606,121.44035942552664,31.02967400251087,16.605185012798067,-295.07767685409476,-95.4976584617451,-0.5099196498052372,-295.0801725499301,-95.51456497557187,-0.5107346370071717,0.01710914668807638,0.017089724873584067,0.4939682384315815,0.002495718098890618,0.016906510208368482,0.0008149872019345139,0.017089724873584067,0.01710914668807638,5,34
121098.97499990463,124.34499979019165,121.44036917166667,31.02967715666667,16.613,121.4403691507579,31.029676986046187,16.614166244441684,-294.14966886786766,-95.1648628140499,-0.5029196498052393,-294.1516651150451,-95.1837795558616,-0.5017534053635551,0.019057496390997963,0.01902177811339258,0.47587572802058076,0.0019962649261447305,0.018916737798568374,-0.0011662444416842277,0.01902177811339258,0.019057496390997963,5,34
121099.07500004768,124.4449999332428,121.44037885666667,31.02968017166667,16.619,121.44037884190274,31.02967998532247,16.621944771803125,-293.2250024760517,-94.83058889545735,-0.49691964980523906,-293.22641204869757,-94.85124893073295,-0.49397487800211337,0.02091639283324092,0.020708061429838574,0.49490967923245766,0.0014095851359747587,0.020660030927527842,-0.0029447718031256898,0.020708061429838574,0.02091639283324092,5,34
121099.17499995232,124.54499983787537,121.440388105,31.029683313333333,16.66,121.44038850153359,31.02968298393058,16.62883670503691,-292.34202642981506,-94.48227140792423,-0.4559196498052387,-292.30416775269765,-94.51879238590742,-0.4870829447683285,0.06114112343833655,0.052603098980434325,0.4970068830867234,-0.037859011434153544,0.03652097035367491,0.031163294963089783,0.052603098980434325,0.06114112343833655,4,34
121099.27500009537,124.64499998092651,121.44039790500001,31.029686233333337,16.689,121.4403980988235,31.02968597108439,16.636296641621115,-291.4063805169756,-94.15853016674238,-0.4269196498052388,-291.38787539943496,-94.18760578298968,-0.47962300818412373,0.06297206123903272,0.03446500416769602,0.4643410273604473,-0.018505280396890828,0.029075610220797635,0.05270335837888496,0.03446500416769602,0.06297206123903272,4,34
121099.375,124.74499988555908,121.44040742333333,31.029689025,16.697000000000003,121.44040762965513,31.029688935524707,16.643510695404682,-290.49762647024426,-93.84901727986195,-0.4189196498052361,-290.4779280883697,-93.85893743150808,-0.4724089544005565,0.057857999700764794,0.022055439766251152,0.46860139671403295,-0.01969855464447057,0.009920149605804318,0.05348930459532042,0.022055439766251152,0.057857999700764794,4,34
121099.47499990463,124.84499979019165,121.44041691,31.029691988333337,16.692,121.44041712685657,31.029691884912882,16.650499168248537,-289.59189576956487,-93.52047165949794,-0.42391964980523866,-289.5711915887786,-93.53193791516894,-0.465420481556702,0.04777514623208519,0.02366739447919553,0.4667105104593529,-0.020704361762530592,0.011466253330539841,0.04150083175146335,0.02366739447919553,0.04777514623208519,4,33
121099.57500004768,124.9449999332428,121.44042634500002,31.02969494666667,16.685000000000002,121.44042662768878,31.029694827850754,16.659862421933063,-288.6910978929466,-93.1924803909849,-0.43091964980523656,-288.66410844492674,-93.20565354598456,-0.45605722787217573,0.039164687792050124,0.030032897608743964,0.4882820645180164,-0.026989683145668863,0.013173152336236647,0.02513757806693917,0.030032897608743964,0.039164687792050124,4,33
121099.67499995232,125.04499983787537,121.44043558333333,31.029698006666663,16.687,121.4404360994811,31.02969776046859,16.668934544200106,-287.80907658692917,-92.85321731067039,-0.42891964980523767,-287.7597978575568,-92.88051336203348,-0.44698510560513327,0.059159700411838954,0.05633391038762139,0.4611846808768998,-0.04927915723737129,0.027296045895605334,0.018065455799895602,0.05633391038762139,0.059159700411838954,4,34
121099.77500009537,125.14499998092651,121.44044475000001,31.02970107166667,16.689,121.44044548763586,31.02970069613948,16.674434154359187,-286.93389758784053,-92.51339987779963,-0.4269196498052388,-286.86347248967877,-92.5550346852609,-0.4414854954460523,0.08309874032182495,0.08181220436977657,0.45040499938589246,-0.0704257075318285,0.04163479917669165,0.014565845640813535,0.08181220436977657,0.08309874032182495,4,34
121099.875,125.24499988555908,121.44045399833334,31.029704061666667,16.698,121.44045480976717,31.02970362640859,16.679037254048865,-286.0509215416039,-92.18189771705146,-0.41791964980523844,-285.9734506475334,-92.23015490514155,-0.4368823957563741,0.09322115611696843,0.09127211082130668,0.46006995849901705,-0.07747156209012548,0.04825717854467582,0.018962745951135673,0.09127211082130668,0.09322115611696843,4,34
121099.97499990463,125.34499979019165,121.44046319499999,31.029707001666665,16.71,121.44046409506416,31.029706554200573,16.684949298685734,-285.1728783218576,-91.85593907058147,-0.405919649805238,-285.08694552931695,-91.90554976519243,-0.4309703511195053,0.10233928588491628,0.09922596333167034,0.45753203846193713,-0.08593353097699014,0.04961068486651504,0.025050701314267343,0.09922596333167034,0.10233928588491628,5,34
121100.07500004768,125.4449999332428,121.440472795,31.029709939999996,16.716,121.44047335966343,31.02970947086761,16.69281704092998,-284.2563272231197,-91.53016520806182,-0.39991964980523775,-284.2024165073666,-91.58217805100627,-0.42310260887525786,0.078416831241284,0.07491161345667163,0.4178899301149374,-0.053911177441449756,0.0520128328161263,0.023182959070020104,0.07491161345667163,0.078416831241284,5,34
121100.17499995232,125.54499983787537,121.44048209166667,31.02971283333333,16.726,121.44048259380946,31.029712384103952,16.699373991439924,-283.3687365963226,-91.2093805079694,-0.38991964980523974,-283.320794978911,-91.25918669869485,-0.4165456583653153,0.0740812926413755,0.06913098861998068,0.4212567651734729,-0.04794202657101438,0.049806181100743405,0.026626008560075576,0.06913098861998068,0.0740812926413755,4,34
121100.27500009537,125.64499998092651,121.44049168000001,31.029715566666663,16.725,121.44049180801912,31.02971526396487,16.705735296330914,-282.4532993631982,-90.90633505441353,-0.3909196498052374,-282.4410768576837,-90.93989568926126,-0.4101843534743246,0.04058123666313322,0.035717054212959495,0.43370916252147007,-0.012222609472324272,0.03356062841096002,0.01926470366908717,0.035717054212959495,0.04058123666313322,4,34
121100.375,125.74499988555908,121.44050095333333,31.02971823833333,16.746000000000002,121.44050097220948,31.029718109930403,16.711584449905253,-281.56793646519884,-90.61012660137764,-0.3699196498052366,-281.5661342813791,-90.62436267120188,-0.404335199899986,0.03728731173949765,0.01434968739848622,0.4191811539491432,-0.0018021990961855378,0.014236067113215723,0.03441555009474939,0.01434968739848622,0.03728731173949765,4,34
121100.47499990463,125.84499979019165,121.44051005666667,31.029721095,16.751,121.44051005840504,31.029720960203083,16.716236747779828,-280.69880415578484,-90.29340714537133,-0.3649196498052376,-280.69863818709734,-90.30835211870104,-0.3996829020254111,0.03783997085459885,0.014945892056130058,0.4350459713025865,-0.0001659700895246838,0.014944970501238027,0.03476325222017351,0.014945892056130058,0.03783997085459885,4,34
121100.57500004768,125.9449999332428,121.44051906666667,31.029723905,16.753,121.44051910092846,31.029723808898947,16.721383946152535,-279.83858276399087,-89.98186163644785,-0.3629196498052387,-279.83531165039835,-89.99251638767565,-0.3945357036527035,0.03352311003208587,0.011145584118274937,0.4455203936943582,-0.0032711411308088416,0.01065474922463561,0.0316160538474648,0.011145584118274937,0.03352311003208587,4,34
121100.67499995232,126.04499983787537,121.44052781166666,31.029726903333334,16.77,121.44052812232223,31.029726645763045,16.72902519314028,-279.00366199893807,-89.64943555594805,-0.34591964980523926,-278.97400244706256,-89.67799244856936,-0.38689445666495814,0.05808729971718039,0.04117280159574133,0.429824457371605,-0.02965980072445746,0.028556887299349572,0.04097480685971888,0.04117280159574133,0.05808729971718039,4,34
121100.77600002289,126.14599990844727,121.44053682833334,31.02972973,16.782,121.44053721047818,31.02972950241998,16.736846583890063,-278.14280411042563,-89.33604220893181,-0.3339196498052388,-278.1063191861605,-89.36127407160782,-0.37907306591517553,0.06329810111709029,0.04436010165263706,0.451500754680887,-0.03648522933591834,0.025231858015963404,0.04515341610993673,0.04436010165263706,0.06329810111709029,4,34
121100.87599992752,126.24599981307983,121.44054609499999,31.029732654999997,16.794,121.44054616814557,31.029732324252027,16.743912019979437,-277.25807770671554,-89.0117466173095,-0.32191964980523835,-277.2510942000796,-89.04841673973388,-0.37200762982580216,0.06246817835003252,0.03732917845105989,0.45974021775524887,-0.006983564830793191,0.03667011570864186,0.050087980020563805,0.03732917845105989,0.06246817835003252,4,34
121100.97600007057,126.34599995613098,121.44055505833333,31.029735453333334,16.796,121.44055509814773,31.02973511874938,16.74945289511229,-276.4023117676585,-88.70149459462777,-0.31991964980523946,-276.39851052597953,-88.73859001373681,-0.3664667546929472,0.059641866756288436,0.03728966742607927,0.4886642176802307,-0.003801273247653007,0.03709541236385269,0.046547104887707746,0.03728966742607927,0.059641866756288436,5,34
121101.0759999752,126.44599986076355,121.44056404833333,31.029738096666666,16.793,121.440563989125,31.029737886225693,16.75372488537652,-275.543999856303,-88.40842746663164,-0.3229196498052396,-275.5496527177324,-88.43175911804859,-0.36219476442871823,0.0460310304149192,0.02400668932551569,0.46404345596447477,0.0056529082159442025,0.02333164720018583,0.03927511462347866,0.02400668932551569,0.0460310304149192,4,34
121101.17600011826,126.5460000038147,121.44057290166666,31.029740855,16.79,121.44057282501767,31.02974065899392,16.75913153102631,-274.6987360669452,-88.10261025593667,-0.3259196498052397,-274.7060540592751,-88.12434150621854,-0.3567881187789297,0.03845339180501481,0.022930350292359642,0.4511072171323178,0.007318052692296977,0.021731246382181643,0.03086846897369,0.022930350292359642,0.03845339180501481,4,34
121101.27600002289,126.64599990844727,121.44058169833333,31.029743636666662,16.796,121.44058160033924,31.0297434255908,16.76368479852123,-273.85888247540197,-87.79420607205293,-0.31991964980523946,-273.8682383698433,-87.81760811315776,-0.35223485128400966,0.04098123691495856,0.025202966739383086,0.48176295713946493,0.00935597134953765,0.0234020369321365,0.032315201478770206,0.025202966739383086,0.04098123691495856,4,34
121101.37599992752,126.74599981307983,121.44059040666667,31.029746470000003,16.833,121.44059033775038,31.029746190154846,16.768781918902288,-273.02746242529605,-87.48007358853015,-0.2829196498052404,-273.03404214605143,-87.51110010152036,-0.34713773090295064,0.07162331702619333,0.03171651938599994,0.47342058409879717,0.006579774657856915,0.03102650749624156,0.06421808109771021,0.03171651938599994,0.07162331702619333,4,34
121101.47600007057,126.84599995613098,121.44059914500001,31.029749223333337,16.841,121.44059905819876,31.02974893661518,16.774860221292258,-272.1931781545325,-87.1748107289809,-0.27491964980523775,-272.2014654239175,-87.20659925352177,-0.3410594285129811,0.07384890127982328,0.032851025748488055,0.45156191490896935,0.00828733704616438,0.03178851895592333,0.06613977870774335,0.032851025748488055,0.07384890127982328,4,34
121101.5759999752,126.94599986076355,121.440607915,31.029751933333333,16.887999999999998,121.44060774758941,31.029751667115967,16.781672707032083,-271.35587054014627,-86.87435224931907,-0.2279196498052407,-271.3718539102092,-86.9038678450179,-0.3342469427731558,0.1114994869580647,0.033565493621080474,0.460373616337151,0.01598350011973077,0.029515590557353928,0.1063272929679151,0.033565493621080474,0.1114994869580647,4,34
121101.67600011826,127.0460000038147,121.44061671333333,31.029754558333334,16.9,121.44061639730853,31.02975438717566,16.788534596704046,-270.51585782563814,-86.583317743366,-0.21591964980524025,-270.54603000017903,-86.6022940435128,-0.32738505310119237,0.11702568460314915,0.03564371929115266,0.4734646873252486,0.030172419227139525,0.018976296869732765,0.11146540329595211,0.03564371929115266,0.11702568460314915,4,33
121101.77600002289,127.14599990844727,121.44062534499999,31.029757256666667,16.908,121.44062500143123,31.029757081643805,16.794723100624445,-269.69175745621453,-86.28415274924068,-0.20791964980523758,-269.72455936476854,-86.303557584617,-0.32119654918079377,0.11951646763902793,0.03811207295294927,0.4662408066173705,0.032802173674839334,0.01940483205226483,0.11327689937555618,0.03811207295294927,0.11951646763902793,4,33
121101.87599992752,127.24599981307983,121.44063394166666,31.029759948333336,16.916,121.44063357044328,31.029759768153063,16.80116295861639,-268.87099867877293,-85.98572689091665,-0.19991964980523846,-268.90644088629637,-86.00570352975383,-0.3147566911888475,0.12183095809050613,0.04068459506385583,0.46811981742311765,0.03544249302543418,0.019976635443737054,0.11483704138360906,0.04068459506385583,0.12183095809050613,4,33
121101.97600007057,127.34599995613098,121.44064247833333,31.029762526666666,16.902,121.44064209671957,31.029762456285166,16.807719869092697,-268.0559683450759,-85.69986633204638,-0.2139196498052378,-268.092402565324,-85.70766954946288,-0.30819978071254184,0.1013760671221633,0.03726075551111346,0.4680665947339394,0.036434512755358785,0.007803216102259984,0.09428013090730403,0.03726075551111346,0.1013760671221633,4,34
121102.0759999752,127.44599986076355,121.44065100000002,31.029765214999998,16.912,121.44065058695908,31.029765134389613,16.813996834063065,-267.2423701229224,-85.40181004162302,-0.2039196498052398,-267.28180482237144,-85.41074733792526,-0.3019228157421736,0.10601705607449838,0.04043507938710089,0.42664203830152425,0.039435014980703176,0.008937294809553274,0.09800316593693381,0.04043507938710089,0.10601705607449838,4,34
121102.17600011826,127.5460000038147,121.44065966499998,31.029767593333336,16.905,121.44065903294938,31.029767805936714,16.819961059892087,-266.4150872869112,-85.1381235391603,-0.2109196498052377,-266.47543173073507,-85.11455214162449,-0.2959585899131518,0.10690529411474345,0.06478518792966795,0.4808172008828867,0.060344925034175295,-0.023571393630885677,0.08503894010791413,0.06478518792966795,0.10690529411474345,4,34
121102.27600002289,127.64599990844727,121.44066801666668,31.029770281666668,16.902,121.44066743468383,31.029770480737945,16.825839092533787,-265.61771965334293,-84.84006724873694,-0.2139196498052378,-265.6732839268873,-84.81799615929602,-0.29008055727145177,0.09682486366123617,0.05978771108630744,0.4588598007348523,0.05556471513403107,-0.022071085814108632,0.07616090746621396,0.05978771108630744,0.09682486366123617,4,35
121102.37599992752,127.74599981307983,121.44067641166666,31.029772886666667,16.887,121.44067580397765,31.029773162970983,16.830540969699932,-264.8162148178264,-84.55125014877724,-0.22891964980523838,-264.8742333606249,-84.52061620990976,-0.28537868010530687,0.08655786871084474,0.06560977467831895,0.46189464874570785,0.058019002310012474,-0.03063393386900465,0.05645903030006849,0.06560977467831895,0.08655786871084474,4,35
121102.47600007057,127.84599995613098,121.44068476333332,31.029775548333337,16.884,121.44068414520969,31.029775824943183,16.83467972581491,-264.0188471891168,-84.25615039873804,-0.2319196498052385,-264.07786196916487,-84.22548258562229,-0.28123992399032716,0.08279977744201279,0.06650799725412372,0.498372061193019,0.05901524584692206,-0.030667808144402436,0.049320274185088664,0.06650799725412372,0.08279977744201279,4,34
121102.5759999752,127.94599986076355,121.44069310666667,31.029778148333335,16.887999999999998,121.44069245090341,31.029778460227895,16.8393063264555,-263.222275175232,-83.96788764992407,-0.2279196498052407,-263.2848835636205,-83.93330781073375,-0.2766133233497392,0.08652578055638446,0.0715236803977075,0.4660102194059786,0.06260888087293402,-0.034579833624124964,0.048693673544498495,0.0715236803977075,0.08652578055638446,4,34
121102.67600011826,128.0460000038147,121.44070108,31.029780935,16.884999999999998,121.44070068564758,31.029781095201898,16.843681638055305,-262.46102856889274,-83.6589291148946,-0.23091964980524082,-262.49867900049213,-83.64116748417354,-0.2722380117499341,0.05865372693767419,0.041629948953686796,0.486695580738057,0.03765072675107472,-0.01776162788154494,0.041318361944693294,0.041629948953686796,0.05865372693767419,4,35
121102.77600002289,128.14599990844727,121.44070926833335,31.029783536666667,16.89,121.44070886566793,31.029783705066027,16.848591548468125,-261.6792550369085,-83.37048158213031,-0.22591964980523827,-261.7176991447641,-83.35181109667431,-0.2673281013371138,0.05950814479925416,0.042738266684334704,0.4642360267207115,0.03844440821048222,-0.018670482493152677,0.041408451531875556,0.042738266684334704,0.05950814479925416,4,34
121102.87599992752,128.24599981307983,121.44071723166665,31.029786259999998,16.867,121.44071701394672,31.029786315282937,16.854201108789805,-260.918963175647,-83.06854483157115,-0.24891964980523795,-260.93974978447096,-83.06241559627018,-0.26171854101543346,0.02516880936613503,0.021671579284824317,0.47788512011155626,0.020786770676333912,-0.0061292343361900445,0.012798891210195507,0.021671579284824317,0.02516880936613503,4,35
121102.97600007057,128.34599995613098,121.44072551666667,31.029788745000005,16.879,121.44072513809238,31.02978895428446,16.860343896620144,-260.12796048254194,-82.79303216545598,-0.2369196498052375,-260.1641045126617,-82.76982873770612,-0.25557575318509507,0.046827985997788424,0.04295125235996194,0.47309231410889335,0.036144310589020415,-0.02320342412950214,0.01865610337985757,0.04295125235996194,0.046827985997788424,4,34
121103.0759999752,128.44599986076355,121.44073368,31.02979142,16.893,121.44073324675351,31.029791607357307,16.86747837482399,-259.3485738047496,-82.49645414592995,-0.22291964980523815,-259.3899376108231,-82.47568178702949,-0.2484412749812499,0.05285674061008558,0.04628694930860138,0.4769400531956257,0.041364125946658455,-0.020772355691303052,0.025521625176011753,0.04628694930860138,0.05285674061008558,5,35
121103.17600011826,128.5460000038147,121.44074172,31.02979393666667,16.874,121.44074133376527,31.02979426599423,16.87369047992398,-258.58096226037645,-82.21743058687439,-0.24191964980524006,-258.61783766290404,-82.18091794574634,-0.2422291698812593,0.051894938350484233,0.051894015297749896,0.46114777637128174,0.03687568670276504,-0.03651263553788768,0.000309520076019254,0.051894015297749896,0.051894938350484233,5,35
121103.27600002289,128.64599990844727,121.44074977500001,31.029796535,16.866999999999997,121.44074940561796,31.029796924062808,16.87753091634442,-257.81191860445983,-81.929352622716,-0.2489196498052415,-257.84718501441245,-81.88621711715213,-0.23838873346081968,0.05670370575090469,0.055717232943066825,0.46726919130951655,0.03526668077013016,-0.04313549900360146,-0.010530916344421826,0.055717232943066825,0.05670370575090469,4,33
121103.37599992752,128.74599981307983,121.44075770166667,31.029799655,16.864,121.44075745428076,31.029799593797204,16.881598040434646,-257.05512745814525,-81.58343732442133,-0.25191964980523807,-257.078746398415,-81.59022289611546,-0.23432160937059265,0.030225781599096335,0.024574516193342562,0.4666919900673207,0.023619121000339166,0.0067855706693094806,-0.017598040434645412,0.024574516193342562,0.030225781599096335,4,34
121103.47600007057,128.84599995613098,121.44076569833332,31.029802405,16.869999999999997,121.4407654691397,31.02980227552386,16.887010590198695,-256.29165312543756,-81.27854403206747,-0.2459196498052414,-256.31353517375544,-81.29289908949968,-0.2289090596065435,0.03121312434734283,0.026170574174340332,0.4610152413110017,0.021882215163347905,0.01435505528235946,-0.017010590198697884,0.026170574174340332,0.03121312434734283,4,34
121103.5759999752,128.94599986076355,121.44077373500001,31.029804965,16.866999999999997,121.44077346887761,31.02980493367862,16.892818596613267,-255.52435982699438,-80.99471609524026,-0.2489196498052415,-255.54976761674362,-80.99818870606971,-0.2231010531919715,0.03638989616900961,0.025644192561134423,0.48972388960471935,0.025407982795170727,0.003472610313992996,-0.025818596613270017,0.025644192561134423,0.03638989616900961,4,33
121103.67700004578,129.04699993133545,121.44078172166668,31.029807273333336,16.872,121.44078151311892,31.029807570695567,16.90188643292587,-254.76184023450594,-80.73879051375441,-0.24391964980523895,-254.78175113743853,-80.70582187743112,-0.21403321687936838,0.04875017532837381,0.03851468189553985,0.519922199166404,0.019911053693488445,-0.03296863149009443,-0.029886432925870565,0.03851468189553985,0.04875017532837381,5,33
121103.77699995041,129.14699983596802,121.44078960166668,31.029809731666667,16.874,121.44078943003096,31.029810180251115,16.917855401180855,-254.0095045409282,-80.46623438943394,-0.24191964980524006,-254.02589130332765,-80.41649970270403,-0.19806424862438377,0.06830347429774421,0.05236476285068759,0.41280197569435934,0.016386886070547137,-0.04973467958396495,-0.04385540118085629,0.05236476285068759,0.06830347429774421,5,32
121103.87700009346,129.24699997901917,121.44079763833334,31.029812338333333,16.878999999999998,121.44079746687477,31.029812801266765,16.924639646923076,-253.24221124734362,-80.1772325055239,-0.23691964980524105,-253.2585810946381,-80.12590694287383,-0.19128000288216285,0.07060641567524199,0.05387289265708512,0.3983960918305624,0.016369970407056678,-0.05132555535124685,-0.0456396469230782,0.05387289265708512,0.07060641567524199,4,32
121103.97699999809,129.34699988365173,121.44080553666666,31.029815149999997,16.881999999999998,121.44080548726988,31.029815449760846,16.927869559058667,-252.48812519872172,-79.8655022126501,-0.23391964980524094,-252.4928413087804,-79.83226764115638,-0.18805009074657164,0.056840081860586325,0.033567520874818915,0.5768642517217372,0.004716145399010608,-0.03323456679809133,-0.045869559058669296,0.033567520874818915,0.056840081860586325,4,33
121104.07699990273,129.4469997882843,121.440813465,31.029817975,16.887999999999998,121.44081355760746,31.029818133784328,16.94454774619513,-251.73117492458357,-79.55229364887893,-0.2279196498052407,-251.72233331443792,-79.53468918490911,-0.17137190361010823,0.05988104794774119,0.019700058466171108,0.6601699427512038,-0.008841676175658167,-0.017604461536081095,-0.056547746195132476,0.019700058466171108,0.05988104794774119,4,33
121104.17700004578,129.54699993133545,121.44082142666666,31.02982054,16.896,121.44082146851262,31.029820741667773,16.950306311453453,-250.97104218385778,-79.26791136090601,-0.21991964980523804,-250.96704698085105,-79.24555239642271,-0.16561333835178615,0.058864764538407326,0.022713102836970943,0.39287863149842545,-0.003995232738008321,-0.02235896142158584,-0.05430631145345188,0.022713102836970943,0.058864764538407326,5,33
121104.27699995041,129.64699983596802,121.44082910833335,31.029823258333334,16.908,121.4408293163585,31.029823324335027,16.95532931447216,-250.2376421814166,-78.96652896149256,-0.20791964980523758,-250.21778117354944,-78.95921133467996,-0.16059033533307954,0.051846669515328556,0.021166320687055432,0.4620200763488397,-0.019861155147580203,-0.007317625819281773,-0.047329314472158046,0.021166320687055432,0.051846669515328556,4,32
121104.37700009346,129.74699997901917,121.44083682666665,31.029825931666664,16.916,121.44083717579858,31.029825934059488,16.9562582878954,-249.50074146888707,-78.6701357252116,-0.19991964980523846,-249.46740842166457,-78.66987043182597,-0.1596613619098406,0.052267662856600436,0.033334349194524715,0.6816011613243363,-0.033333293501559134,-0.0002652933497587311,-0.04025828789539787,0.033334349194524715,0.052267662856600436,5,32
121104.47699999809,129.84699988365173,121.44084476833335,31.029828571666666,16.93,121.44084511528466,31.029828574908883,16.960036434912574,-248.74251820617044,-78.37743816441085,-0.18591964980523912,-248.70939335102184,-78.37707869933143,-0.15588321489266477,0.04471676219051989,0.033127049348624364,0.6539686831471041,-0.033125098995135875,-0.0003594650311814915,-0.03003643491257435,0.033127049348624364,0.04471676219051989,4,33
121104.57699990273,129.9469997882843,121.44085283499999,31.029831161666667,16.948999999999998,121.4408530952113,31.029831233912468,16.96758497284846,-247.97236068949894,-78.09028411859356,-0.16691964980524077,-247.94751725644858,-78.08227420627038,-0.14833467695677882,0.03204317577923337,0.026102948075663417,0.4257574081868155,-0.02484361527292078,-0.008009911261173742,-0.018584972848461945,0.026102948075663417,0.03204317577923337,5,33
121104.67700004578,130.04699993133545,121.44086062,31.029833653333338,16.962,121.44086104018926,31.029833882490614,16.975361427236304,-247.22909503407698,-77.81403231738237,-0.1539196498052391,-247.18897785399125,-77.78862558456811,-0.14055822256893435,0.04932992300014664,0.04748593018367999,0.423788908778072,-0.04011747327753705,-0.025406729487193563,-0.013361427236304735,0.04748593018367999,0.04932992300014664,5,32
121104.77699995041,130.14699983596802,121.44086831833334,31.02983647333333,16.975,121.44086892258335,31.029836521349086,16.97933630280846,-246.49410379712734,-77.50137810616744,-0.1409196498052374,-246.43641358907558,-77.49605458584654,-0.13658334699677965,0.058097779269963096,0.05793572675003495,0.5172675219776335,-0.05769062811940422,-0.005323519629279258,-0.004336302808457759,0.05793572675003495,0.058097779269963096,5,34
121104.87700009346,130.24699997901917,121.44087610666665,31.02983934166667,16.983,121.44087679233371,31.02983917063191,16.98484622397567,-245.7505198982047,-77.18336516321412,-0.1329196498052383,-245.68505647185236,-77.20232783636533,-0.1310734258295696,0.06818001021046334,0.06815500898195637,0.5690926039045082,-0.06546390126477057,0.01896267071187287,-0.0018462239756686927,0.06815500898195637,0.06818001021046334,5,34
121104.97699999809,130.34699988365173,121.44088403166667,31.029842061666667,17.006,121.44088466603053,31.02984192720333,16.994536093348874,-244.99388786999654,-76.88179797985035,-0.1099196498052386,-244.93332257024093,-76.89670596944913,-0.12138355645636523,0.06341827662403746,0.06237352526719322,0.43576434405031056,-0.06056573748160951,0.014907987710148956,0.01146390665112662,0.06237352526719322,0.06341827662403746,5,34
121105.07699990273,130.4469997882843,121.44089199666665,31.029844626666666,17.012999999999998,121.44089266882986,31.029844625163076,17.005134685212916,-244.23343688577006,-76.59741569187742,-0.10291964980524071,-244.16926272662872,-76.59758239512772,-0.11078496459232312,0.06465503057703706,0.06417483776541784,0.439724605302404,-0.06417462124742901,0.00016670322952281965,0.007865314787082411,0.06417483776541784,0.06465503057703706,5,32
121105.17700004578,130.54699993133545,121.44090003166666,31.029847094999997,17.035,121.4409006797425,31.029847279312435,17.01321569246724,-243.4663027102919,-76.32375086456025,-0.08091964980523869,-243.4044282717816,-76.30331609151943,-0.10270395733799731,0.06870689176227344,0.06516195915525373,0.5149959081050428,-0.061874882419080554,-0.020434770529074022,0.021784307532758618,0.06516195915525373,0.06870689176227344,4,33
121105.27699995041,130.64699983596802,121.44090793833332,31.02984996833333,17.061999999999998,121.44090863731769,31.029849956564235,17.02607911506575,-242.71142104441574,-76.00518357046121,-0.05391964980524122,-242.6446861599339,-76.00648841347298,-0.08984053473949061,0.07579987511693448,0.0667481167770543,0.47356807092952524,-0.06673536152901378,0.0013048428545632395,0.035920884934249386,0.0667481167770543,0.07579987511693448,5,33
121105.37700009346,130.74699997901917,121.44091569333335,31.029852771666665,17.078,121.44091650895443,31.029852642773978,17.036862449164573,-241.97101960965145,-75.69437719663377,-0.03791964980523943,-241.8931489428777,-75.708667565684,-0.07905720064066557,0.08922129681659774,0.07917159665497574,0.6750236163719462,-0.0778712213699546,0.014290367358808218,0.04113755083542614,0.07917159665497574,0.08922129681659774,4,34
121105.47699999809,130.84699988365173,121.44092357166667,31.029855426666668,17.083,121.44092442468994,31.02985528379007,17.049882404370354,-241.218843041468,-75.40001658169061,-0.032919649805240425,-241.13740143643278,-75.4158573511976,-0.06603724543488454,0.08933383586114445,0.08296842224230418,0.4717963123959842,-0.08144218298259102,0.015840767671026476,0.033117595629644114,0.08296842224230418,0.08933383586114445,4,34
121105.57699990273,130.9469997882843,121.44093173666667,31.029857940000003,17.094,121.44093249193833,31.02985792402146,17.06414693921534,-240.4392972407107,-75.12136259124095,-0.02191964980523764,-240.36718837903965,-75.12313413663612,-0.05177271058989774,0.0780647492631119,0.07213112947472762,0.46521817190301923,-0.07210937156100837,0.0017715451945563567,0.0298530607846601,0.07213112947472762,0.0780647492631119,4,35
121105.67700004578,131.04699993133545,121.44094005500001,31.02986048833333,17.111,121.44094065273136,31.029860578681014,17.08067206599479,-239.64511207858865,-74.83882814136076,-0.00491964980523818,-239.58804423368076,-74.82881126780782,-0.0352475838104489,0.06539805907688441,0.057940681304237754,0.5160318947264492,-0.05706824700606051,-0.010016872448749253,0.03032793400521072,0.057940681304237754,0.06539805907688441,4,35
121105.77699995041,131.14699983596802,121.440948125,31.029863050000003,17.122,121.44094881145526,31.029863224696495,17.094112492846765,-238.87463631355786,-74.55481541987797,0.006080350194761053,-238.80909763527296,-74.53544676917522,-0.021807156958473684,0.07381216882020102,0.06834122628926215,0.488600142180817,-0.06553913839444803,-0.01936864861660522,0.027887507153234736,0.06834122628926215,0.07381216882020102,4,33
121105.87700009346,131.24699997901917,121.44095620499999,31.029865684999997,17.13,121.44095691921653,31.029865869555003,17.101096335217967,-238.10320580830788,-74.26267221163346,0.014080350194760172,-238.03501664749467,-74.24221054498831,-0.014823314587271597,0.07683702390948716,0.07119344355651747,0.4446905608354721,-0.06818963772057479,-0.02046166447217335,0.028903664782031768,0.07119344355651747,0.07683702390948716,4,33
121105.97699999809,131.34699988365173,121.44096425000001,31.029868240000003,17.124,121.44096503982858,31.02986852005421,17.105046576852317,-237.33511689261047,-73.9793986252467,0.008080350194759944,-237.25970874251024,-73.94834893465669,-0.010873072952922058,0.08372445082434445,0.08155091303488259,0.47151325145208994,-0.07540867545490043,-0.0310496873246814,0.018953423147682003,0.08155091303488259,0.08372445082434445,5,34
121106.07699990273,131.4469997882843,121.44097251,31.029870874999997,17.122,121.44097325145599,31.02987120176256,17.113020122978355,-236.54650105612666,-73.68725541700219,0.006080350194761053,-236.47571123254286,-73.65102715777353,-0.0028995268268836583,0.08002745382414078,0.07952204206539921,0.45186598604386125,-0.07079031486848189,-0.036228255479284606,0.008979877021644711,0.07952204206539921,0.08002745382414078,5,34
121106.17700004578,131.54699993133545,121.44098084166666,31.029873609999996,17.131,121.44098154116233,31.02987392105016,17.121118792293817,-235.7510429078554,-73.384025179496,0.015080350194761394,-235.6842592069102,-73.34953895837194,0.005199142488578445,0.07580937835881471,0.07516264751468775,0.4639281995727186,-0.06678416261459229,-0.03448621761348858,0.009881207706182948,0.07516264751468775,0.07580937835881471,5,34
121106.27699995041,131.64699983596802,121.44098913499998,31.02987632833333,17.137,121.44098986306518,31.029876651713693,17.122980628839645,-234.95924459992537,-73.08264278008255,0.02108035019476162,-234.8897332502435,-73.0467895065467,0.0070609790344065,0.0794600150829333,0.07821349774334471,0.4757778191429511,-0.06951182824440266,-0.035853269911806554,0.01401937116035512,0.07821349774334471,0.0794600150829333,4,34
121106.37700009346,131.74699997901917,121.44099746833332,31.029879036666664,17.136,121.44099822020003,31.02987937524746,17.121046920591162,-234.1636273286892,-72.7823690836658,0.0200803501947604,-234.09184355138277,-72.74483053330711,0.0051272707859233435,0.08237547209394433,0.08100693685662491,0.45807875279436133,-0.071784269449519,-0.037538546568721416,0.014953079408837056,0.08100693685662491,0.08237547209394433,4,32
121106.47799992561,131.84799981117249,121.44100629333334,31.029881891666665,17.141,121.44100669513784,31.02988215618344,17.115443798546227,-233.32106863459475,-72.46583441160982,0.025080350194759404,-233.28270672399483,-72.43650736029713,-0.00047585125901150604,0.05463379423626461,0.0482880113475879,0.4928836255923035,-0.03836217245741906,-0.029327048338556275,0.02555620145377091,0.0482880113475879,0.05463379423626461,4,32
121106.57800006866,131.94799995422363,121.44101474666668,31.029884646666666,17.131,121.44101516254507,31.029884927500287,17.106512628414198,-232.51399447586934,-72.16038676811026,0.015080350194761394,-232.4742888723782,-72.12925066366475,-0.009407021391041326,0.05608604589777531,0.05045803382283322,0.4582777325437631,-0.03970587331551692,-0.0311361012575162,0.02448737158580272,0.05045803382283322,0.05608604589777531,4,32
121106.6779999733,132.0479998588562,121.44102336333331,31.029887538333334,17.112000000000002,121.44102370975193,31.029887681322403,17.096301029557665,-231.69132622041855,-71.83978685196816,-0.003919649805236958,-231.65825222476116,-71.823933612794,-0.01961862024757366,0.03989594970510046,0.03667736536233954,0.5264569082275766,-0.033074219411323005,-0.015853237532258466,0.0156989704423367,0.03667736536233954,0.03989594970510046,5,33
121106.77800011635,132.14800000190735,121.44103229833333,31.029890348333332,17.094,121.4410323110688,31.02989041426043,17.087477202835796,-230.83826538148344,-71.52824134304467,-0.02191964980523764,-230.83704947379266,-71.52093198679295,-0.02844244696944287,0.00987177855900251,0.00740979952985355,0.4751523863715029,-0.0012159158802746998,-0.007309355487641416,0.00652279716420523,0.00740979952985355,0.00987177855900251,4,33
121106.87800002098,132.24799990653992,121.44104063000002,31.029892871666668,17.083000000000002,121.44104092253245,31.029893110967816,17.077514528040695,-230.0428072307829,-71.24847864959831,-0.03291964980523687,-230.0148779680651,-71.22194726226132,-0.03840512176454425,0.038910910361310294,0.0385223122687304,0.5154318765888322,-0.027929449999763118,-0.02653138453304518,0.005485471959307375,0.0385223122687304,0.038910910361310294,5,33
121106.97799992561,132.34799981117249,121.44104909499998,31.029895415000002,17.086000000000002,121.4410495576934,31.029895812913146,17.06861404960258,-229.23461920887326,-70.96649855015859,-0.02991964980523676,-229.19044398506057,-70.92238180570223,-0.04730560020265884,0.06480767278676548,0.06243206852904078,0.5504141276072462,-0.04417551872467688,-0.044116739750581814,0.01738595039742208,0.06243206852904078,0.06480767278676548,4,32
121107.07800006866,132.44799995422363,121.44105786333333,31.029898305,17.068,121.4410582723016,31.029898518307625,17.059903025904468,-228.39747071502276,-70.64608341867208,-0.04791964980523744,-228.3584248492108,-70.6224339406096,-0.05601662390077067,0.046362253876832904,0.045649727217543935,0.5511908519451648,-0.039046125323644904,-0.023649475517363756,0.008096974095533227,0.045649727217543935,0.046362253876832904,4,34
121107.1779999733,132.5479998588562,121.441066675,31.029901001666666,17.061,121.44106709844078,31.02990122454999,17.053155966591472,-227.55618501193612,-70.34710320849707,-0.05491964980523889,-227.51575739606866,-70.32239207026406,-0.0627636832137668,0.04802689699537644,0.04738200053702247,0.5731305078342117,-0.04042788337689502,-0.024711135557771772,0.007844033408527906,0.04738200053702247,0.04802689699537644,4,32
121107.27800011635,132.64800000190735,121.44107592,31.029903859999997,17.034,121.44107596329484,31.029903941512735,17.04577087237233,-226.67352721162945,-70.0301989692457,-0.08191964980523991,-226.66939367790008,-70.02116162856609,-0.07014877743290882,0.015404975539104011,0.009937798295129831,0.45304981564295815,-0.00413356095882091,-0.009037339694533837,-0.011770872372331098,0.009937798295129831,0.015404975539104011,4,33
121107.37800002098,132.74799990653992,121.44108455333331,31.02990662666667,17.059,121.44108483694512,31.029906656803487,17.031332750689216,-225.84926771924088,-69.72345783879912,-0.05691964980523778,-225.82219014651218,-69.7201165611194,-0.08458689911602235,0.038856728867138354,0.027283121042673872,0.5338244592924217,-0.02707775027160464,-0.003341277309324764,0.02766724931078457,0.027283121042673872,0.038856728867138354,4,33
121107.47799992561,132.84799981117249,121.44109323833332,31.029909255,17.054000000000002,121.44109370882457,31.029909393629474,17.01306315481058,-225.0200753979327,-69.43205376565065,-0.06191964980523679,-224.9751556835783,-69.41668387577036,-0.10285649499465777,0.06268864192786666,0.0474767367528315,0.4713231113586288,-0.04492000747215273,-0.015369888138805828,0.04093684518942098,0.0474767367528315,0.06268864192786666,4,33
121107.57800006866,132.94799995422363,121.44110187,31.02991198333333,17.002000000000002,121.44110259245134,31.029912151917234,16.996826679569445,-224.19597502850917,-69.1295626632405,-0.11391964980523639,-224.12699965662966,-69.1108717175439,-0.11909297023579413,0.0716503896192066,0.07146338284958866,0.4698089051766433,-0.06897581980612337,-0.018690943539053397,0.005173320430557737,0.07146338284958866,0.0716503896192066,4,33
121107.6779999733,133.0479998588562,121.441110885,31.02991493833333,16.97,121.4411114930479,31.02991485948001,16.98424005767498,-223.33527626539097,-68.80194096262811,-0.14591964980523997,-223.27722345511148,-68.81068345326347,-0.13167959213025782,0.060410120973472876,0.05870778034845815,0.5363983174133177,-0.05805318551826095,0.008742489612529547,-0.014240057674982154,0.05870778034845815,0.060410120973472876,4,33
121107.77800011635,133.14800000190735,121.44112032333332,31.029917539999996,16.965,121.44112038667251,31.029917552662614,16.972553022405023,-222.4341601428427,-68.51349342986381,-0.15091964980523898,-222.4281128944328,-68.51208952207807,-0.14336662740021566,0.009776951873884228,0.006208110863496571,0.47809235651546805,-0.006047287316588502,-0.0014039076195006505,-0.007553022405023313,0.006208110863496571,0.009776951873884228,4,33
121107.87800002098,133.24799990653992,121.44112933333332,31.029920118333333,16.961000000000002,121.441129190937,31.029920266647622,16.969173273825817,-221.57393875104881,-68.22763287099355,-0.15491964980523676,-221.58753390652063,-68.21118922294653,-0.14674637597942208,0.02284789972733447,0.021335981742553665,0.439121196645975,0.013595242547400882,-0.016443646097989463,-0.008173273825814675,0.021335981742553665,0.02284789972733447,4,32
121107.97799992561,133.34799981117249,121.44113821,31.02992284333333,16.954,121.44113808986097,31.029923005453586,16.963248728891422,-220.72644723046395,-67.92551133648405,-0.1619196498052382,-220.73791739399064,-67.9075370168683,-0.15267092091381684,0.02324180293601256,0.021322345499720004,0.430894540650988,0.011470236652986883,-0.01797431747616321,-0.009248728891421365,0.021322345499720004,0.02324180293601256,4,32
121108.07800006866,133.44799995422363,121.44114687833334,31.02992550166667,16.911,121.44114707379455,31.029925742150038,16.95304655778748,-219.89884614609355,-67.63078115364024,-0.20491964980523747,-219.88018466768395,-67.60411869339372,-0.16287309201775813,0.053170055793774935,0.03254445899592279,0.6002884239474912,-0.01866159681970221,-0.026662457041243967,-0.042046557787479344,0.03254445899592279,0.053170055793774935,5,32
121108.1779999733,133.5479998588562,121.44115571333332,31.029928148333337,16.899,121.44115610211509,31.029928549610432,16.95730846522048,-219.05533271663847,-67.33734445844871,-0.21691964980523792,-219.01821413791717,-67.29285475097956,-0.15861118458476042,0.08220107668081526,0.05794083094949222,0.3948848030893566,-0.03711881318073891,-0.04448970216995208,-0.0583084652204775,0.05794083094949222,0.08220107668081526,5,34
121108.27800011635,133.64800000190735,121.441164635,31.029930970000002,16.894000000000002,121.4411650337678,31.029931334820247,16.94628481380608,-218.20354486385253,-67.0245054625782,-0.22191964980523693,-218.16547287858896,-66.98405773696442,-0.16963483599915818,0.0762837738440793,0.055547388751932485,0.4527038092065067,-0.03807222457158823,-0.04044772074331099,-0.052284813806078745,0.055547388751932485,0.0762837738440793,5,34
121108.37800002098,133.74799990653992,121.44117349333334,31.02993373,16.880000000000003,121.4411739210046,31.029934087641116,16.936147656064158,-217.35780370559976,-66.71850346793292,-0.23591964980523628,-217.31697218724614,-66.67885169441232,-0.1797719937410811,0.07995033327976807,0.056916575002782174,0.44551660199790816,-0.04083177376797862,-0.03965176869961719,-0.05614765606415517,0.056916575002782174,0.07995033327976807,5,34
121108.47799992561,133.84799981117249,121.44118231833333,31.02993679833333,16.901,121.44118285583635,31.029936845564652,16.926216791437998,-216.51524501393462,-66.37831646786677,-0.21491964980523903,-216.46392741316654,-66.37307991784996,-0.18970285836724088,0.05741808909440603,0.05158440059577751,0.5194279973485653,-0.051317920217768924,-0.005236549374192444,-0.025216791437998154,0.05158440059577751,0.05741808909440603,4,35
121108.57800006866,133.94799995422363,121.44119173833333,31.02993932333333,16.868000000000002,121.44119185375737,31.029939612645933,16.918642233945533,-215.6158792512891,-66.09836899117536,-0.24791964980523673,-215.60485924867587,-66.06629281939045,-0.19727741585970548,0.06095045827133986,0.033916404651619915,0.5190806669481348,-0.011020070880577442,-0.032076167824094476,-0.050642233945531245,0.033916404651619915,0.06095045827133986,4,35
121108.6779999733,134.0479998588562,121.44120073,31.029941968333333,16.865000000000002,121.44120089949979,31.029942393708254,16.911917101885184,-214.7574082145393,-65.80511707922889,-0.25091964980523684,-214.7412253808202,-65.7579556392508,-0.20400254792005512,0.06846387846240824,0.04986068796969095,0.45885343651278265,-0.016182933482212527,-0.047161434124941205,-0.04691710188518172,0.04986068796969095,0.06846387846240824,4,35
121108.77800011635,134.14800000190735,121.44120942333332,31.02994475166667,16.849,121.44120998867858,31.029945195485684,16.905377374115428,-213.92742027840617,-65.49652811068957,-0.26691964980523863,-213.87344446512793,-65.44732176871565,-0.21054227568981077,0.09226644006332652,0.0730389461164967,0.49620382571413635,-0.05397614439024101,-0.049206335837698394,-0.05637737411542787,0.0730389461164967,0.09226644006332652,5,35
121108.87800002098,134.24799990653992,121.44121826333334,31.029947398333334,16.834,121.44121914975631,31.029948007261563,16.898594793736184,-213.08342947519756,-65.20309141549804,-0.2819196498052392,-212.9987990655726,-65.13557936726677,-0.21732485606905527,0.1260664767606256,0.10826019206068874,0.5129152421088664,-0.08463092621000778,-0.06751203976961019,-0.06459479373618393,0.10826019206068874,0.1260664767606256,5,35
121108.97799992561,134.34799981117249,121.44122743000001,31.029950266666667,16.822000000000003,121.44122839193878,31.029950844086073,16.893077810969817,-212.20825047610896,-64.88507847254472,-0.2939196498052361,-212.11641026474928,-64.82105981698119,-0.2228418388354214,0.1326090846058578,0.111951391718651,0.4718039343427801,-0.09184076915204399,-0.06401864751229758,-0.07107781096981469,0.111951391718651,0.1326090846058578,5,35
121109.07800006866,134.44799995422363,121.44123693499999,31.029953116666668,16.803,121.44123769385467,31.02995370483193,16.88677754550518,-211.30076941795613,-64.56909815233972,-0.312919649805238,-211.22831847179054,-64.50388810016008,-0.22914210430005966,0.12853104683163094,0.09747590917125458,0.49961303880618646,-0.07245138396012672,-0.06521004394282345,-0.08377754550517835,0.09747590917125458,0.12853104683163094,5,35
121109.1779999733,134.5479998588562,121.44124674833334,31.029956016666667,16.803,121.44124703159245,31.02995657319807,16.879971514523145,-210.36385051896744,-64.24757431715125,-0.312919649805238,-210.3368066185452,-64.18587152019111,-0.23594813528209357,0.10228992901372554,0.0673692476553388,0.5092557932129641,-0.027044062999339924,-0.0617027891276732,-0.07697151452314444,0.0673692476553388,0.10228992901372554,5,35
121109.27800011635,134.64800000190735,121.44125625500001,31.029958976666663,16.796,121.44125641844614,31.029959457124598,16.87219180924753,-209.45621033542037,-63.91939826539314,-0.31991964980523946,-209.44060546724944,-63.86612975566862,-0.24372784055771035,0.09426685537903698,0.055507190765164915,0.47776816773283487,-0.015604961491935734,-0.05326850292129123,-0.07619180924752911,0.055507190765164915,0.09426685537903698,4,35
121109.3789999485,134.74899983406067,121.44126550499999,31.029961718333332,16.781,121.44126597031595,31.029962400674638,16.864241120180765,-208.5730751662187,-63.61542889208566,-0.33491964980524,-208.52864955609718,-63.53977751527279,-0.2516785296244741,0.12093747039587054,0.08773133794034689,0.4894430547572312,-0.04442587437620547,-0.07565136709083954,-0.0832411201807659,0.08773133794034689,0.12093747039587054,4,35
121109.47900009155,134.84899997711182,121.44127485166668,31.029964578333338,16.748,121.4412755021035,31.029965326754652,16.85883601743891,-207.68071083346697,-63.2983398681787,-0.3679196498052377,-207.61861098168808,-63.21536218141641,-0.2570836323663279,0.15174437292154452,0.10364232702730315,0.5267934776927379,-0.06210021921339754,-0.08297767606580955,-0.1108360174389098,0.10364232702730315,0.15174437292154452,5,35
121109.57899999619,134.94899988174438,121.44128440499999,31.02996749166667,16.740000000000002,121.44128508626012,31.02996824733565,16.852029210074946,-206.76861519475375,-62.975337762798155,-0.37591964980523684,-206.7035725155433,-62.89155652549269,-0.263890439730293,0.15427390489262902,0.10606551664327128,0.5219821690135602,-0.06504306200309716,-0.08378122645357558,-0.11202921007494382,0.10606551664327128,0.15427390489262902,5,35
121109.67899990082,135.04899978637695,121.44129413333333,31.02997046666667,16.727,121.44129471818427,31.02997119255862,16.84442626444447,-205.83981159127237,-62.64549865619238,-0.3889196498052385,-205.78397349125726,-62.565018806467386,-0.2714933853607704,0.15291782766881618,0.09795373621035393,0.4687933632719023,-0.05583842685179689,-0.08047983924116729,-0.11742626444446813,0.09795373621035393,0.15291782766881618,4,35
121109.77900004387,135.1489999294281,121.44130398166665,31.029973508333335,16.735,121.44130441836634,31.029974158740245,16.83831845666397,-204.89955110273107,-62.30826819721567,-0.3809196498052394,-204.85785760394106,-62.236157395537774,-0.27760119314126896,0.13271412105172192,0.0832966652340078,0.48296383827517275,-0.04169374150224423,-0.07211079224811223,-0.10331845666397044,0.0832966652340078,0.13271412105172192,5,35
121109.8789999485,135.24899983406067,121.44131369333333,31.02997655,16.738,121.44131418913052,31.02997714046025,16.831935850847355,-203.97233873375816,-61.971037738238955,-0.3779196498052393,-203.92500295550013,-61.905573240247406,-0.28398379895788395,0.12389610685164137,0.08078552604629587,0.4776463240307338,-0.04733605229396823,-0.06546448939539247,-0.09393585084735534,0.08078552604629587,0.12389610685164137,5,35
121109.97900009155,135.34899997711182,121.44132351333334,31.029979611666665,16.73,121.44132401939723,31.0299801349859,16.824681545234863,-203.03478333805097,-61.63158987326885,-0.3859196498052384,-202.9864673582474,-61.573569318739295,-0.29123810457037536,0.12110094817708882,0.07550393791934652,0.4984424311390856,-0.04831625794754974,-0.058020546871555514,-0.09468154523486305,0.07550393791934652,0.12110094817708882,4,35
121110.07899999619,135.44899988174438,121.44133349999998,31.029982800000003,16.721,121.44133389449216,31.029983146547583,16.817490660154434,-202.08131560211768,-61.27809843794766,-0.39491964980523875,-202.0436518288903,-61.23967660833114,-0.2984289896508052,0.11047741918791464,0.05380346320994424,0.5053641194216362,-0.03766398882163078,-0.03842182451976864,-0.09649066015443353,0.05380346320994424,0.11047741918791464,4,35
121110.17899990082,135.54899978637695,121.44134332,31.029986094999995,16.71,121.44134381026377,31.029986176298284,16.808953005709057,-201.1437602088398,-60.91278084038453,-0.405919649805238,-201.0969527294172,-60.903767275363506,-0.3069666440961818,0.10983581719830247,0.047667697665845075,0.49764385569529507,-0.04680774581274766,-0.009013563817470647,-0.09895300570905619,0.047667697665845075,0.10983581719830247,4,35
121110.27900004387,135.6489999294281,121.44135335499999,31.02998912166667,16.697,121.44135378011588,31.029989219033464,16.801350180223363,-200.18567789234615,-60.57721343413971,-0.41891964980523966,-200.14509034699142,-60.56641834996449,-0.31456946958187615,0.11248493856408096,0.0419988248778061,0.5169421216012745,-0.040587775007462266,-0.010795082725956563,-0.10435018022336351,0.0419988248778061,0.11248493856408096,4,35
121110.3789999485,135.74899983406067,121.441363295,31.029992134999997,16.681,121.4413638197589,31.029992283261652,16.79521096338389,-199.23666560914972,-60.24312430090801,-0.4349196498052379,-199.1865647395997,-60.2266864881659,-0.320708686421348,0.12579535421273133,0.05272880602128499,0.5019012638598596,-0.05010115137899817,-0.016437810527226846,-0.11421096338388992,0.05272880602128499,0.12579535421273133,4,35
121110.47900009155,135.84899997711182,121.44137315166667,31.02999522,16.677,121.44137392261293,31.029995376426765,16.788798315570492,-198.2956095009249,-59.90108946204387,-0.43891964980523923,-198.2220041225312,-59.88374638150918,-0.32712133423474654,0.1349720639438703,0.07562139036587955,0.4867667769979444,-0.07360578998836277,-0.01734307818865429,-0.11179831557049269,0.07562139036587955,0.1349720639438703,4,35
121110.57899999619,135.94899988174438,121.44138340666665,31.029998496666668,16.682000000000002,121.44138407435231,31.02999847955842,16.781560038982178,-197.31652288989127,-59.537804485113284,-0.4339196498052367,-197.25277621915515,-59.539701281512976,-0.33435961082306065,0.11823486119621086,0.0637752384547078,0.5324063152951513,-0.06374702506275148,0.0018967961418597966,-0.09956003898217602,0.0637752384547078,0.11823486119621086,4,35
121110.67899990082,136.04899978637695,121.44139334333335,31.030002046666663,16.742,121.44139425247229,31.030001588576784,16.773791737007443,-196.36782885262483,-59.1442149636029,-0.37391964980523795,-196.2810296534922,-59.19500352022317,-0.3421279127977961,0.10547215527032087,0.1005666992369558,0.5410301821738409,-0.0867996786683375,0.05078854967893532,-0.03179173700744187,0.1005666992369558,0.10547215527032087,4,35
121110.77900004387,136.1489999294281,121.44140333166666,31.030005708333338,16.711,121.44140447146273,31.03000471365077,16.765755506358904,-195.4142019912973,-58.73824492447331,-0.4049196498052403,-195.3053810187151,-58.84852566792667,-0.3501641434463352,0.16432327475710237,0.1549321566050058,0.5444481002743559,-0.10882157009058789,0.1102807282950984,-0.05475550635890514,0.1549321566050058,0.16432327475710237,4,35
121110.8789999485,136.24899983406067,121.44141357333335,31.030008889999998,16.705,121.44141474769884,31.03000785140078,16.757398913178324,-194.43638836398358,-58.38549262636393,-0.41091964980524054,-194.3242669077645,-58.50064242045525,-0.3585207366269145,0.1690457797556472,0.16071972359024586,0.568284284391889,-0.11212206802723211,0.11514977816835675,-0.05239891317832601,0.16071972359024586,0.1690457797556472,4,35
121110.97900009155,136.34899997711182,121.44142411166668,31.03001244333333,16.725,121.44142506520184,31.03001101513135,16.74874294892883,-193.4302507614475,-57.99153353624763,-0.3909196498052374,-193.33921287702466,-58.14987870102516,-0.36717670087640997,0.1841871280321188,0.1826504051703232,0.5749580153427798,-0.0910383780525909,0.15834514274342854,-0.023742948928827445,0.1826504051703232,0.1841871280321188,4,35
121111.07899999619,136.44899988174438,121.44143444000001,31.030015435000003,16.707,121.44143541030087,31.03001417399247,16.739689819094234,-192.44416271566146,-57.65984659084386,-0.4089196498052381,-192.3515241419566,-57.79965485943557,-0.37622983071100435,0.1708712046441477,0.1677150688045904,0.5565871775197662,-0.0926390728252355,0.13980824900630576,-0.03268981909423374,0.1677150688045904,0.1708712046441477,4,35
121111.17899990082,136.54899978637695,121.44144442166667,31.030018521666662,16.669,121.44144575300469,31.03001734968715,16.730539922576074,-191.4911723486232,-57.31762696943992,-0.44691964980523835,-191.36406408754422,-57.44756467589839,-0.38537972722916436,0.1919053096747338,0.18177042061536386,0.5551168707423267,-0.1271089415164265,0.12993768813265827,-0.06153992257607399,0.18177042061536386,0.1919053096747338,5,34
121111.27900004387,136.6489999294281,121.44145463333334,31.030021796666666,16.669,121.44145612229633,31.030020563687746,16.72104293693257,-190.51622294439642,-56.9545267757544,-0.44691964980523835,-190.3740655843262,-57.091227503986865,-0.39487671287266934,0.20397176531075065,0.19722072345323294,0.5740700731218017,-0.14215811608365955,0.13670070881660182,-0.052042936932569006,0.19722072345323294,0.20397176531075065,4,34
121111.3789999485,136.74899983406067,121.44146549166665,31.030024723333334,16.661,121.44146655603329,31.030023823698848,16.713330139974268,-189.47953364269887,-56.63004640018177,-0.45491964980523747,-189.37791422443198,-56.729789134473755,-0.4025895098309711,0.1517025676451693,0.1423911004255914,0.5708282349578088,-0.10161995510974124,0.09974272005467379,-0.05233013997426639,0.1423911004255914,0.1517025676451693,4,34
121111.47900009155,136.84899997711182,121.44147589499998,31.030027998333335,16.66,121.44147704323271,31.030027085199563,16.705420440144,-188.48628504162477,-56.26694620649625,-0.4559196498052387,-188.37665858646577,-56.36818561116224,-0.4104992096612392,0.15598242304783597,0.14922298722716762,0.5489132371355684,-0.1096270304306398,0.10123939014019695,-0.045420440143999485,0.14922298722716762,0.15598242304783597,4,35
121111.57899999619,136.94899988174438,121.44148634333332,31.03003092666667,16.642,121.44148753379471,31.03003037454243,16.69334818590951,-187.48874010592024,-55.942281046973285,-0.4739196498052394,-187.3750819088929,-56.00349522001476,-0.4225714638957285,0.13893210746514925,0.12909490419265235,0.5661636645853692,-0.113658789334851,0.06121416417338432,-0.051348185909510846,0.12909490419265235,0.13893210746514925,4,35
121111.67899990082,137.04899978637695,121.44149708166667,31.03003391166667,16.62,121.44149803381963,31.030033666627553,16.68180638686067,-186.4635076892826,-55.61133323737082,-0.49591964980523784,-186.37260176842886,-55.63850079495299,-0.4341132629445674,0.11323461222331312,0.09487912282790793,0.565948301427848,-0.09090639130111212,0.02716755361092209,-0.061806386860670415,0.09487912282790793,0.11323461222331312,5,35
121111.77900004387,137.1489999294281,121.44150759500002,31.03003723833333,16.607,121.44150857138692,31.03003698703677,16.668857991188133,-185.45975693850923,-55.24250474686729,-0.5089196498052395,-185.36653730434824,-55.270366068886126,-0.44706165861710545,0.11529377089229347,0.09729461718272694,0.5407468231522506,-0.09322011315912675,0.02786131790373509,-0.061857991188134065,0.09729461718272694,0.11529377089229347,5,35
121111.8789999485,137.24899983406067,121.44151872833332,31.030040613333334,16.604,121.44151916522412,31.03004032294963,16.658517084439854,-184.39681226499277,-54.86831752462536,-0.5119196498052396,-184.35510052227943,-54.90051244916732,-0.4574025653653848,0.07581894609622201,0.05269155616718451,0.5492447688898502,-0.04171195552288986,0.03219491975104176,-0.05451708443985481,0.05269155616718451,0.07581894609622201,4,34
121111.97900009155,137.34899997711182,121.44152928166667,31.03004409333333,16.594,121.44152980011121,31.03004367754184,16.647470816181738,-183.38924255091322,-54.482488922681306,-0.5219196498052376,-183.33974453978524,-54.5285878448951,-0.4684488336235013,0.08622248024807276,0.06764013540042821,0.5256034462527258,-0.04949826184189588,0.04609891529764422,-0.053470816181736325,0.06764013540042821,0.08622248024807276,5,34
121112.07899999619,137.44899988174438,121.44153995666666,31.030047439999997,16.582,121.44154045540888,31.030047056599667,16.634877772700488,-182.37005682880877,-54.111443025479126,-0.5339196498052381,-182.3224398779249,-54.153950730800084,-0.4810418771047509,0.082887635516759,0.06383025360904263,0.5391202688500133,-0.047617190294955106,0.04250769888159944,-0.05287777270048721,0.06383025360904263,0.082887635516759,4,34
121112.17899990082,137.54899978637695,121.441550875,31.030050618333334,16.572,121.44155115876995,31.030050423089467,16.62557367389514,-181.327639078508,-53.75906029385988,-0.5439196498052397,-181.30054640534956,-53.780707037303955,-0.490345975910099,0.0638180237835812,0.034678547043076345,0.5353007964197529,-0.027092808384079983,0.021646740144474045,-0.05357367389514067,0.034678547043076345,0.0638180237835812,4,34
121112.27999997139,137.64999985694885,121.44156185666667,31.030053829999996,16.560000000000002,121.44156201449816,31.03005384529503,16.616107906886022,-180.2791746385327,-53.402981886055166,-0.5559196498052366,-180.264105823472,-53.40128612134022,-0.49981174291921704,0.05812094518632986,0.01516400521703033,0.568782100500486,-0.015068889711449752,-0.001695764454836495,-0.05610790688601952,0.01516400521703033,0.05812094518632986,4,34
121112.38000011444,137.75,121.44157269166665,31.030057156666665,16.562,121.44157281815811,31.030057238634303,16.609412013244246,-179.2447130632036,-53.03415339414112,-0.5539196498052377,-179.2326364094752,-53.02506561904949,-0.5065076365609933,0.04976277353836473,0.015114054067594453,0.5824767356311836,-0.012076713115139031,-0.009087773692868752,-0.04741201324424438,0.015114054067594453,0.04976277353836473,4,34
121112.48000001907,137.84999990463257,121.44158351,31.030060400000004,16.563000000000002,121.44158369281296,31.030060612481506,16.604239892098423,-178.2118427199536,-52.674564093396,-0.5529196498052364,-178.19438882407826,-52.65100620789872,-0.5116797577068155,0.0505998414385408,0.02931919598686275,0.5599420060604415,-0.017453981075239933,-0.02355788186448933,-0.04123989209842094,0.02931919598686275,0.0505998414385408,4,34
121112.5799999237,137.94999980926514,121.44159435666667,31.030063860000002,16.609,121.44159461241854,31.03006399729772,16.597669271516228,-177.1762672814403,-52.29095289744533,-0.5069196498052371,-177.1518496071449,-52.27573065968026,-0.5182503782890109,0.03092459303364025,0.028774034237890038,0.5705078855723376,-0.024417792599817398,-0.015222235409938011,0.011330728483773811,0.028774034237890038,0.03092459303364025,4,34
121112.68000006676,138.04999995231628,121.44160551666667,31.03006729333333,16.637,121.44160556832341,31.030067391521275,16.588992569324354,-176.11077663076682,-51.91029824258409,-0.4789196498052384,-176.10584475169725,-51.899412116650204,-0.5269270804808848,0.049472666858763586,0.011951207723122002,0.5498638021298519,-0.004931902783107832,-0.010886124240480823,0.04800743067564639,0.011951207723122002,0.049472666858763586,4,34
121112.77999997139,138.14999985694885,121.44161640166666,31.03007077166667,16.643,121.4416165314426,31.0300707865657,16.579033457354864,-175.07154135191232,-51.524654423885096,-0.47291964980523815,-175.05915111405008,-51.52300256359809,-0.5368861924503747,0.0651764273241129,0.012499924030300931,0.5308740971734114,-0.012390296978284697,-0.0016518600283328463,0.06396654264513657,0.012499924030300931,0.0651764273241129,4,34
121112.88000011444,138.25,121.44162741,31.03007411333333,16.642,121.44162750830093,31.030074187616123,16.569192007017687,-174.02053093720932,-51.154162878533896,-0.4739196498052394,-174.01114574560216,-51.145927124253845,-0.5467276427875518,0.07387092882030437,0.012486403912336684,0.5266960761090829,-0.009385236037653722,-0.008235752981940552,0.07280799298231244,0.012486403912336684,0.07387092882030437,4,34
121112.98000001907,138.34999990463257,121.44163859,31.03007739166667,16.641,121.44163852722706,31.03007760142222,16.559643888272646,-172.95313080366816,-50.790693117652985,-0.4749196498052406,-172.95912399321972,-50.76743745919892,-0.5562757615325928,0.08482665296000994,0.02401549785044112,0.5082685117369146,0.005993217701237494,-0.023255654765886848,0.08135611172735224,0.02401549785044112,0.08482665296000994,4,34
121113.0799999237,138.44999980926514,121.44164982333332,31.03008073,16.625999999999998,121.4416495745221,31.030081004469398,16.550321063103674,-171.88063872310093,-50.42057113949718,-0.48991964980524116,-171.90439374457623,-50.390140638654835,-0.5655985867015652,0.0849565940955961,0.03860468094112533,0.5305522155934914,0.023755132171995434,-0.030430495987694865,0.07567893689632399,0.03860468094112533,0.0849565940955961,4,33
121113.18000006676,138.54999995231628,121.44166088333334,31.030084126666665,16.615,121.44166061510552,31.03008440637115,16.538724558151717,-170.82469547947824,-50.04398172872205,-0.5009196498052404,-170.8503042827669,-50.01297081180784,-0.5771950916535218,0.0862289774764228,0.040218074636646575,0.5413743335406366,0.025608921667107702,-0.031010911926720515,0.07627544184828139,0.040218074636646575,0.0862289774764228,4,33
121113.27999997139,138.64999985694885,121.44167182499999,31.030087664999996,16.619,121.44167166180381,31.030087817077593,16.529323506828426,-169.7800500052384,-49.65168569345342,-0.49691964980523906,-169.79563100812263,-49.6348248062947,-0.5865961429768127,0.09256852990424239,0.022957772128003172,0.5362827561799739,0.015581074330334685,-0.016860884430951562,0.08967649317157367,0.022957772128003172,0.09256852990424239,4,33
121113.38000011444,138.75,121.44168276999999,31.030091205,16.612,121.4416827299312,31.030091252549845,16.521238873027798,-168.73508628020997,-49.259204873529214,-0.5039196498052405,-168.73891180987098,-49.25393300842197,-0.5946807767774409,0.09099455770677985,0.0065136290183434005,0.5493817280868929,0.0038255470606668547,-0.005271864250455278,0.0907611269722004,0.0065136290183434005,0.09099455770677985,4,32
121113.48000001907,138.84999990463257,121.44169376666666,31.030094631666664,16.603,121.44169381268757,31.030094709344933,16.51434470090304,-167.6851897286912,-48.879289353764015,-0.5129196498052373,-167.6807959238961,-48.870677141917646,-0.6015749489021971,0.0891809280139212,0.009668291651206836,0.5653528933163485,-0.004393824615980606,-0.008612210441971253,0.0886552990969598,0.009668291651206836,0.0891809280139212,4,32
121113.5799999237,138.94999980926514,121.44170498166667,31.030097958333332,16.603,121.44170490931305,31.03009816557765,16.50652498603032,-166.61444800316812,-48.51046086255522,-0.5129196498052373,-166.62135589833744,-48.48748362515969,-0.6093946637749177,0.09941378691358473,0.02399318044881924,0.5715508402813927,0.006907926073700584,-0.022977233632661038,0.09647501396968039,0.02399318044881924,0.09941378691358473,4,33
121113.68000006676,139.04999995231628,121.44171612999999,31.03010138333333,16.598,121.44171601433872,31.03010163253103,16.499777302373165,-165.55007121810814,-48.13073012603509,-0.5179196498052399,-165.56111387136602,-48.10310150601794,-0.6161423474320742,0.10263030739151233,0.029753683237269703,0.5632756092512753,0.011042702248524251,-0.02762861547805502,0.09822269762683433,0.029753683237269703,0.10263030739151233,5,33
121113.77999997139,139.14999985694885,121.44172735166667,31.03010483166667,16.594,121.44172712390201,31.03010510906256,16.49323589771098,-164.47869300072512,-47.748412416326175,-0.5219196498052376,-164.50043862044973,-47.7176574537708,-0.6226837520942574,0.10757391811148202,0.03766621228294397,0.5553974397507512,0.021745715386740985,-0.030754957487576794,0.10076410228901977,0.03766621228294397,0.10757391811148202,4,33
121113.88000011444,139.25,121.44173845666667,31.03010839833333,16.576,121.44173824131428,31.030108604253435,16.487533366436505,-163.41845342490132,-47.352975056723054,-0.5399196498052383,-163.4390139937014,-47.330144635006725,-0.6283862833687337,0.09364995416325986,0.030724072983947043,0.5328946426828083,0.02056065847982584,-0.022830417946215313,0.08846663356349538,0.030724072983947043,0.09364995416325986,4,33
121113.98000001907,139.34999990463257,121.44174955499999,31.030111961666663,16.567999999999998,121.44174937272892,31.03011213575601,16.484282531410187,-162.35885034336678,-46.95790726361006,-0.547919649805241,-162.3762525052086,-46.938605927670196,-0.6316371183950515,0.08765839291836472,0.025988060757672894,0.5548639032629145,0.017402237094514272,-0.019301332753227415,0.08371746858981055,0.025988060757672894,0.08765839291836472,5,33
121114.0799999237,139.44999980926514,121.441760465,31.030115555,16.553,121.44176050539079,31.030115670916096,16.480456071886685,-161.31722821032028,-46.55951336221225,-0.562919649805238,-161.31337193806942,-46.546661711073455,-0.6354635779185536,0.07377436785034273,0.01341774368542592,0.5506421494323763,-0.0038562887819243463,-0.012851649016301044,0.07254392811331556,0.01341774368542592,0.07377436785034273,4,33
121114.18000006676,139.54999995231628,121.44177170333333,31.030119155000005,16.558,121.44177163773054,31.03011921522247,16.475742584091154,-160.24425875842877,-46.16038032501314,-0.557919649805239,-160.2505221256665,-46.153703442749276,-0.6401770657140844,0.08276529053024292,0.009154826298447633,0.5595827332886589,0.006263393850916515,-0.006676881159871694,0.08225741590884539,0.009154826298447633,0.08276529053024292,4,34
121114.27999997139,139.64999985694885,121.44178284,31.03012271,16.554,121.44178278526654,31.030122765945247,16.471735100503633,-159.18099583655305,-45.76623645165178,-0.5619196498052403,-159.18622146465208,-45.7600337862956,-0.6441845493016061,0.08266374146484352,0.00811051563214909,0.5305701589239471,0.005225650105727214,-0.006202664330096215,0.08226489949636573,0.00811051563214909,0.08266374146484352,4,34
121114.38000011444,139.75,121.44179403499999,31.030126205000002,16.555,121.44179395597865,31.03012632752807,16.469551701969404,-158.11216359632698,-45.378744794860054,-0.5609196498052391,-158.11970808538624,-45.36516007313899,-0.6463679478358344,0.08684973246869698,0.015539124607223039,0.5416159878711057,0.007544520548044953,-0.013584719476637417,0.08544829803059528,0.015539124607223039,0.08684973246869698,5,34
121114.48000001907,139.84999990463257,121.441805165,31.03012977,16.558,121.44180512548608,31.030129902899468,16.4656169804803,-157.0495371663112,-44.98349221920726,-0.557919649805239,-157.05330972300385,-44.968757616589095,-0.6503026693249403,0.093626721825802,0.015209889686273183,0.5359213279796513,0.0037725722950793816,-0.014734600182800983,0.09238301951970129,0.015209889686273183,0.093626721825802,4,34
121114.5799999237,139.94999980926514,121.44181601166669,31.030133416666665,16.526,121.44181629013565,31.030133472145863,16.464059187408186,-156.01396172536857,-44.5791852356306,-0.589919649805239,-155.9873751595356,-44.57303424100375,-0.6518604623970532,0.0676856725119974,0.02728893546599276,0.5396653642465172,-0.02658667479116285,-0.006150993612097401,0.061940812591814165,0.02728893546599276,0.0676856725119974,5,34
121114.68000006676,140.04999995231628,121.441826995,31.030137070000002,16.521,121.44182745028927,31.030137041970033,16.464754737112383,-154.96533816485754,-44.17413911625263,-0.594919649805238,-154.92186984327427,-44.17724680753709,-0.651164912692856,0.07115263640391126,0.0435794454981926,0.5455350067957526,-0.043468498110518845,0.0031076907738316634,0.056245262887618,0.0435794454981926,0.07115263640391126,4,34
121114.77999997139,140.14999985694885,121.441838195,31.03014068,16.529,121.44183859575027,31.03014062588552,16.46765173131353,-153.89602855087796,-43.77389737746734,-0.5869196498052389,-153.85776729037556,-43.77989706533188,-0.6482679184917082,0.07255027326376534,0.03872895660639207,0.5672046295789742,-0.038261414468158325,0.005999686884796936,0.061348268686469254,0.03872895660639207,0.07255027326376534,4,34
121114.88000011444,140.25,121.441849405,31.030144358333338,16.517,121.4418497411584,31.030144194492376,16.471878681189875,-152.82576419667913,-43.36607950095028,-0.5989196498052394,-152.79366978552918,-43.384244595683285,-0.6440409686153643,0.058274895216380906,0.03687858458936895,0.5538407426670618,-0.03209453912457988,0.01816509178881439,0.04512131881012493,0.03687858458936895,0.058274895216380906,4,34
121114.98000001907,140.34999990463257,121.44186041500001,31.03014783833333,16.496,121.44186089896478,31.03014777465713,16.478026477785487,-151.77459465901114,-42.98025089971148,-0.6199196498052402,-151.72838857072304,-42.987310698294664,-0.6378931720197514,0.050079014632267806,0.046742488227985525,0.5593571250676483,-0.04620627084836748,0.007059797449691466,0.017973522214511206,0.046742488227985525,0.050079014632267806,4,34
121115.0799999237,140.44999980926514,121.44187140166666,31.030151376666662,16.47,121.44187205170542,31.03015137727105,16.479540765575077,-150.72565285014085,-42.58795486444285,-0.64591964980524,-150.66359100208192,-42.587887855761956,-0.6363788842301616,0.06279119229851308,0.06206212711880128,0.5623447449680781,-0.062062090944056736,-6.700867018828764e-05,-0.009540765575078325,0.06206212711880128,0.06279119229851308,5,34
121115.18099999428,140.55099987983704,121.44188235666667,31.030155159999996,16.454,121.44188326505962,31.030154989047958,16.478957925201,-149.67973438246395,-42.16849560822366,-0.6619196498052382,-149.59300640994016,-42.18744911019948,-0.6369617246042374,0.09221677003849248,0.0887751916133863,0.5641328648017117,-0.08672830866154109,0.018953498956707393,-0.02495792520100082,0.0887751916133863,0.09221677003849248,4,33
121115.28099989891,140.6509997844696,121.44189341166665,31.03015865666667,16.438000000000002,121.44189427945065,31.030158537803512,16.477032846893827,-148.6242685125948,-41.7808191674816,-0.6779196498052364,-148.5414176410035,-41.79399755972738,-0.6388868029114114,0.09252865892587975,0.08389272665723173,0.5473815842234653,-0.08285118960548306,0.013178390149836001,-0.039032846893825024,0.08389272665723173,0.09252865892587975,5,32
121115.38100004196,140.75099992752075,121.44190424499999,31.030162395,16.458000000000002,121.44190521566154,31.030162094578515,16.480057200866533,-147.5899660602307,-41.3663490743949,-0.6579196498052369,-147.49729304899483,-41.39965689116624,-0.6358624489387061,0.10091720730110612,0.09847721878377731,0.5759909911446256,-0.09267336355136574,0.03330781150817837,-0.022057200866530735,0.09847721878377731,0.10091720730110612,4,32
121115.4809999466,140.85099983215332,121.44191511666668,31.030165925,16.474,121.44191612990235,31.03016565112271,16.49228720977231,-146.55200376509606,-40.97497695817264,-0.6419196498052386,-146.45526602960211,-41.00534181218734,-0.6236324400329281,0.10302769567917709,0.10139173553946412,0.7042947864748799,-0.09673809985311806,0.030364849291784634,-0.018287209772310575,0.10139173553946412,0.10302769567917709,5,33
121115.58100008965,140.95099997520447,121.44192604666665,31.030169519999998,16.505000000000003,121.44192701910615,31.03016920215714,16.508212514418727,-145.50847215404042,-40.57639827352976,-0.6109196498052363,-145.41562939658036,-40.6116376023219,-0.6077071353865122,0.09935779844770068,0.09930585009697768,0.5951306374714618,-0.09284310393598508,0.03523932341880689,-0.003212514418724055,0.09930585009697768,0.09935779844770068,5,33
121115.68099999428,141.05099987983704,121.44193713333334,31.030172896666667,16.526,121.44193790055974,31.030172750574994,16.524221240923342,-144.44998293569006,-40.20202626733751,-0.589919649805239,-144.3767327064806,-40.21822349329318,-0.5916984088818964,0.07504098739874157,0.07501990273204372,0.5361670045584733,-0.07325050003694197,0.016197223535633014,0.0017787590766573658,0.07501990273204372,0.07504098739874157,5,32
121115.78099989891,141.1509997844696,121.44194800166666,31.030176433333335,16.539,121.44194878036774,31.030176287746926,16.537615971497523,-143.412338891344,-39.80991501531395,-0.5769196498052374,-143.3379931278986,-39.82605622262455,-0.5783036783077158,0.0760906502857779,0.07607806205481892,0.4945007297548783,-0.0743460357318579,0.016141204941830918,0.0013840285024784293,0.07607806205481892,0.0760906502857779,5,32
121115.88100004196,141.25099992752075,121.44195884500002,31.03017996,16.549,121.4419596536358,31.030179808702755,16.54717085249086,-142.37708169633135,-39.418912466287075,-0.5669196498052393,-142.29987794334193,-39.43568683591737,-0.5687487973143774,0.07902650118793397,0.07900532962652801,0.5508038823079926,-0.07720403301858994,0.01677436720299215,0.001829147509138096,0.07900532962652801,0.07902650118793397,5,32
121115.9809999466,141.35099983215332,121.44196965666667,31.030183471666668,16.558,121.44197049393493,31.03018331624705,16.55627677268527,-141.34484784737066,-39.02957297210788,-0.557919649805239,-141.26491043802505,-39.04680438984446,-0.5596428771199697,0.08179197089275837,0.08177381604244477,0.5885810369988539,-0.07993769647474026,0.017231415277216663,0.0017232273147307353,0.08177381604244477,0.08179197089275837,5,32
121116.08100008965,141.45099997520447,121.44198042666667,31.030186975,16.567,121.44198129782463,31.030186823437013,16.565938468261756,-140.31659208711037,-38.64115739697504,-0.5489196498052387,-140.23341909002244,-38.657961228759405,-0.5499811815434832,0.08486042768885478,0.08485378799973547,0.5414780571019489,-0.08317329291727761,0.016803829420723986,0.0010615317382445255,0.08485378799973547,0.08486042768885478,1,32
121116.18099999428,141.55099987983704,121.44199122833334,31.030190519999998,16.579,121.4419920994222,31.03019034002808,16.576906849776826,-139.28531298079818,-38.24812222661037,-0.5369196498052382,-139.20214657921647,-38.26807576472088,-0.5390128000284129,0.08555246297251098,0.08552685334329849,0.5484250931276929,-0.08316669447486653,0.01995353534916286,0.002093150223174689,0.08552685334329849,0.08555246297251098,5,32
121116.28099989891,141.6509997844696,121.44200248166665,31.03019390333333,16.617,121.44200290228287,31.030193865527522,16.589103936743914,-138.21091141979247,-37.87301108532208,-0.49891964980523795,-138.1707534763201,-37.877202626310364,-0.5268157130613247,0.049075768220439804,0.040376239067534965,0.5571743094338172,-0.04015808349707756,0.004191540418567408,0.027896063256086734,0.040376239067534965,0.049075768220439804,5,31
121116.38100004196,141.75099992752075,121.44201333999999,31.030197164999997,16.622,121.4420136903803,31.03019736938235,16.599480718243345,-137.17422211323634,-37.51138916323916,-0.49391964980523895,-137.1407698780497,-37.48872923271398,-0.5164389315618934,0.04625635231542346,0.040404604671905806,0.5551826071523054,-0.033452350659343814,-0.022659927494528578,0.022519281756654408,0.040404604671905806,0.04625635231542346,5,31
121116.4809999466,141.85099983215332,121.44202407833333,31.030200643333334,16.630000000000003,121.44202443540645,31.03020085810138,16.606765319200974,-136.14898969659873,-37.125745344540164,-0.4859196498052363,-136.1148984722481,-37.101933949108364,-0.5091543306042645,0.04763457057392779,0.04158367374258527,0.5429178943641024,-0.03409134082531793,-0.023811392287344028,0.02323468079902824,0.04158367374258527,0.04763457057392779,5,32
121116.58100008965,141.95099997520447,121.44203479666666,31.030204041666668,16.639000000000003,121.44203515123526,31.030204357078343,16.615915677381363,-135.12566676282884,-36.74897114910946,-0.47691964980523593,-135.09181465533823,-36.71400136570359,-0.5000039724238761,0.053867841201101226,0.048670919088359105,0.546015775701697,-0.033852221959310626,-0.034969778857224215,0.02308432261864013,0.048670919088359105,0.053867841201101226,4,32
121116.68099999428,142.05099987983704,121.44204572333335,31.030207413333333,16.656,121.44204583321299,31.030207848865118,16.625519963138444,-134.0824533952739,-36.37515349476818,-0.45991964980524,-134.07196273851753,-36.32686596083571,-0.49039968666679457,0.05805835511894853,0.04941396515193062,0.5592922877746547,-0.010490691862899238,-0.04828752775069266,0.030480036861554538,0.04941396515193062,0.05805835511894853,4,31
121116.78099989891,142.1509997844696,121.44205650833334,31.030210851666666,16.66,121.44205650408567,31.03021131203141,16.636397170400492,-133.05276552347013,-35.99394448805596,-0.4559196498052387,-133.05317106572306,-35.942903717060176,-0.47952247940474635,0.05623537747051118,0.05104237567107827,0.5559937726403051,0.00040554359609204553,-0.0510407645763575,0.023602829599507658,0.05104237567107827,0.05623537747051118,4,31
121116.88100004196,142.25099992752075,121.44206716333335,31.030214283333333,16.674,121.44206715646635,31.03021476299397,16.64913551869388,-132.03548927937481,-35.613474617145044,-0.44191964980523935,-132.0361448994175,-35.56029450375633,-0.4667841311113605,0.058709420318181216,0.053184148046898534,0.5607579338613796,0.0006556221917749745,-0.05318010683532022,0.024864481306121178,0.053184148046898534,0.058709420318181216,4,32
121116.9809999466,142.35099983215332,121.44207759999999,31.030217933333333,16.688000000000002,121.44207776010857,31.030218199223654,16.661115866410945,-131.03905821171307,-35.20879806566773,-0.42791964980523645,-131.0237719927333,-35.17931872939984,-0.4548037833942935,0.042725375391498704,0.03320694300158051,0.5694506581789602,-0.015286268566671639,-0.029479332706453913,0.026884133589057058,0.03320694300158051,0.042725375391498704,5,32
121117.08100008965,142.45099997520447,121.44208811833332,31.030221340000004,16.71,121.4420883231029,31.03022160854409,16.671492343262013,-130.03483009204473,-34.83109995119066,-0.405919649805238,-130.01527990621545,-34.801326391147626,-0.4444273065432256,0.05245489981311817,0.03561849080117771,0.5889916894464393,-0.019550248583433814,-0.029773556510425916,0.03850765673798762,0.03561849080117771,0.05245489981311817,4,31
121117.18099999428,142.55099987983704,121.44209877166668,31.03022480666667,16.724,121.44209885423966,31.03022501688616,16.684726205216496,-129.0177129684851,-34.446749619438684,-0.39191964980523863,-129.0098293902386,-34.42344252440096,-0.4311934445887431,0.04634439243882447,0.024604303563136046,0.559162069078451,-0.007883603287632891,-0.02330709233323996,0.039273794783504457,0.024604303563136046,0.04634439243882447,5,31
121117.28099989891,142.6509997844696,121.44210925333333,31.03022816333333,16.742,121.44210931432946,31.03022844237252,16.69728810336468,-128.01698556619297,-34.07459502065033,-0.37391964980523795,-128.0111620184064,-34.04365786526262,-0.4186315464405581,0.05468249252610071,0.03148049059559756,0.5521391847920861,-0.005823566087311307,-0.030937151875475286,0.04471189663532016,0.03148049059559756,0.05468249252610071,5,31
121117.38100004196,142.75099992752075,121.44211972500001,31.030231561666664,16.75,121.44211975665502,31.03023184839984,16.71115228951426,-127.01721290169073,-33.69782082521962,-0.36591964980523883,-127.0141906706802,-33.66603063556455,-0.40476736029097893,0.05028811471291987,0.031933522690049516,0.5543545651758962,-0.0030222404070523543,-0.03179018613216801,0.038847710485740095,0.031933522690049516,0.05028811471291987,5,31
121117.4809999466,142.85099983215332,121.44213021333334,31.030234899999996,16.757,121.44213017619808,31.030235266819968,16.72433348981648,-126.01584900510933,-33.327698847063814,-0.3589196498052374,-126.01939446018092,-33.287029411599946,-0.39158615998875845,0.05228454685217713,0.0408236812642787,0.5369711691199854,0.003545465975543503,-0.04066943106294558,0.03266651018352107,0.0408236812642787,0.05228454685217713,5,31
121117.58100008965,142.95099997520447,121.44214067166668,31.030238338333334,16.77,121.44214055428024,31.03023867435523,16.736572093942158,-125.01734932918559,-32.946489840351596,-0.34591964980523926,-125.02855669033254,-32.909234996255094,-0.379347555863081,0.051292823343125744,0.03890409776742308,0.5582445254003251,0.011207395237417116,-0.037254840156542526,0.03342790605784174,0.03890409776742308,0.051292823343125744,5,32
121117.68099999428,143.05099987983704,121.442150975,31.030241729999997,16.776,121.4421508597104,31.030242045233937,16.745822718381483,-124.03364813516227,-32.57045478072219,-0.33991964980523903,-124.04465530386777,-32.535504702930844,-0.3700969314237561,0.047469300624476025,0.03664240952630696,0.5491876546990568,0.01100720181533276,-0.0349500741643008,0.03017728161851707,0.03664240952630696,0.047469300624476025,4,32
121117.78099989891,143.1509997844696,121.44216124,31.030245053333335,16.789,121.44216109875,31.030245395474253,16.756838391200038,-123.05360678148011,-32.20199585670879,-0.32691964980523736,-123.06709249284617,-32.164062594590284,-0.359081258605201,0.05152830927200568,0.04025913034119798,0.5786353463909171,0.013485751482618092,-0.03793325826736521,0.03216160879996366,0.04025913034119798,0.05152830927200568,5,32
121117.88100004196,143.25099992752075,121.44217139166668,31.030248473333337,16.799,121.44217131104602,31.030248772359645,16.76804856916322,-122.08438582099795,-31.822819471334373,-0.31691964980523935,-122.09208300270726,-31.78966633880604,-0.3478710806420189,0.04600399986871746,0.034034936948333094,0.5451909542336709,0.007697204348424726,-0.03315312923836302,0.030951430836779537,0.034034936948333094,0.04600399986871746,5,32
121117.9809999466,143.35099983215332,121.44218149333334,31.030251761666666,16.804000000000002,121.4421814968283,31.030252151665497,16.78124336944877,-121.11993856404118,-31.458241008867287,-0.3119196498052368,-121.11960488729879,-31.4150017259953,-0.3346762803564687,0.04886318447259348,0.043240566170639344,0.5481154294800323,-0.0003336777127015661,-0.04323927869358468,0.022756630551231893,0.043240566170639344,0.04886318447259348,5,31
121118.08100008965,143.45099997520447,121.442191525,31.030255044999997,16.819,121.4421916282588,31.03025552206354,16.792583794839597,-120.1621744934775,-31.094216896840656,-0.29691964980523977,-120.15231595586978,-31.041324724083324,-0.32333585496564154,0.0599382067534434,0.0538030922321579,0.5505145581434954,-0.009858565946528685,-0.052892167768205864,0.026416205160401773,0.0538030922321579,0.0599382067534434,5,31
121118.1819999218,143.5519998073578,121.44220187499998,31.03025855,16.810000000000002,121.4422017804884,31.030258922511234,16.801505874470365,-119.17401784428806,-30.70561653705224,-0.30591964980523656,-119.18304124990689,-30.66431610934763,-0.3144137753348737,0.043119572045703394,0.04227466528420269,0.5549589961621182,0.00902343124906377,-0.04130042388868172,0.008494125529637131,0.04227466528420269,0.043119572045703394,4,31
121118.28200006485,143.65199995040894,121.44221184333334,31.03026189,16.818,121.44221176183892,31.03026227282647,16.810604430857023,-118.22230046096968,-30.335309775651364,-0.29791964980523744,-118.23008106672314,-30.29286569447803,-0.3053152189482162,0.04378050147570193,0.043151336787118875,0.5411389915461914,0.0077806275923591565,-0.04244407733458672,0.007395569142978786,0.043151336787118875,0.04378050147570193,5,31
121118.38199996948,143.7519998550415,121.44222178166667,31.030265098333334,16.813000000000002,121.4422216712379,31.030265601889155,16.820012977956683,-117.27344730316753,-29.979600935042043,-0.30291964980523645,-117.28399038873263,-29.923771555844084,-0.2959066718485559,0.05724734194636955,0.05681616231411336,0.5606294616584777,0.0105431148066525,-0.055829374260127795,-0.007012977956680544,0.05681616231411336,0.05724734194636955,4,32
121118.48200011253,143.85199999809265,121.44223135333336,31.030268463333332,16.823,121.44223152525578,31.030268923763387,16.830210083246605,-116.35960130455156,-29.606522415796807,-0.29291964980523844,-116.34318717140852,-29.555474403211598,-0.28570956655863355,0.05410461794453574,0.053622051270920325,0.5523633794195172,-0.01641417812465189,-0.05104800817851179,-0.007210083246604881,0.053622051270920325,0.05410461794453574,4,32
121118.58200001717,143.95199990272522,121.44224113666665,31.030271765,16.832,121.44224132281583,31.03027223765509,16.840815850811044,-115.42554663107913,-29.240465681727116,-0.2839196498052381,-115.40777421233543,-29.18806227605582,-0.2751037989941949,0.05603299267131861,0.05533513388599935,0.5586636797168143,-0.01777246686177554,-0.05240340126202272,-0.008815850811043191,0.05533513388599935,0.05603299267131861,4,32
121118.6819999218,144.0519998073578,121.44225069999999,31.030275378333332,16.851,121.44225105715864,31.030275557647414,16.851276490828717,-114.51249625214666,-28.83985437504118,-0.26491964980523974,-114.47839686054297,-28.81997377118951,-0.26464315897652213,0.039472642666418895,0.03947167429806377,0.5704048010690516,-0.03409948279942237,-0.019880602221872615,-0.00027649082871761266,0.03947167429806377,0.039472642666418895,4,32
121118.78200006485,144.15199995040894,121.44226034666666,31.030278681666665,16.858,121.44226073268732,31.030278854922663,16.859243644651727,-113.59148969824263,-28.473612857021166,-0.2579196498052383,-113.55463473328192,-28.454403914819608,-0.25667600515351197,0.04157914946986147,0.04156054641865665,0.6273524220269306,-0.03685506230234084,-0.019208940660741518,-0.0012436446517263278,0.04156054641865665,0.04157914946986147,5,32
121118.88199996948,144.2519998550415,121.44226995333332,31.030281985000002,16.859,121.44227034513582,31.030282153409583,16.867139041432903,-112.67430210764473,-28.107371339001155,-0.25691964980523707,-112.63689512674824,-28.088699720195514,-0.24878060837233562,0.04259299012715394,0.04180811897855902,0.5857798734333618,-0.03740707845326193,-0.01867161734068191,-0.00813904143290145,0.04180811897855902,0.04259299012715394,4,31
121118.98200011253,144.35199999809265,121.442279475,31.03028526666667,16.865000000000002,121.44227989732275,31.030285434319048,16.87481950717382,-111.76522981255415,-27.743532010219592,-0.25091964980523684,-111.72490893942866,-27.72494434321368,-0.2411001426314172,0.045472026729324114,0.044399127173128876,0.5483288493944253,-0.04032097694800209,-0.018587665579473805,-0.00981950717381963,0.044399127173128876,0.045472026729324114,4,31
121119.08200001717,144.45199990272522,121.44228910666668,31.030288521666662,16.835,121.44228939051723,31.030288704579675,16.879720336347212,-110.8456553677643,-27.382649223937975,-0.280919649805238,-110.8185550010632,-27.362369605547265,-0.2361993134580267,0.05608569293026459,0.033848138330788945,0.5920114861257325,-0.02710043557689064,-0.020279616860360655,-0.04472033634721129,0.033848138330788945,0.05608569293026459,5,31
121119.1819999218,144.5519998073578,121.44229849833333,31.030291818333332,16.826,121.4422988394584,31.030291951939006,16.88716724755766,-109.94899470524072,-27.017146841014004,-0.2899196498052383,-109.91642610512862,-27.002333941354966,-0.2287524022475793,0.07086305929819503,0.03577905811112925,0.584184214798647,-0.03256868181845316,-0.01481289856604446,-0.06116724755765901,0.03577905811112925,0.07086305929819503,5,31
121119.28200006485,144.65199995040894,121.44230782000001,31.030295006666666,16.829,121.44230824282381,31.030295183516166,16.895391758762162,-109.05901722425169,-26.663655406398068,-0.2869196498052382,-109.01864851366433,-26.64404805124256,-0.22052789104307635,0.08013710013280471,0.04487860499349411,0.5521958789583667,-0.04036881055123206,-0.019607353743960703,-0.06639175876216186,0.04487860499349411,0.08013710013280471,5,32
121119.38199996948,144.7519998550415,121.44231691166667,31.030298286666667,16.88,121.44231759990205,31.0302984160928,16.90281936107432,-108.19099878288044,-26.30000086156683,-0.23591964980523983,-108.1252901470236,-26.285651348873223,-0.21310028873091724,0.07102307831432322,0.06725737441650678,0.5712502209052738,-0.06570879642648414,-0.014349511684550337,-0.022819361074322586,0.06725737441650678,0.07102307831432322,5,32
121119.48200011253,144.85199999809265,121.44232618666668,31.030301496666667,16.886,121.44232692220525,31.03030162914609,16.911943774157827,-107.30547675948682,-25.94410723771244,-0.2299196498052396,-107.23525189506435,-25.929419205397554,-0.20397587564741215,0.07629136942994541,0.07174464183438407,0.5808300933528884,-0.07022503377120905,-0.014688031310444685,-0.02594377415782745,0.07174464183438407,0.07629136942994541,5,32
121119.58200001717,144.95199990272522,121.44233555166666,31.030304685,16.999000000000002,121.44233616828559,31.03030480684143,16.92502598123699,-106.41136207169093,-25.590615802391248,-0.1169196498052365,-106.35249094978545,-25.57710720833736,-0.19089366856825052,0.09550111536250497,0.060401221705622246,0.5462793854395915,-0.05887126204053736,-0.013508593164579245,0.07397401876301402,0.060401221705622246,0.09550111536250497,4,32
121119.6819999218,145.0519998073578,121.44234462833334,31.030308025,17.03,121.4423452826353,31.030307936674284,16.94278218252356,-105.54477573700457,-25.220309040990372,-0.0859196498052377,-105.48230686482941,-25.230101738405907,-0.17313746728168056,0.10772754026479973,0.06323191635677307,0.6318085306457438,-0.062469019005222594,0.009792696802979464,0.08721781747644286,0.06323191635677307,0.10772754026479973,5,32
121119.78200006485,145.15199995040894,121.44235377666668,31.03031114166667,17.056,121.44235445751019,31.030311087809643,16.954813689955884,-104.67134709538942,-24.87476330989109,-0.059919649805237896,-104.60634419327631,-24.880734453847513,-0.16110595984935472,0.12041478638498959,0.06527672969595316,0.5486445517568287,-0.0650030528816982,0.005971143597141328,0.10118631004411682,0.06527672969595316,0.12041478638498959,5,30
121119.88199996948,145.2519998550415,121.44236303333334,31.030314423333333,17.08,121.44236366016126,31.030314267610233,16.969591911840148,-103.78757543189853,-24.510923981814788,-0.03591964980524054,-103.72772961806379,-24.528189046706565,-0.14632773796509113,0.12676579266059898,0.062286597737849114,0.49656333057788,-0.05984595079225709,0.017265063901630184,0.11040808815985059,0.062286597737849114,0.12676579266059898,5,31
121119.98200011253,145.35199999809265,121.44237229166666,31.03031736333333,17.104,121.4423728721375,31.030317447395998,16.988862902478417,-102.90364464544265,-24.18496533534481,-0.01191964980523963,-102.84822472967478,-24.17564528352208,-0.12705674732682226,0.12812023851917198,0.056198258803232426,0.7171091521747872,-0.055420040922821545,-0.009320051321096718,0.11513709752158263,0.056198258803232426,0.12812023851917198,5,31
121120.08200001717,145.45199990272522,121.44238125333335,31.030320451666665,17.102,121.4423819129169,31.030320546021443,16.994925533713783,-102.04803782935055,-23.842560929285284,-0.013919649805238521,-101.98506470096434,-23.832099788312014,-0.12099411609145605,0.12465957384061431,0.06383625944277468,0.5644509844671443,-0.06297326861969978,-0.01046114042522967,0.10707446628621753,0.06383625944277468,0.12465957384061431,5,31
121120.1819999218,145.5519998073578,121.44239027833333,31.030323408333334,17.106,121.44239086298775,31.030323611355517,16.99801746535911,-101.18638432601315,-23.51475444472257,-0.009919649805237185,-101.13056498735891,-23.49224531670022,-0.11790218444613032,0.12362322123271362,0.06018698397893658,0.5763660423109183,-0.055819461196477384,-0.02250912686480141,0.10798253464089314,0.06018698397893658,0.12362322123271362,5,31
121120.28200006485,145.65199995040894,121.44239898166667,31.030326628333334,17.098,121.44239977164219,31.0303266832832,17.005201434553246,-100.35544164723152,-23.15775211716623,-0.017919649805239857,-100.28001946801581,-23.151659809880815,-0.11071821525199255,0.11973812966231515,0.07566799816338576,0.5425206206022172,-0.075422342456943,-0.006092306981904671,0.09279856544675269,0.07566799816338576,0.11973812966231515,5,31
121120.38199996948,145.7519998550415,121.44240788,31.030329696666666,17.107,121.44240871943802,31.030329748352603,17.016030231792787,-99.50588152567256,-22.817565117100088,-0.008919649805239516,-99.42573695912812,-22.811834682644996,-0.09988941801245232,0.12137345494271717,0.08034934248055654,0.5226764892886908,-0.08014473757610248,-0.0057304341821048845,0.09096976820721281,0.08034934248055654,0.12137345494271717,5,31
121120.48200011253,145.85199999809265,121.44241683833334,31.03033260833333,17.114,121.44241770442143,31.030332801808765,17.027757799385267,-98.65059295793972,-22.494747795669863,-0.0019196498052380662,-98.5679040005608,-22.473297118894028,-0.08816185041997215,0.12138921329115508,0.08542613146206202,0.5528785233087611,-0.08268913135435063,-0.021450675803723552,0.08624220061473409,0.08542613146206202,0.12138921329115508,5,30
121120.58200001717,145.95199990272522,121.44242599166667,31.030335688333334,17.131,121.44242668483255,31.030335857817008,17.040198063117582,-97.7766869474296,-22.153267308656705,0.015080350194761394,-97.71050757705258,-22.134476604917477,-0.07572158668765638,0.11392018911864014,0.06879547766552795,0.5611440074387882,-0.06617950763263573,-0.01879070293336744,0.09080193688241778,0.06879547766552795,0.11392018911864014,5,30
121120.6819999218,146.0519998073578,121.44243495666666,31.030338671666662,17.132,121.44243563799509,31.030338893872607,17.051074263962967,-96.9207618878368,-21.822504283709822,0.016080350194762616,-96.85571268842794,-21.797868246288303,-0.06484538584227195,0.10671140841108942,0.0695582484824232,0.5702294268356229,-0.06504933236795143,-0.024636036418756866,0.08092573603703457,0.0695582484824232,0.10671140841108942,5,30
121120.78200006485,146.15199995040894,121.442443855,31.030341664999998,17.143,121.44244457424831,31.030341897751573,17.06075755299161,-96.07120176627785,-21.49063255435573,0.02708035019476185,-96.00253219996463,-21.464827320430274,-0.05516209681362838,0.11020552830548584,0.07335828773331182,0.5500054551872067,-0.06866970462128424,-0.025805232926461634,0.08224244700839023,0.07335828773331182,0.11020552830548584,4,31
121120.88199996948,146.2519998550415,121.44245288666667,31.03034460666667,17.131999999999998,121.44245350634404,31.030344917139317,17.071082410379006,-95.20891176622193,-21.164489123935425,0.016080350194759063,-95.14974864437153,-21.130066931777087,-0.044837239426232856,0.09163039249558837,0.06844834624491664,0.5826470276789997,-0.05916323924074337,-0.03442219089782866,0.06091758962099192,0.06844834624491664,0.09163039249558837,5,31
121120.98200011253,146.35199999809265,121.44246177333335,31.03034785,17.136,121.44246246151867,31.030347931010066,17.08325381929484,-94.3604655054179,-20.804899823895568,0.0200803501947604,-94.29476165039213,-20.795918214115737,-0.03266583051039973,0.08473395027352683,0.06631502657750436,0.5775390382799445,-0.0657039834504841,-0.008981609472339624,0.05274618070516013,0.06631502657750436,0.08473395027352683,5,31
121121.08200001717,146.45199990272522,121.442471045,31.030350765,17.144,121.44247144125602,31.030350919778552,17.09492639890646,-93.47526173038356,-20.481712933859434,0.028080350194759518,-93.43742955675528,-20.464552591321528,-0.02099325089877979,0.06429599158517739,0.0415422220112668,0.5774396030567278,-0.03783224646281448,-0.017160341989897538,0.04907360109353931,0.0415422220112668,0.06429599158517739,4,31
121121.18300008774,146.55299997329712,121.44248008999999,31.03035377666667,17.14,121.4424805133876,31.03035395080553,17.10690204292463,-92.61169874660771,-20.14780858316754,0.024080350194761735,-92.571276207944,-20.12850175749919,-0.009017606880608042,0.05569754109521279,0.044796666410458465,0.5939374233647713,-0.04042261528097107,-0.01930682509726812,0.03309795707536978,0.044796666410458465,0.05569754109521279,4,31
121121.28299999237,146.6529998779297,121.44248910166668,31.030356681666664,17.153,121.44248950583422,31.030356943246662,17.117388249237987,-91.75131822699024,-19.825730397538614,0.03708035019475986,-91.71273070634972,-19.796728947635927,0.001468599432747908,0.05998569119451111,0.048270968042370854,0.5780725144653984,-0.03858759263661286,-0.02900144910618106,0.03561175076201195,0.048270968042370854,0.05998569119451111,4,31
121121.382999897,146.75299978256226,121.442498015,31.03035978666667,17.134999999999998,121.44249850121977,31.030359928584115,17.12663142490053,-90.9003259938878,-19.481478152681095,0.019080350194759177,-90.8539046127285,-19.4657437248004,0.010711775095291642,0.04972482075556357,0.04901555620389815,0.5683846178041349,-0.04642146639103325,-0.015734427478738086,0.008368575099467535,0.04901555620389815,0.04972482075556357,4,31
121121.48300004005,146.8529999256134,121.442507025,31.030362765000003,17.146,121.44250748775228,31.03036292649968,17.140004963239942,-90.04010460209388,-19.151269478174672,0.030080350194761962,-89.99592375691788,-19.133363962826756,0.024085313434703437,0.04804687362350348,0.047671391832402606,0.5586222597051668,-0.044180925002726724,-0.017905514936518808,0.005995036760058525,0.047671391832402606,0.04804687362350348,5,31
121121.58299994469,146.95299983024597,121.44251604499999,31.030365656666664,17.158,121.44251644541076,31.03036594254308,17.152292801508754,-89.17892846765145,-18.83066956273783,0.04208035019476242,-89.14069962108637,-18.798974362170604,0.03637315170351485,0.04998607522730648,0.04965919453647475,0.5621229111812668,-0.038228914506574306,-0.03169519991513662,0.005707198491247567,0.04965919453647475,0.04998607522730648,5,31
121121.68300008774,147.05299997329712,121.44252503166666,31.030368669999998,17.17,121.44252540690667,31.03036896194398,17.166377119925805,-88.32093480222593,-18.49658042880087,0.05408035019476287,-88.28510911034893,-18.464212515043815,0.05045747012056623,0.04841788666155025,0.04828215497198437,0.5589434161204773,-0.03582575449641092,-0.03236791317804729,0.003622880074196644,0.04828215497198437,0.04841788666155025,5,31
121121.78299999237,147.1529998779297,121.44253404499999,31.030371671666664,17.182,121.44253443751104,31.03037198517476,17.18279138041133,-87.46039516207274,-18.16378478110567,0.06608035019475977,-87.42292053290282,-18.129026048280068,0.06687173060609197,0.051118963349972964,0.05111283724291226,0.5531243070294846,-0.037474693584156865,-0.0347587323099389,-0.0007913804113321987,0.05111283724291226,0.051118963349972964,4,32
121121.882999897,147.25299978256226,121.44254306666666,31.030374745000003,17.195,121.44254351871881,31.030375012637524,17.198262976069266,-86.59905990223604,-17.82304342848329,0.07908035019476145,-86.55590064388895,-17.793370379698462,0.08234332626402718,0.05247727786239894,0.05237573559405944,0.5655403222453663,-0.043159331271937336,-0.029673048430823492,-0.003262976069265733,0.05237573559405944,0.05247727786239894,4,32
121121.98300004005,147.3529999256134,121.44255223500001,31.03037767,17.198,121.44255261714193,31.03037801080438,17.20993880780573,-85.72372178018243,-17.498747836860982,0.08208035019476156,-85.68723713528497,-17.46096275721173,0.0940191580004921,0.05386446956519519,0.05252471751202158,0.5709556297718948,-0.0364847054682781,-0.03778507928548867,-0.011938807805730534,0.05252471751202158,0.05386446956519519,4,32
121122.08299994469,147.45299983024597,121.44256130500001,31.03038064166667,17.204,121.44256169741081,31.030380995100785,17.21820159031466,-84.85777194221461,-17.1692782974506,0.08808035019476179,-84.82030688442391,-17.13009295549434,0.10228194050942108,0.056042941566739855,0.054213707971209585,0.6022203153248105,-0.0374651188695234,-0.039185341648122395,-0.014201590314659285,0.054213707971209585,0.056042941566739855,5,32
121122.18300008774,147.55299997329712,121.44257033999999,31.030383793333332,17.191,121.44257077394676,31.030383970115885,17.224268999415848,-83.99516369865799,-16.819852106920784,0.07508035019476011,-83.9537330338284,-16.800252174606012,0.10834934961060938,0.05663469912944614,0.04583298837465334,0.6149643259683657,-0.04143073112510509,-0.01959993218841219,-0.033268999415849265,0.04583298837465334,0.05663469912944614,5,32
121122.28299999237,147.6529998779297,121.44257942833335,31.030386828333334,17.231,121.44257988190175,31.030386941032308,17.22945226526182,-83.12746350078744,-16.483360783040116,0.11508035019476281,-83.08415947654419,-16.470865815443076,0.113532615456581,0.04509727375460075,0.04507070686463245,0.5628163354035072,-0.043304092227421445,-0.012494967532435002,0.0015477347381818163,0.04507070686463245,0.04509727375460075,5,32
121122.382999897,147.75299978256226,121.44258856666666,31.030389814999996,17.235,121.44258900358608,31.03038994319493,17.234332396030073,-82.25498960182078,-16.15222819019258,0.1190803501947606,-82.21327512616286,-16.138015180895305,0.11841274622483411,0.04407446157728527,0.04406940512721875,0.5713197198392509,-0.041714539870084576,-0.014213009241327415,0.0006676039699264891,0.04406940512721875,0.04407446157728527,5,32
121122.48300004005,147.8529999256134,121.44259770666667,31.030392819999996,17.237000000000002,121.4425981542343,31.03039295471213,17.235790702404785,-81.38235657745984,-15.81906297459673,0.12108035019476304,-81.3396254731418,-15.804127401651266,0.11987105259954589,0.04528229810938613,0.045266147631464256,0.576488392775405,-0.04273116876039812,-0.01493557289707672,0.0012092975952171514,0.045266147631464256,0.04528229810938613,5,32
121122.58299994469,147.95299983024597,121.44260666999999,31.030395746666667,17.241,121.44260731033263,31.030395955926842,17.231804679868294,-80.52659064083204,-15.494582598318836,0.12508035019476083,-80.46545547719062,-15.471381862538864,0.11588503006305473,0.06603292600518532,0.0653895511873397,0.6024895651024189,-0.061135253883595815,-0.02320073570105057,0.009195320131706097,0.0653895511873397,0.06603292600518532,5,32
121122.68300008774,148.05299997329712,121.44261615166667,31.03039889,17.243,121.4426164840259,31.03039900769951,17.224838206219182,-79.62133730904763,-15.146080326835387,0.12708035019475972,-79.58960561916034,-15.1330309481457,0.10891855641394343,0.03882061418164572,0.03431019283104215,0.5905013716590389,-0.031731735680344444,-0.0130493786371632,0.018161793780816282,0.03431019283104215,0.03882061418164572,4,32
121122.78299999237,148.1529998779297,121.44262531666666,31.030401946666665,17.235,121.44262565343575,31.030402079137968,17.21625828816746,-78.74631743535328,-14.807186813011006,0.1190803501947606,-78.71416471895641,-14.792499682015876,0.10033863836222068,0.04000954465567516,0.03534843562508104,0.5621516136135319,-0.032152761722533986,-0.014687130923173912,0.01874171183253992,0.03534843562508104,0.04000954465567516,4,32
121122.882999897,148.25299978256226,121.44263493666668,31.030405141666666,17.237000000000002,121.44263479815929,31.030405143630755,17.209904246208936,-77.82785685617692,-14.452956243299028,0.12108035019476304,-77.8410807198719,-14.452738484304405,0.09398459640369694,0.03015125776800398,0.013225674708178304,0.5833255835818496,0.013223881900082236,-0.00021775899344165733,0.0270957537910661,0.013225674708178304,0.03015125776800398,5,32
121122.98300004005,148.3529999256134,121.44264373333333,31.03040791,17.205,121.44264394315982,31.030408214415765,17.201909642712142,-76.98800326463373,-14.146030328902116,0.08908035019475946,-76.96797027560103,-14.112279665805374,0.08598999290690301,0.03936977624156425,0.03924829898408629,0.5880554423555641,-0.02003301594403777,-0.033750662887270196,0.003090357287856449,0.03924829898408629,0.03936977624156425,5,32
121123.08299994469,148.45299983024597,121.442652935,31.03041094833333,17.198999999999998,121.44265315687456,31.030411266793426,17.19624386422072,-76.1094826735632,-13.809169437826052,0.08308035019475923,-76.08829940637811,-13.773861675731805,0.0803242144154801,0.041267012453581005,0.041174871370900326,0.59947018704046,-0.02118329494729024,-0.03530776186033738,0.002756135779279134,0.041174871370900326,0.041267012453581005,5,32
121123.18300008774,148.55299997329712,121.44266212166667,31.03041395333333,17.197,121.44266246484831,31.030414299279602,17.194709066378792,-75.23239419403615,-13.476004222935458,0.08108035019476034,-75.19962924461001,-13.437649059949685,0.07878941657355298,0.050496648819181124,0.050444654475087135,0.6039075976697653,-0.032764991320990096,-0.03835516274044958,0.0022909336212073583,0.050444654475087135,0.050496648819181124,5,32
121123.28299999237,148.6529998779297,121.44267165666666,31.03041695833333,17.2,121.44267177183964,31.030417313923934,17.188865925298398,-74.32204891279636,-13.142839007339607,0.08408035019476046,-74.31105287992904,-13.103414575154448,0.07294627549315891,0.04241658274172905,0.04092919339573042,0.5723843846858455,-0.010996046570993102,-0.039424431915167195,0.011134074701601548,0.04092919339573042,0.04241658274172905,5,32
121123.382999897,148.75299978256226,121.44268100833332,31.030419945000002,17.198,121.44268105774671,31.030420322256386,17.180356746724488,-73.42920721114967,-12.811706413786816,0.08208035019476156,-73.42448951476847,-12.769879889688811,0.06443709691924937,0.045639885959648956,0.042091742708824605,0.5699533577377145,-0.004717702106005831,-0.04182652377505066,0.017643253275512194,0.042091742708824605,0.045639885959648956,5,32
121123.48300004005,148.8529999256134,121.44269042666669,31.03042293833333,17.178,121.44269036425595,31.03042330756566,17.169898522207408,-72.53000056903984,-12.47983468584324,0.06208035019476199,-72.53595917530345,-12.438897791146344,0.05397887240216903,0.04215410220186832,0.04136827758103645,0.6054930503351643,0.005958613298575839,-0.04093689433237111,0.00810147779259296,0.04136827758103645,0.04215410220186832,5,32
121123.58299994469,148.95299983024597,121.44269979999999,31.030425771666668,17.168,121.44269970591863,31.030426306664516,17.16587448247493,-71.63509026398972,-12.165702203025713,0.05208035019476043,-71.64407259527356,-12.106386837074567,0.04995483266969103,0.06002926669112698,0.059991624704829175,0.6034332657668966,0.00898234160165093,-0.059315365412988236,0.002125517525069398,0.059991624704829175,0.06002926669112698,5,32
121123.68300008774,149.05299997329712,121.44270910499999,31.03042878333333,17.166,121.44270902296918,31.03042933521238,17.162031297383738,-70.74670401993845,-11.83179785233382,0.050080350194761536,-70.75453583500007,-11.770610863462986,0.04611164757849906,0.061813716946209823,0.061686181615089604,0.5778834103892377,0.007831823805326769,-0.061186988307418234,0.003968702616262476,0.061686181615089604,0.061813716946209823,5,32
121123.78299999237,149.1529998779297,121.44271830833334,31.030431951666667,17.159,121.4427183211165,31.030432371601016,17.15611013221578,-69.86802430347365,-11.48052382300601,0.043080350194760086,-69.86680384330455,-11.433965581049822,0.040190482410540795,0.04666380518340537,0.0465742351347238,0.5510126676118621,-0.0012204614918068595,-0.046558241506005765,0.002889867784219291,0.0465742351347238,0.04666380518340537,5,32
121123.882999897,149.25299978256226,121.442727595,31.03043497166667,17.157,121.44272761803772,31.030435402032328,17.150375731230223,-68.98138841689581,-11.14569555326775,0.041080350194761195,-68.97918891152041,-11.097980788999623,0.034456081424984575,0.04822258240665591,0.047765432241658634,0.5861847898523613,-0.002199507687580216,-0.04771476378611506,0.00662426876977662,0.047765432241658634,0.04822258240665591,5,32
121123.98399996758,149.35399985313416,121.44273704333334,31.03043802166667,17.146,121.44273697742308,31.030438470945537,17.145330922700065,-68.07931755412832,-10.807541175244669,0.030080350194761962,-68.08561027440543,-10.757729497611766,0.029411272894826368,0.050212042882819434,0.050207584945233225,0.5988145431334521,0.006292726685406651,-0.04981167711386136,0.0006690772999355943,0.050207584945233225,0.050212042882819434,5,32
121124.08400011063,149.4539999961853,121.44274625666667,31.03044107,17.137,121.44274618486027,31.03044151511986,17.14037581023646,-67.19968309987358,-10.469571581171913,0.02108035019476162,-67.2065387484305,-10.42022101393153,0.024456160431221008,0.04993870782514058,0.04982447635943778,0.5995202273788495,0.0068556553151340035,-0.04935056671095326,-0.0033758102364593867,0.04982447635943778,0.04993870782514058,5,32
121124.18400001526,149.55399990081787,121.44275551000001,31.030444116666665,17.134999999999998,121.44275537183117,31.0304445579874,17.136321309936598,-66.31622967988339,-10.131786770344224,0.019080350194759177,-66.32942122195385,-10.082857413523499,0.020401660131359023,0.050693637477237735,0.05067641483693421,0.5726062206371965,0.013191554646762277,-0.04892935628767795,-0.001321309936599846,0.05067641483693421,0.050693637477237735,5,32
121124.28399991989,149.65399980545044,121.44276480666667,31.030447118333335,17.122999999999998,121.4427645790387,31.030447600068886,17.134000860706905,-65.42863905308634,-9.798991122649023,0.007080350194758722,-65.45037162269692,-9.745580963260345,0.018081210901666367,0.0587023802987313,0.057662383894911004,0.6055494067162296,0.021732589630943527,-0.05341015881250587,-0.011000860706907645,0.057662383894911004,0.0587023802987313,5,32
121124.38400006294,149.7539999485016,121.44277399666667,31.030450156666667,17.122999999999998,121.44277378907684,31.030450634358235,17.13332565088025,-64.55123232520002,-9.4621302308677,0.007080350194758722,-64.57105177287535,-9.409168429395905,0.01740600107500967,0.057483759686166196,0.05654877153003485,0.5974934806138572,0.01981946530287615,-0.052961800919758835,-0.010325650880250947,0.05654877153003485,0.057483759686166196,5,32
121124.48399996758,149.85399985313416,121.44278286333335,31.03045329,17.154,121.44278294113818,31.03045365750329,17.130699904684228,-63.704695547263725,-9.114736662380945,0.03808035019476108,-63.697267204705035,-9.073991466689327,0.014780254878989041,0.04752100322006512,0.0414167997957034,0.5768404000564669,-0.007428348927826718,-0.04074519526918276,0.02330009531577204,0.0414167997957034,0.04752100322006512,5,32
121124.58400011063,149.9539999961853,121.44279163666667,31.030456321666666,17.169,121.44279203229479,31.030456661871554,17.1256011824969,-62.86706968694753,-8.778614906400923,0.05308035019476165,-62.82929745833292,-8.740896292383884,0.009681532691661943,0.06879603755193413,0.05338012197606686,0.5930466416564408,-0.03777225978507815,-0.03771861361328574,0.04339881750309971,0.05338012197606686,0.06879603755193413,4,32
121124.68400001526,150.05399990081787,121.44280064000002,31.030459275,17.153,121.44280107357525,31.030459636878984,17.12274786941957,-62.00748478458427,-8.451177989033603,0.03708035019475986,-61.96608959216062,-8.411056362036733,0.006828219614330777,0.0651037710043043,0.05764815343378797,0.5983743698124405,-0.04139522527868302,-0.04012162656788284,0.030252130580429082,0.05764815343378797,0.0651037710043043,4,32
121124.78399991989,150.15399980545044,121.44280988500002,31.030462298333337,17.198999999999998,121.4428101071289,31.03046259482203,17.125187799982115,-61.124826984277604,-8.115980151394691,0.08308035019475923,-61.10361943396897,-8.083108364629926,0.009268150176875878,0.08353775249480451,0.03911924360724779,0.5927855326668889,-0.021207566493594752,-0.0328717864410037,0.07381220001788336,0.03911924360724779,0.08353775249480451,5,32
121124.88400006294,150.2539999485016,121.44281915166667,31.030465361666664,17.218,121.44281911647052,31.030465550160415,17.12574698847823,-60.24010058056749,-7.776347503179525,0.10208035019476114,-60.243460899900285,-7.7554491471115465,0.00982733867299146,0.09465015148224516,0.02116679098909862,0.6504657330829258,0.0033603217938218137,-0.020898355873564617,0.09225301152176968,0.02116679098909862,0.09465015148224516,5,32
121124.98399996758,150.35399985313416,121.44282823333333,31.030468375,17.21,121.44282811654216,31.03046849188382,17.12888416433978,-59.373036876986184,-7.442258368537306,0.09408035019476202,-59.384187407461646,-7.429299425789645,0.012964514534541394,0.08289781356387729,0.017095867887166112,0.6221155987196614,0.011150538304659252,-0.012958942639419479,0.08111583566022063,0.017095867887166112,0.08289781356387729,5,32
121125.08400011063,150.4539999961853,121.44283718999999,31.030471323333337,17.205,121.44283706809155,31.030471392447183,17.132322468607335,-58.51790743464762,-7.115375802315702,0.08908035019475946,-58.52954653058832,-7.107713130834557,0.01640281880209571,0.07400141106210076,0.013935037490096091,0.6180122947808138,0.011639103766481428,-0.007662671424735723,0.07267753139266375,0.013935037490096091,0.07400141106210076,5,32
121125.18400001526,150.55399990081787,121.44284599666668,31.03047405166667,17.205,121.44284593419505,31.030474297918666,17.13567592355946,-57.67709910045593,-6.812884700610819,0.08908035019475946,-57.68306352242557,-6.785582670775432,0.019756273754222065,0.07474491804195009,0.027945933492448685,0.6219585715652022,0.005964425802017221,-0.027302029661118537,0.0693240764405374,0.027945933492448685,0.07474491804195009,5,32
121125.28399991989,150.65399980545044,121.44285480666667,31.03047693833333,17.21,121.44285476718808,31.030477199778648,17.140086785513066,-56.835972522763555,-6.492839136319695,0.09408035019476202,-56.839741705180614,-6.463852618845209,0.02416713570782747,0.07577784966532015,0.029230548061980412,0.63292648691028,0.003769184727232265,-0.028986517322640636,0.06991321448693455,0.029230548061980412,0.07577784966532015,5,32
121125.38400006294,150.7539999485016,121.44286372500001,31.030479766666666,17.208,121.44286362351698,31.030480080259476,17.145526591470805,-55.98450291833688,-6.179261005353144,0.09208035019475957,-55.99419191620953,-6.144492879901145,0.02960694166556621,0.07215002495182599,0.03609292627778499,0.6478079622828219,0.009689003527816105,-0.034768125315173225,0.062473408529193364,0.03609292627778499,0.07215002495182599,5,32
121125.48399996758,150.85399985313416,121.44287261833333,31.030482695,17.217,121.44287249268096,31.030482982419127,17.15154892458511,-55.13542016810219,-5.854595845124925,0.10108035019475992,-55.14741671132987,-5.822729603970541,0.03562927477987188,0.07377816616099399,0.03404958926498051,0.5826339309775888,0.011996549877247612,-0.031866241073534016,0.06545107541488804,0.03404958926498051,0.07377816616099399,5,32
121125.58400011063,150.9539999961853,121.44288141999999,31.030485579999997,17.22,121.4428812955504,31.030485866890604,17.155022086739343,-54.29508920523476,-5.534735064784127,0.10408035019476003,-54.30697091620457,-5.502927420698151,0.039102436934104645,0.07331460041905466,0.033954402113664045,0.6187556395582456,0.011881717204114071,-0.03180764403689548,0.06497791326065538,0.033954402113664045,0.07331460041905466,5,32
121125.68400001526,151.05399990081787,121.44289013499998,31.03048843166666,17.22,121.44288999445546,31.030488697685545,17.156033586355836,-53.463032663268905,-5.218569960628798,0.10408035019476003,-53.476451022734175,-5.189076370390933,0.04011393655059692,0.07170513570912342,0.03240253713164494,0.5811170506076248,0.013418366111121061,-0.029493590210002352,0.06396641364416311,0.03240253713164494,0.07170513570912342,5,32
121125.78399991989,151.15399980545044,121.44289874166667,31.030491245,17.221,121.44289862527147,31.030491517575225,17.157920865466515,-52.64131914560806,-4.9066548830993995,0.10508035019476125,-52.652431869135576,-4.876434389760707,0.04200121566127635,0.07082194695195733,0.03219892787923801,0.5760217186071883,0.011112728707317363,-0.030220493332338828,0.0630791345334849,0.03219892787923801,0.07082194695195733,5,32
121125.88400006294,151.2539999485016,121.44290727,31.030494108333333,17.2,121.44290724900743,31.030494345675987,17.163082240001064,-51.82708442916526,-4.5891962919970535,0.08408035019476046,-51.82908867597518,-4.562882043732871,0.047162590195824805,0.04538036662785471,0.026390465549881763,0.6633069188567519,0.0020042476865213617,-0.02631424829157333,0.03691775999893565,0.026390465549881763,0.04538036662785471,5,32
121125.98399996758,151.35399985313416,121.44291589666666,31.03049692833333,17.206,121.44291589626329,31.030497180353972,17.171579825906008,-51.00346143106597,-4.27654208007687,0.09008035019476068,-51.003499942506295,-4.248600479242106,0.05566017610076912,0.04433376737209286,0.02794162745335635,0.6214413357638177,3.851145607670493e-05,-0.02794160091351081,0.03442017409399156,0.02794162745335635,0.04433376737209286,5,32
121126.08400011063,151.4539999961853,121.44292437833334,31.030499921666667,17.198999999999998,121.44292453618205,31.03050001246943,17.17804481822698,-50.193682169789305,-3.944670351428036,0.08308035019475923,-50.17861171253254,-3.9346030230106033,0.06212516842174054,0.027705407418805547,0.018123740152125072,0.6142340280218723,-0.015070462991251999,-0.010067328460473236,0.020955181773018694,0.018123740152125072,0.027705407418805547,5,32
121126.18400001526,151.55399990081787,121.44293295666667,31.030502738333333,17.198999999999998,121.4429331357316,31.03050283010534,17.179120261660238,-49.37467375225041,-3.6323857074085026,0.08308035019475923,-49.357577694776786,-3.6222109181202793,0.06320061185499881,0.02812482392812713,0.019894766259768222,0.6257752358152154,-0.017096063478482956,-0.010174789337892617,0.019879738339760422,0.019894766259768222,0.02812482392812713,5,33
121126.28399991989,151.65399980545044,121.44294096999998,31.030505891666667,17.183,121.44294170211172,31.03050562740272,17.17772053170673,-48.609608185034254,-3.2827747322231033,0.067080350194761,-48.53971049658998,-3.312073752350265,0.06180088190149036,0.07597364917436006,0.07578998999478156,0.6257923412142338,-0.06989771093712256,0.02929902027644519,0.005279468293270639,0.07578998999478156,0.07597364917436006,5,33
121126.38400006294,151.7539999485016,121.44294943833332,31.03050865833333,17.177999999999997,121.4429502234194,31.030508393241067,17.177673138504105,-47.801101914765354,-2.976033603187033,0.06208035019475844,-47.72614654920534,-3.0054244584881453,0.061753488698865766,0.08051235520495935,0.0805116917112791,0.5982076899105049,-0.07495538751384198,0.029390855463252992,0.0003268614958926719,0.0805116917112791,0.08051235520495935,5,33
121126.48399996758,151.85399985313416,121.44295837,31.03051143333333,17.177,121.44295870734136,31.03051114478025,17.178726103361882,-46.9483593217602,-2.668368553694079,0.06108035019476077,-46.91615196833535,-2.70036051696534,0.06280645355664305,0.04542883800238459,0.04539603385132892,0.6093510415137575,-0.032207361937541715,0.03199196346670817,-0.0017261033618822808,0.04539603385132892,0.04542883800238459,5,33
121126.58400011063,151.9539999961853,121.442966745,31.030514181666664,17.180999999999997,121.4429671405342,31.03051387944454,17.180139863378518,-46.14876396425283,-2.3636600459958106,0.06508035019475855,-46.11100070455499,-2.397167499451517,0.06422021357327878,0.05049310589829296,0.050485779267518655,0.6120189056087224,-0.037763268608420865,0.033507453682082015,0.0008601366214797679,0.050485779267518655,0.05049310589829296,5,33
121126.68400001526,152.05399990081787,121.44297506833333,31.030516738333336,17.16,121.44297553566183,31.030516621579256,17.182229161168394,-45.35410143323585,-2.0802016756587363,0.04408035019476131,-45.30948367889102,-2.0931462339636844,0.06630951136315488,0.051501864315335114,0.046457576580195954,0.5827037053020526,-0.04461776360910225,0.01294455840216429,-0.022229161168393574,0.046457576580195954,0.051501864315335114,5,33
121126.78399991989,152.15399980545044,121.44298332666668,31.030519325,17.136,121.44298390645288,31.030519334079976,17.184110761089492,-44.56564471728771,-1.7934171977421005,0.0200803501947604,-44.51029016626624,-1.7924104983295879,0.06819111128425348,0.0733470258136136,0.055363714318067754,0.5596645717930631,-0.05535456096265953,-0.001006699420795013,-0.04811076108949308,0.055363714318067754,0.0733470258136136,4,33
121126.88499999046,152.25499987602234,121.44299189666665,31.030521970000002,17.116,121.44299235419913,31.030522050297673,17.184367096984364,-43.74743191700305,-1.5001652857956342,8.035019476082539e-05,-43.70374942730707,-1.4912626599779908,0.06844744717912477,0.081617872927211,0.04458045795068662,0.564931584642269,-0.043682496303058004,-0.008902625894996446,-0.06836709698436394,0.04458045795068662,0.081617872927211,4,33
121126.9849998951,152.3549997806549,121.44300023,31.03052468,17.121,121.44300066333231,31.030524742931515,17.183838225426378,-42.951814645766845,-1.1997068061338112,0.005080350194759831,-42.910442643288896,-1.1927295706972958,0.0679185756211389,0.0755577090717916,0.041956225109524174,0.5759244139829973,-0.04137200756823353,-0.006977235499472152,-0.06283822542637907,0.041956225109524174,0.0755577090717916,4,33
121127.08500003815,152.45499992370605,121.44300841333333,31.03052740666667,17.128,121.44300891080599,31.03052742477127,17.184955876735597,-42.17051848510679,-0.8974004869687371,0.01208035019476128,-42.12302274335149,-0.8953932245938021,0.06903622693035771,0.07418791620880427,0.04753814275593976,0.5669769603018524,-0.047495746276532996,-0.002007262394234982,-0.056955876735596433,0.04753814275593976,0.07418791620880427,5,33
121127.18499994278,152.55499982833862,121.44301666000001,31.030530041666665,17.117,121.44301710451987,31.030530059585,17.183028370112584,-41.38317562991359,-0.6052572787242214,0.0010803501947620475,-41.340735510099705,-0.6032706677148251,0.06710872030734549,0.07851659885387438,0.042486593601463576,0.5631855492999326,-0.04244012267273206,-0.001986611028706842,-0.06602837011258345,0.042486593601463576,0.07851659885387438,4,33
121127.28500008583,152.65499997138977,121.44302440666667,31.030532848333337,17.157,121.44302528860275,31.03053269493487,17.183083557445226,-40.64356981726211,-0.2940813369961226,0.041080350194761195,-40.5593677875896,-0.31108866886832326,0.06716390763998703,0.0897751840885154,0.08590245461643359,0.5821093182239163,-0.08420203302683708,0.017007332044617365,-0.026083557445225836,0.08590245461643359,0.0897751840885154,4,33
121127.38499999046,152.75499987602234,121.44303235500001,31.03053559,17.158,121.44303347795098,31.030535323860153,17.183225065442315,-39.88471006268553,0.009888035606103383,0.04208035019476242,-39.777497361180984,-0.01961896581839865,0.06730541563707604,0.11402425499347976,0.11119904136389437,0.6002316954542247,-0.10721270283311343,0.02950700173632694,-0.02522506544231362,0.11119904136389437,0.11402425499347976,5,33
121127.4849998951,152.8549997806549,121.44304046500001,31.030538188333335,17.154,121.44304163024016,31.030537922662553,17.18362697064217,-39.11041533434857,0.29796600046975696,0.03808035019476108,-38.99916511170888,0.26851100477214584,0.06770732083693076,0.11883587780506585,0.1150834847589721,0.6012919902642258,-0.11125022100461562,0.029454996022623053,-0.02962697064216968,0.1150834847589721,0.11883587780506585,4,33
121127.58500003815,152.95499992370605,121.443048775,31.030540886666667,17.161,121.44304970200078,31.030540497239105,17.184266990466508,-38.31702579191006,0.5971309945950783,0.04508035019476253,-38.22852125236704,0.5539550481254407,0.06834734066126913,0.10118580983300969,0.09847443965920036,0.5981786377799487,-0.08850453587043407,0.043175946967640905,-0.0232669904665066,0.09847443965920036,0.10118580983300969,5,33
121127.68499994278,153.05499982833862,121.44305684000001,31.03054320833333,17.166,121.44305771243225,31.030543025968843,17.18478307166667,-37.54702739577424,0.8545348455677637,0.050080350194761536,-37.46373273771092,0.8343160422819559,0.06886342186142969,0.08774738125987254,0.08571347115086542,0.6062030824108589,-0.08329465241300017,0.02021880352858999,-0.01878307166666815,0.08571347115086542,0.08774738125987254,5,33
121127.78500008583,153.15499997138977,121.44306485999999,31.030545608333334,17.18,121.44306569548024,31.030545516039858,17.186993198372868,-36.781325336698124,1.1206235372689226,0.06408035019476088,-36.701558633143954,1.1103909330434425,0.07107354856762882,0.08072383056686104,0.08042034567138472,0.6277045256599036,-0.07976669609555972,0.010232604355862861,-0.006993198372867937,0.08042034567138472,0.08072383056686104,4,33
121127.88499999046,153.25499987602234,121.44307298166665,31.03054809833333,17.184,121.44307367730954,31.030547989799015,17.192145670625404,-36.00591674517696,1.3966905538245409,0.06808035019476222,-35.93950088399597,1.384657322889151,0.07622602082016527,0.06798688234740542,0.06749714232011896,0.5988116686896745,-0.06641585330779046,0.012033231103093327,-0.008145670625403056,0.06749714232011896,0.06798688234740542,4,33
121127.9849998951,153.3549997806549,121.44308118,31.030550499999997,17.187,121.44308164929019,31.030550425778905,17.196151804083733,-35.22318847054415,1.6629640287707668,0.07108035019476233,-35.178383425685574,1.6547351147883163,0.0802321542784945,0.04646463186664837,0.045554434433061924,0.6011256311625228,-0.04480503843499681,0.008228914105433157,-0.009151804083732173,0.045554434433061924,0.04646463186664837,4,33
121128.08500003815,153.45499992370605,121.44308909833335,31.03055290666667,17.178,121.44308955165887,31.030552801924458,17.198649531954313,-34.46719293905451,1.929791855567968,0.06208035019476199,-34.42391210475698,1.9181790564473742,0.08272988214907429,0.04934055397349295,0.04481168482080323,0.6168326971150482,-0.04328082703492801,0.011612799302995433,-0.020649531954312295,0.04481168482080323,0.04934055397349295,4,33
121128.18499994278,153.55499982833862,121.44309682833334,31.030555011666667,17.188000000000002,121.4430973222229,31.030555114457595,17.198860440135043,-33.729178358482216,2.1631738113350987,0.07208035019476355,-33.682024710938585,2.1745702711454777,0.08294079032980406,0.049712112040087984,0.048511286558485155,0.6258369344310045,-0.04715363849341927,-0.01139645999384857,-0.010860440135040506,0.048511286558485155,0.049712112040087984,4,33
121128.28500008583,153.65499997138977,121.44310423333333,31.03055713666667,17.197,121.44310493504648,31.030557374219157,17.196089296879848,-33.022192850824936,2.3987731738008726,0.08108035019476034,-32.95519744020253,2.4251106864115823,0.08016964707460872,0.07199220151253327,0.07198644107363653,0.6271894973898339,-0.06699539615311939,-0.02633751303245506,0.0009107031201516236,0.07198644107363653,0.07199220151253327,4,33
121128.38499999046,153.75499987602234,121.44311162999999,31.03055929666667,17.194000000000003,121.44311240991148,31.030559575275515,17.19596267502644,-32.316002962851165,2.6382529956971834,0.07808035019476378,-32.241541635933395,2.669142438263614,0.08004302522120099,0.08063805765696982,0.08061416903640073,0.6081388423326682,-0.07446130912220827,-0.03088944307099649,-0.0019626750264372106,0.08061416903640073,0.08063805765696982,4,33
121128.4849998951,153.8549997806549,121.44311909833336,31.03056137833333,17.19,121.44311979647999,31.03056168210786,17.198043887747858,-31.60297076066073,2.8690479775702786,0.07408035019476245,-31.5363158579275,2.9027275471316343,0.0821242379426188,0.07511252436543202,0.0746805676628633,0.6189907288429977,-0.06665488535784658,-0.03367957013353693,-0.00804388774785636,0.0746805676628633,0.07511252436543202,4,33
121128.58500003815,153.95499992370605,121.44312688833334,31.030563345000004,17.196,121.44312708562623,31.0305637369475,17.2007186116948,-30.859227736343822,3.08709287815507,0.08008035019476267,-30.840391381062066,3.130548209770964,0.08479896188956104,0.047596631073144116,0.04736215781810094,0.6567313755771961,-0.018836349975052253,-0.04345533238630271,-0.004718611694798369,0.04736215781810094,0.047596631073144116,4,33
121128.68499994278,154.05499982833862,121.44313420666667,31.030565321666668,17.188000000000002,121.44313427664923,31.03056571338458,17.20325603041949,-30.16051664958812,3.306246480326038,0.07208035019476355,-30.153835129683873,3.3496763577692312,0.08733638061424998,0.04651390619697658,0.04394083528496974,0.6563665536902199,-0.006681517886564142,-0.04342987824381234,-0.015256030419486422,0.04394083528496974,0.04651390619697658,5,33
121128.78500008583,154.15499997138977,121.44314156,31.030567263333335,17.199,121.44314135546274,31.030567618676205,17.205861436749128,-29.458463968421214,3.521519623066469,0.08308035019476279,-29.47799197488696,3.5609165889777774,0.08994178694388921,0.044503293002156344,0.04397116980219557,0.6770158456132175,0.019528000187940635,-0.03939696666538308,-0.006861436749126426,0.04397116980219557,0.044503293002156344,4,33
121128.88499999046,154.25499987602234,121.44314860333334,31.030569035,17.199,121.44314837256486,31.030569412073493,17.206764106054283,-28.786008251055136,3.717944816273642,0.08308035019476279,-28.80804065748104,3.7597510627928616,0.09084445624904447,0.04789018962144096,0.04725662830921646,0.6800254742991455,0.022032398933271247,-0.041806247336978554,-0.007764106054281683,0.04725662830921646,0.04789018962144096,4,33
121128.9849998951,154.3549997806549,121.44315509166667,31.03057070666667,17.182000000000002,121.44315531049003,31.030571109301857,17.205150611679134,-28.166540643792572,3.903282980924405,0.06608035019476333,-28.14564868663572,3.9479232602770034,0.0892309618738949,0.05445345720034467,0.049287200975018104,0.6717158980946112,-0.020891949676313807,-0.04464028022620598,-0.023150611679131572,0.049287200975018104,0.05445345720034467,4,33
121129.08500003815,154.45499992370605,121.44316183499998,31.03057233166667,17.165,121.44316217870696,31.030572728758873,17.200068943610383,-27.522727150008105,4.083447199197614,0.049080350194760314,-27.489912045583107,4.127472925874075,0.0841492938051438,0.0651530947707569,0.05490988027904426,0.6753817857416152,-0.03281509209391858,-0.04402572751388234,-0.035068943610383485,0.05490988027904426,0.0651530947707569,4,33
121129.18499994278,154.55499982833862,121.44316860166667,31.03057392166667,17.163,121.44316893907056,31.03057429714875,17.196577379430053,-26.876685922567365,4.259730956629769,0.04708035019476142,-26.844472600391565,4.301360763106378,0.08065772962481432,0.06243539518665615,0.0526378016517045,0.6762052161980169,-0.03221330952536982,-0.04162980725570206,-0.0335773794300529,0.0526378016517045,0.06243539518665615,5,33
121129.28500008583,154.65499997138977,121.44317563666667,31.030575423333335,17.175,121.44317554607667,31.030575763588008,17.1913343054548,-26.205025824884807,4.426221172452532,0.05908035019476188,-26.21367481952603,4.46394530581889,0.07541465564955985,0.04200862853788274,0.03870291122051638,0.7032623515872045,0.008648991105080252,-0.03772413404980181,-0.01633430545479797,0.03870291122051638,0.04200862853788274,4,33
121129.38499999046,154.75499987602234,121.44318229999999,31.03057684166667,17.167,121.44318204274629,31.03057710592886,17.184905911958122,-25.568850255283387,4.583472197811621,0.05108035019476276,-25.593411313212286,4.612771022582309,0.06898626215288317,0.04221715173831554,0.038231743588855574,0.694972522683958,0.024561047517900916,-0.029298825277942673,-0.017905911958120413,0.038231743588855574,0.04221715173831554,4,33
121129.4849998951,154.8549997806549,121.44318897166667,31.030578061666667,17.148,121.44318844290693,31.030578362386873,17.174788829447863,-24.93187906599845,4.7187339485976985,0.032080350194760854,-24.982361911316687,4.752074884285972,0.05886917964262395,0.06616475532360876,0.060499036883625804,0.6882022504617581,0.050482823176730834,-0.03334093621890728,-0.026788829447863094,0.060499036883625804,0.06616475532360876,4,33
121129.58500003815,154.95499992370605,121.44319532833333,31.030579166666666,17.133,121.44319478107091,31.03057952140916,17.16600113322838,-24.3249822118386,4.841245616684956,0.017080350194760285,-24.377231583945036,4.880576018933186,0.050081483423142004,0.07325264362492484,0.0653978210927768,0.7005270407325296,0.052249348485512666,-0.03933040282685008,-0.03300113322838172,0.0653978210927768,0.07325264362492484,5,33
121129.68499994278,155.05499982833862,121.44320168499999,31.030580183333335,17.134,121.44320106782071,31.030580576850735,17.159124852042815,-23.718085357678746,4.953963743162822,0.018080350194761508,-23.777009977277963,4.9975931303439385,0.0432052022375764,0.07750412401926837,0.07331869509082108,0.8403138712993187,0.05892459224729819,-0.04362938778289741,-0.025124852042814894,0.07331869509082108,0.07750412401926837,5,33
121129.78600001335,155.15599989891052,121.44320787666666,31.030581095000002,17.125,121.44320732158289,31.03058151222351,17.15174815538637,-23.12694172563853,5.055040489233302,0.009080350194761166,-23.179937832945193,5.101298179134078,0.03582850558113293,0.07525837140860232,0.07034457086727904,0.7767899129052489,0.05299608212751304,-0.046257690491804004,-0.026748155386371764,0.07034457086727904,0.07525837140860232,5,33
121129.88599991798,155.2559998035431,121.443214025,31.03058199666667,17.127000000000002,121.44321338586218,31.030582300682568,17.14512034466467,-22.539935300405173,5.155008531601832,0.01108035019476361,-22.600956392154643,5.188714862179012,0.029200694859429888,0.07202800614805341,0.0697114537138462,0.7859325555767759,0.06102106219151266,-0.03370633097679522,-0.018120344664666277,0.0697114537138462,0.07202800614805341,5,33
121129.98600006104,155.35599994659424,121.44321999333333,31.03058262333333,17.118000000000002,121.44321931162928,31.030582938078798,17.139137636971455,-21.970114211264207,5.224487245440235,0.0020803501947632697,-22.035199274193754,5.259383165762451,0.023217987166216147,0.07681527339708176,0.07384975646765185,0.817407386665949,0.06508503090861809,-0.034895920706519756,-0.021137636971452878,0.07384975646765185,0.07681527339708176,5,33
121130.08599996567,155.4559998512268,121.443225975,31.030582996666666,17.112000000000002,121.4432251208332,31.030583375240976,17.135710032342704,-21.39902013354476,5.2658788192817045,-0.003919649805236958,-21.480570917893807,5.307851462263977,0.019790382537465234,0.09473326894955317,0.09171819128273512,0.8244538136286191,0.0815507438109464,-0.0419726434247091,-0.023710032342702192,0.09171819128273512,0.09473326894955317,4,33
121130.18600010872,155.55599999427795,121.44323182499998,31.030583311666668,17.103,121.4432308186633,31.030583654903346,17.132820190832895,-20.840496811357305,5.3008029605038605,-0.012919649805237299,-20.936575873198507,5.3388577096647944,0.016900541027656146,0.10755735506635385,0.10334089629744621,0.9189645621071477,0.09607901375700857,-0.03805474954641128,-0.029820190832893445,0.10334089629744621,0.10755735506635385,4,33
121130.28600001335,155.65599989891052,121.44323741833333,31.030583636666666,17.108,121.4432364337285,31.03058381142224,17.1287639266574,-20.306478498656745,5.336835804017451,-0.007919649805238294,-20.400482730839453,5.356211004451491,0.012844276852160164,0.09820043702732063,0.0959801291003661,0.8903242063397544,0.09400418492343662,-0.01937520061840069,-0.020763926657398457,0.0959801291003661,0.09820043702732063,5,33
121130.38599991798,155.7559998035431,121.44324284333334,31.030583701666668,17.104,121.44324200655159,31.030583792501748,17.127214195431606,-19.7885316540058,5.344042372438065,-0.01191964980523963,-19.868422615440025,5.3541132842715315,0.01129454562636667,0.08380263383330885,0.08052318031388743,0.9019776024366619,0.07989092126659525,-0.010070911926807287,-0.0232141954316063,0.08052318031388743,0.08380263383330885,5,33
121130.48600006104,155.85599994659424,121.44324834166667,31.030583503333332,17.104,121.4432475361167,31.030583576327743,17.126174468108495,-19.263583377031765,5.322053098570312,-0.01191964980523963,-19.34049251373733,5.3301460098896305,0.01025481830325603,0.08045005678298063,0.07733372227230574,0.9134166273438907,0.07690909819832456,-0.008092911392730467,-0.02217446810849566,0.07733372227230574,0.08045005678298063,5,33
121130.58599996567,155.9559998512268,121.443253695,31.030583040000003,17.1,121.44325300943517,31.030583132001823,17.126819354863354,-18.752478844168206,5.270683199169126,-0.015919649805237412,-18.81793250965717,5.28088346731408,0.010899705058115217,0.07146678490000606,0.06624366798915424,0.9422619688221126,0.06545363302776941,-0.01020026823781566,-0.02681935486335263,0.06624366798915424,0.07146678490000606,4,33
121130.68600010872,156.05599999427795,121.443259075,31.030582553333335,17.144,121.44325840892193,31.03058251203462,17.127324147979383,-18.238828331718395,5.2167263258739025,0.028080350194759518,-18.30242151785784,5.212147524882106,0.01140449817414435,0.06590249482869621,0.06375778214487136,0.9240472683055223,0.0635931550178898,0.004578801033405342,0.016675852020615167,0.06375778214487136,0.06590249482869621,5,33
121130.78600001335,156.15599989891052,121.44326479166666,31.03058192833333,17.206,121.4432637114494,31.030581750485315,17.12629574214194,-17.69303488559864,5.147432395280567,0.09008035019476068,-17.79616762637537,5.127714334362091,0.01037609233670267,0.1318253489634602,0.10500073289570058,0.9128873726807609,0.10313269110908095,0.019718061092134604,0.07970425785805801,0.10500073289570058,0.1318253489634602,4,33
121130.88599991798,156.2559998035431,121.44327010999999,31.030581106666666,17.22,121.44326892665288,31.030580867130322,17.12439566413437,-17.18527194228771,5.056333975475062,0.10408035019476003,-17.29825091148979,5.029776511927782,0.00847601432912981,0.15036529963360426,0.11605832282777208,0.9403223129596049,0.11297891580167614,0.026557463769590926,0.09560433586563022,0.11605832282777208,0.15036529963360426,4,33
121130.98600006104,156.35599994659424,121.44327495166665,31.030580063333332,17.243000000000002,121.44327407391731,31.030579826622464,17.123049464088464,-16.723018307862233,4.940659307907769,0.12708035019476327,-16.80682061341714,4.914415105870801,0.007129814283224789,0.1486597092163876,0.08781559131974023,0.9238676075177337,0.08380226683844293,0.026244202246859145,0.11995053591153848,0.08781559131974023,0.1486597092163876,4,33
121131.08599996567,156.4559998512268,121.44327978999999,31.030578818333332,17.238,121.44327913670843,31.03057862532811,17.120470959023347,-16.261082919366736,4.8026257999825885,0.12208035019476071,-16.32345532710088,4.78122725517483,0.0045513092181082015,0.13476381912811897,0.06594096960998296,0.8949235546622177,0.0623723796758887,0.021398544966223336,0.11752904097665251,0.06594096960998296,0.13476381912811897,4,33
121131.18600010872,156.55599999427795,121.44328500833332,31.030577436666665,17.259,121.44328409101125,31.03057730962887,17.118723534956782,-15.762867385535866,4.649440018709621,0.1430803501947615,-15.850447859429595,4.635355301489471,0.002803885151543284,0.16597047514561492,0.08870576066434442,0.8814009895785156,0.08758043567555686,0.01408471731770299,0.14027646504321822,0.08870576066434442,0.16597047514561492,4,33
121131.28600001335,156.65599989891052,121.44329035666667,31.030576064999998,17.269,121.44328896546016,31.03057592635017,17.116816151177684,-15.252240219137992,4.497362940433344,0.15308035019475952,-15.385064371850813,4.48199079372737,0.0008965013724449022,0.20257953348170246,0.13371067101503564,0.860772768341177,0.13282409663126266,0.01537214680453229,0.15218384882231462,0.13371067101503564,0.20257953348170246,4,33
121131.38599991798,156.7559998035431,121.443295175,31.030574611666665,17.283,121.4432938021324,31.03057449323697,17.1163370671058,-14.792214313510218,4.336231454938462,0.16708035019476242,-14.923287574307093,4.323101120385145,0.000417417300560885,0.2124361659146829,0.13172923512885645,0.8368719526813925,0.13107320740732425,0.013130334633591992,0.16666293289420153,0.13172923512885645,0.2124361659146829,4,33
121131.48600006104,156.85599994659424,121.44329983000002,31.03057306,17.277,121.44329859242133,31.03057299905005,17.11475040246207,-14.34778250460781,4.164197724837494,0.1610803501947622,-14.46593918185141,4.157440186444658,-0.0011692473431672568,0.2008272532793155,0.11834970958348087,0.8284281680233893,0.11815663093051208,0.006757538430894766,0.16224959753792945,0.11834970958348087,0.2008272532793155,4,33
121131.58599996567,156.9559998512268,121.44330425666666,31.030571523333332,17.273,121.44330330901566,31.030571395842806,17.112053727388975,-13.92515061235819,3.993827048878935,0.15708035019476085,-14.015626712694004,3.979692137739766,-0.0038659224162636008,0.18517401805978517,0.09157354583624822,0.821428461651607,0.09047606634977931,0.014134911209264207,0.16094627261102445,0.09157354583624822,0.18517401805978517,4,33
121131.68600010872,157.05599999427795,121.44330869666668,31.030569766666666,17.262999999999998,121.44330798368667,31.030569682464087,17.110959104097653,-13.5012457291008,3.799064909814172,0.1470803501947593,-13.569316833996146,3.7897293458411445,-0.004960545707586306,0.16684501427104986,0.06870825831236699,0.8199529798089148,0.0680710805323115,0.009335564015232735,0.1520408959023456,0.06870825831236699,0.16684501427104986,5,33
121131.78600001335,157.15599989891052,121.44331326333334,31.030567956666665,17.271,121.44331262951457,31.03056786507349,17.110878350858503,-13.065247464064955,3.5983896885705535,0.15508035019476196,-13.125760723697253,3.588234726906494,-0.005041298946736106,0.17147570638478984,0.061359395013067475,0.8187131336074898,0.06051323912252149,0.01015496170697774,0.16012164914149807,0.061359395013067475,0.17147570638478984,5,33
121131.88599991798,157.2559998035431,121.44331768833332,31.03056620666667,17.262,121.44331724319844,31.030565959072522,17.11081784719779,-12.642774694780325,3.404366685307091,0.14608035019476162,-12.685273535248685,3.3769158509648713,-0.005101802607448747,0.15942315367173457,0.050593464011971005,0.8018664194688248,0.042498826910128316,0.02745083444985887,0.15118215280221037,0.050593464011971005,0.15942315367173457,5,33
121131.98600006104,157.35599994659424,121.44332229000001,31.030564218333332,17.261,121.4433217984149,31.030563951634694,17.110066243883587,-12.20343483533328,3.183919595483847,0.1450803501947604,-12.250368467477486,3.154350640667987,-0.005853405921651955,0.16080449727251667,0.055471502662702184,0.8153550119641861,0.04693361815000463,0.029568954919099374,0.15093375611641235,0.055471502662702184,0.16080449727251667,5,33
121132.08599996567,157.4559998512268,121.44332690333334,31.03056201333333,17.252,121.44332627697298,31.03056181871919,17.111970531452382,-11.762981112702025,2.9394506104550486,0.13608035019476006,-11.822782288442037,2.9178736847345896,-0.0039491183528568286,0.15378554690635246,0.06357469917787974,0.8259265309841614,0.05980115925957955,0.0215769257951244,0.1400294685476169,0.06357469917787974,0.15378554690635246,5,33
121132.18600010872,157.55599999427795,121.44333139,31.030559673333332,17.267,121.4433306728715,31.030559553238987,17.11594228684644,-11.334620776707798,2.6800141367340453,0.15108035019476063,-11.403087954506793,2.666699242502456,2.2637041201534203e-05,0.16638350637200763,0.06974982788122826,0.8309942620707715,0.06846716059351726,0.013314894281310833,0.1510577131535591,0.06974982788122826,0.16638350637200763,4,33
121132.28600001335,157.65599989891052,121.44333576666668,31.030557326666667,17.266,121.4433349935893,31.030557188662403,17.11838313120502,-10.916762583124997,2.419838527917,0.1500803501947594,-10.990571428635077,2.4045379557323834,0.0024634813997828076,0.1657485766896701,0.07537805199007279,0.8429064074465966,0.07380882881393551,0.01530057224202024,0.1476168687949766,0.07537805199007279,0.1657485766896701,4,33
121132.38599991798,157.7559998035431,121.44334004,31.030554925,17.275,121.44333924635345,31.03055475541485,17.120426306840418,-10.508770047381518,2.1535650529707735,0.15908035019475975,-10.584542716414628,2.134763098955503,0.004506657035179273,0.17317053780841737,0.07807053572164324,0.8330018933864168,0.07577265384331516,0.018801954084762252,0.15457369315958047,0.07807053572164324,0.17317053780841737,4,33
121132.48600006104,157.85599994659424,121.44334405833334,31.030552581666665,17.271,121.44334341509298,31.030552252609375,17.121519473500555,-10.125123398159943,1.89375901134912,0.15508035019476196,-10.186536175526038,1.8572763352241157,0.00559982369531653,0.16567118451707022,0.07143188067479195,0.8118948152482618,0.06141276667137293,0.03648267625195856,0.14948052649944543,0.07143188067479195,0.16567118451707022,5,33
121132.58599996567,157.9559998512268,121.44334820333333,31.03055002333333,17.274,121.44334748412892,31.03054966601012,17.123299423451716,-9.729383369589195,1.6101158577669787,0.15808035019476208,-9.79804874295812,1.5704993309267892,0.007379773646476906,0.1702793736675336,0.07927421601392207,0.8214651243698382,0.06866536328600671,0.03961652697325574,0.15070057654828517,0.07927421601392207,0.1702793736675336,5,33
121132.68700003624,158.0569999217987,121.44335219999999,31.030547361666663,17.279,121.44335147487085,31.030546953058565,17.126989760925607,-9.347805326200335,1.3150161084330356,0.16308035019476108,-9.417036358364378,1.269713610835306,0.011070111120368153,0.1730675121755605,0.08273603197630207,0.8593134577501416,0.0692310240004236,0.045302497757148584,0.15201023907439293,0.08273603197630207,0.1730675121755605,5,33
121132.78699994087,158.15699982643127,121.44335584999999,31.030544544999998,17.253999999999998,121.44335529469899,31.0305441631723,17.12986958506913,-8.999324961559209,1.002731463708244,0.13808035019475895,-9.052341810093239,0.9603981172134601,0.013949935263891433,0.14146115325782427,0.06784466058669841,0.8408900134006625,0.05301684385164899,0.04233334664462731,0.12413041493086752,0.06784466058669841,0.14146115325782427,5,33
121132.88700008392,158.25699996948242,121.44335977,31.030541733333333,17.175,121.44335901332907,31.030541298987902,17.131625336687325,-8.625066596423418,0.6910011715396861,0.05908035019476188,-8.697309051713194,0.6428451682292019,0.015705686882085956,0.09705325253498372,0.08682149739627468,0.8597559913675205,0.07224245109112669,0.04815600347285369,0.04337466331267592,0.08682149739627468,0.09705325253498372,4,33
121132.98699998856,158.356999874115,121.44336344,31.030538825,17.174,121.44336263973963,31.030538374786495,17.131129498456207,-8.27467675134385,0.3685534173048523,0.058080350194760655,-8.351080866613911,0.3186381161100828,0.015209848650968638,0.10083157103595364,0.09126404448062933,0.8587776713272122,0.07640411315790005,0.049915301336535024,0.04287050154379202,0.09126404448062933,0.10083157103595364,4,33
121133.08699989319,158.45699977874756,121.44336655166666,31.030535876666665,17.166,121.44336618549222,31.03053539486045,17.13103877526425,-7.977593262297773,0.0416708510832482,0.050080350194761536,-8.012553426983661,-0.011747142311589428,0.015119125459012395,0.07278724057280415,0.06384117131741639,0.8058050419544751,0.03496016480738666,0.053417993521098044,0.03496122473574914,0.06384117131741639,0.07278724057280415,4,33
121133.18700003624,158.5569999217987,121.44336957666668,31.030532686666668,17.137,121.44336963977126,31.030532369396663,17.130448267718286,-7.6887841892947035,-0.3120053667777551,0.02108035019476162,-7.682759338883883,-0.3471811835582968,0.01452861791304727,0.03628446102039461,0.03568805003988419,0.7900453380323216,-0.0060248506216461755,0.03517581684390751,0.006551732281714351,0.03568805003988419,0.03628446102039461,4,33
121133.28699994087,158.65699982643127,121.44337281666667,31.030529633333337,17.072,121.44337297705485,31.03052928721648,17.130578036279786,-7.37944819550518,-0.6505293127014864,-0.04391964980523966,-7.364135283552064,-0.6889033878865045,0.014658386474547314,0.0716829218758907,0.04131652156545867,0.7964023505398939,-0.015312912982382609,0.03837407523658374,-0.05857803627978697,0.04131652156545867,0.0716829218758907,4,33
121133.38700008392,158.75699996948242,121.44337584833332,31.030526593333335,17.038,121.4433761773216,31.030526137502985,17.129864278748478,-7.090002635500721,-0.9875749877278748,-0.07791964980523858,-7.058592784454542,-1.0381130303497295,0.013944628943239223,0.10945189996479411,0.059503551960578514,0.7541956565315859,-0.031409854187534836,0.05053804265939737,-0.0918642787484778,0.059503551960578514,0.10945189996479411,4,33
121133.48699998856,158.856999874115,121.443378885,31.03052343833333,16.995,121.44337924843565,31.030522956687975,17.127796615364307,-6.80007969931344,-1.3373707468635991,-0.12091964980523784,-6.7653810179060105,-1.3907709063987148,0.011876965559068253,0.14727700737605123,0.06368340324943374,0.7631297157806126,-0.0346986860196121,0.05340015953105724,-0.1327966153643061,0.06368340324943374,0.14727700737605123,4,33
121133.58699989319,158.95699977874756,121.44338223666666,31.030520181666663,16.988,121.44338220567367,31.030519762963348,17.125191834471508,-6.480082432859648,-1.6984383178008002,-0.1279196498052393,-6.4830414611866125,-1.7448600754026244,0.009272184666269112,0.14486315912548312,0.046515969582040136,0.7852060333212371,0.0029590288178103262,0.04642175755626504,-0.1371918344715084,0.046515969582040136,0.14486315912548312,5,33
121133.68700003624,159.0569999217987,121.44338511,31.030516986666665,16.976,121.44338507301299,31.030516571543625,17.122986742202677,-6.2057535982562975,-2.052668888218037,-0.13991964980523974,-6.209284897889612,-2.0986936990973555,0.0070670923974383015,0.1540644529869504,0.046160083305944316,0.7512760801078199,0.003531300335615608,0.04602481079538948,-0.14698674220267804,0.046160083305944316,0.1540644529869504,5,33
121133.78699994087,159.15699982643127,121.443388225,31.030513601666666,16.971,121.44338786126552,31.030513392211382,17.120289751898643,-5.908351860850958,-2.4279648127514006,-0.14491964980523875,-5.943079074199761,-2.4511871802055683,0.004370102093403716,0.15502479890307883,0.04177628816663596,0.7649305125075679,0.03472722139420357,0.023222367390509032,-0.14928975189864246,0.04177628816663596,0.15502479890307883,5,33
121133.88700008392,159.25699996948242,121.44339098666666,31.03051045666667,16.968,121.44339058379668,31.030510237012095,17.117679636354534,-5.644684298911877,-2.776651867479916,-0.14791964980523886,-5.683147935782085,-2.8010050336647536,0.0017599865492954336,0.15644974394753386,0.045525035332477,0.7597981310758064,0.038463647033483296,0.024353166096154538,-0.1496796363545343,0.045525035332477,0.15644974394753386,5,33
121133.98699998856,159.356999874115,121.44339367333332,31.030507198333332,16.969,121.44339321431507,31.030507074246295,17.11490121172316,-5.388177292260877,-3.1379042230727006,-0.14691964980523764,-5.432001632712122,-3.151661788725701,-0.0010184380820774663,0.15296080592571928,0.04593304439245396,0.7663074132636831,0.043824353460060014,0.013757565590135197,-0.14590121172316017,0.04593304439245396,0.15296080592571928,5,33
