utc_tow,elapsed,solution_lon,solution_lat,solution_height,truth_lon,truth_lat,truth_height,solution_east_m,solution_north_m,solution_up_m,truth_east_m,truth_north_m,truth_up_m,ape_translation_m,ape_horizontal_m,attitude_error_deg,east_error_m,north_error_m,up_error_m,horizontal_error_m,spatial_error_m,fix_quality,satellites
120973.81999993324,0.0,121.44346437666667,31.030508965,17.125999999999998,121.44346444375167,31.030508930063355,17.111787406132613,-0.006404879667115673,0.0038734357473655277,0.014212593867384271,0.0,0.0,0.0,0.016063119637181624,0.007485050971048956,0.40704312022985917,-0.006404879667115673,0.0038734357473655277,0.014212593867384271,0.007485050971048956,0.016063119637181624,5,36
120973.9200000763,0.10000014305114746,121.44346274666665,31.030512241666663,17.125,121.44346271284783,31.03051221148354,17.10858972755499,-0.1620276610974304,0.3671584109444237,0.013212593867386602,-0.1652564841779105,0.3638119990022409,-0.00319767857762443,0.017056400920655856,0.004650136626666101,0.5875094037100161,0.0032288229681654667,0.003346411942201487,0.01641027244501103,0.004650136626666101,0.017056400920655856,5,36
120974.01999998093,0.20000004768371582,121.44346099166665,31.030515541666666,17.125999999999998,121.44346093899848,31.03051551144864,17.109213393304277,-0.3295847046465577,0.7330303593179146,0.014212593867384271,-0.3346131515798071,0.7296800783302156,-0.0025740128283366914,0.01784095911463183,0.006042322216924603,0.6705318557737435,0.0050284465854559665,0.0033502809897614375,0.016786606695720963,0.006042322216924603,0.01784095911463183,5,36
120974.11999988556,0.2999999523162842,121.44345923666667,31.03051885,17.128999999999998,121.44345915932672,31.030518819360047,17.11059430256571,-0.497141748195685,1.0998262267333643,0.017212593867384385,-0.5045257097795467,1.0964291666862338,-0.0011931035669050516,0.020120452092886296,0.008127908364365569,0.7958034428639883,0.0073839608195497095,0.003397060051703319,0.018405697434289436,0.008127908364365569,0.020120452092886296,5,36
120974.22000002861,0.40000009536743164,121.44345739999999,31.030522206666667,17.122,121.44345739084693,31.030522121008485,17.11340826999298,-0.6724958434816267,1.471980825156381,0.010212593867386488,-0.6733697252226932,1.4624838777396731,0.0016208638603671943,0.012836413215987814,0.009537068718325924,0.7291826602948901,0.0008738816208514183,0.00949694743856198,0.008591730007019294,0.009537068718325924,0.012836413215987814,5,36
120974.31999993324,0.5,121.44345563999998,31.030525478333335,17.124,121.4434556427939,31.030525410349625,17.114686534441436,-0.8405302584872204,1.834711449210367,0.01221259386738538,-0.8402635133055942,1.827174075316734,0.0028991283088224407,0.011984314716859866,0.007542092449858056,0.6890849570594041,-0.0002667451358178535,0.007537373916340054,0.009313465558562939,0.007542092449858056,0.011984314716859866,5,36
120974.4200000763,0.6000001430511475,121.44345384333334,31.030528741666664,17.125999999999998,121.44345387798323,31.030528681671186,17.11495052400705,-1.0120653869800005,2.1965181528118785,0.014212593867384271,-1.0087572210306168,2.1898664370071788,0.0031631178744362387,0.013314661115590754,0.00742894884248704,0.5218451456837793,-0.003308165268337194,0.006651715828390223,0.011049475992948032,0.00742894884248704,0.013314661115590754,4,36
120974.51999998093,0.7000000476837158,121.44345204999999,31.030531993333337,17.125999999999998,121.44345209904353,31.03053194041642,17.114013174955954,-1.183282274313229,2.5570313715883186,0.014212593867384271,-1.1785998862790927,2.551164457743663,0.002225768823340246,0.014143175037542274,0.007506359004606552,0.4987132606486528,-0.004682386910071192,0.005866913867650676,0.011986825044044025,0.007506359004606552,0.014143175037542274,5,36
120974.61999988556,0.7999999523162842,121.44345029833333,31.030535215,17.134,121.44345028980693,31.030535178588917,17.115907538051808,-1.3505210694149503,2.914218480685294,0.022212593867386943,-1.3513351203021473,2.9101815731806933,0.004120131919194137,0.01855522783976733,0.004118167169855036,0.6159412124113989,0.0008140506644744536,0.004036907523654776,0.018092461948192806,0.004118167169855036,0.01855522783976733,4,36
120974.72000002861,0.9000000953674316,121.443448515,31.030538408333335,17.137,121.44344847281866,31.030538386638533,17.116942326886353,-1.520783213835246,3.2682642654627654,0.025212593867387056,-1.524810438350626,3.2658589561742803,0.005154920753739134,0.02059889052619323,0.004690846424275524,0.6365809198392899,0.004027223279209906,0.002405309301426384,0.020057673113647922,0.004690846424275524,0.02059889052619323,5,36
120974.81999993324,1.0,121.44344667833333,31.030541583333335,17.14,121.44344662768971,31.03054155632891,17.118140285138697,-1.6961373091211878,3.6202774275016174,0.02821259386738717,-1.7009724627262193,3.6172834393410316,0.0063528790060836116,0.022587381289651584,0.00568706072647433,0.6243280014940072,0.004835151961647403,0.002993988178731506,0.02185971486130356,0.00568706072647433,0.022587381289651584,4,36
120974.92100000381,1.1010000705718994,121.44344481833332,31.030544719999998,17.143,121.44344473988942,31.03054472935013,17.119212962189394,-1.8737191338218315,3.9680405622295627,0.031212593867387284,-1.8812084947827215,3.969077213945524,0.007425556056780636,0.02495973357974575,0.007560762697549578,0.6420242606078649,0.007489358168361626,-0.0010366517229292427,0.023787037810606648,0.007560762697549578,0.02495973357974575,4,36
120975.02099990845,1.2009999752044678,121.44344295166665,31.030547826666666,17.146,121.4434428624902,31.03054783769584,17.12114471085529,-2.0519374505587176,4.31247758868856,0.0342125938673874,-2.0604514935402145,4.31370039608082,0.009357304722676929,0.026301511849649142,0.00860140262457654,0.6684490900908528,0.00851403953297458,-0.0012228074014407088,0.02485528914471047,0.00860140262457654,0.026301511849649142,4,36
120975.1210000515,1.3010001182556152,121.44344100833332,31.03055090166667,17.143,121.4434409516712,31.030550904742082,17.122211627966287,-2.2374754500052365,4.653403722929165,0.031212593867387284,-2.24288521447632,4.653744694730979,0.010424221833673641,0.021483440125897174,0.005420497009585127,0.5958612325269288,0.005409762107467758,-0.0003409718045928452,0.020788372033713642,0.005420497009585127,0.021483440125897174,4,35
120975.22099995613,1.4010000228881836,121.44343907166667,31.030553915000002,17.145,121.44343900374278,31.030553920553103,17.12319233662856,-2.422376954986228,4.987492855271915,0.033212593867386175,-2.4288619257419475,4.988108529305377,0.01140493049594582,0.022759790037707315,0.006514127788005071,0.6271393189236621,0.006484967718989022,-0.0006156740388632203,0.021807663371440356,0.006514127788005071,0.022759790037707315,4,35
120975.32100009918,1.501000165939331,121.44343706833334,31.03055685333333,17.139,121.44343698745377,31.03055687899383,17.125092707869438,-2.61364339976392,5.313266716237036,0.027212593867385948,-2.6213653040065776,5.316111703124511,0.01330530173682476,0.01615965564568244,0.008229319302485914,0.6559852784070342,0.007721900390322897,-0.0028449869145917572,0.013907292130561189,0.008229319302485914,0.01615965564568244,4,36
120975.42100000381,1.6010000705718994,121.44343503,31.03055975666667,17.139,121.44343490669608,31.030559771204235,17.12713928665913,-2.8082514374490226,5.635160117790138,0.027212593867385948,-2.8200237683056146,5.636771901782088,0.015351880526516481,0.016788746107926848,0.011882149423490262,0.7356175171913828,0.01177232463160594,-0.0016117840085551139,0.011860713340869466,0.011882149423490262,0.016788746107926848,4,35
120975.52099990845,1.7009999752044678,121.44343290333333,31.030562578333335,17.142,121.44343276229488,31.030562599122675,17.129241313785744,-3.0112930213364666,5.947999112167837,0.03021259386738606,-3.0247585417935,5.950304032208244,0.01745390765313104,0.018692692937358847,0.013661357741328792,0.7177037095483482,0.013465512943302577,-0.002304920065927439,0.012758686214255022,0.013661357741328792,0.018692692937358847,4,35
120975.6210000515,1.8010001182556152,121.44343070166666,31.030565355,17.134,121.443430551277,31.030565357601503,17.130349636752825,-3.2214951649244825,6.255848943436856,0.022212593867386943,-3.235853481533571,6.256137372810671,0.018562230620212006,0.01481787290072445,0.014361204875138383,0.7037243219777065,0.014358308185858,-0.0002884293771820554,0.003650363247174937,0.014361204875138383,0.01481787290072445,4,36
120975.72099995613,1.9010000228881836,121.44342843166666,31.03056806833333,17.139,121.44342828492279,31.030568053227828,17.131452839823655,-3.4382213688889753,6.556676989563834,0.027212593867385948,-3.452231607863331,6.555002238019784,0.01966543369104201,0.01600159286944252,0.014109973339166944,0.6600129219592649,0.0140102303631631,0.0016747515645923862,0.007547160176343937,0.014109973339166944,0.01600159286944252,4,36
120975.82100009918,2.001000165939331,121.44342613166667,31.030570703333336,17.141,121.44342596830775,31.030570688067108,17.133515406784955,-3.6578117943044113,6.848820197824812,0.02921259386738484,-3.673408341638489,6.847127626526286,0.021728000652341706,0.017382057120928916,0.01568810932396144,0.6505384383068828,0.015596537323569295,0.0016925713205285695,0.007484593215043134,0.01568810932396144,0.017382057120928916,5,36
120975.92100000381,2.1010000705718994,121.443423805,31.030573288333336,17.143,121.44342361967044,31.03057327215837,17.134637848364264,-3.8799482000112397,7.135419890423523,0.031212593867387284,-3.8976423715571826,7.133626567374296,0.022850442231650447,0.01965260480514096,0.017784805190048988,0.6571988860877491,0.017694159714487005,0.0017933230735755624,0.008362151635736836,0.017784805190048988,0.01965260480514096,5,36
120976.02099990845,2.2009999752044678,121.44342126666668,31.03057577666667,17.152,121.44342120531505,31.030575785774978,17.135735428051465,-4.122293286171593,7.411302122417616,0.040212593867387625,-4.128150777537456,7.41231196304456,0.02394802191885148,0.01731664621734359,0.005943899018954747,0.5626527709387219,0.00585748729634676,-0.00100984064122391,0.016264571948536144,0.005943899018954747,0.01731664621734359,5,36
120976.1210000515,2.3010001182556152,121.44341877333333,31.03057820166667,17.154,121.44341872313079,31.03057823750246,17.13883222485464,-4.3603420413701715,7.680162569269667,0.042212593867386516,-4.36513508332423,7.684135693943893,0.027044818722025354,0.016395741554079662,0.0062256676949495725,0.5488868348719763,0.00479303850362038,-0.003973124733852591,0.015167775145361162,0.0062256676949495725,0.016395741554079662,4,36
120976.22099995613,2.4010000228881836,121.44341620166666,31.030580583333336,17.157,121.4434161541695,31.03058063133678,17.14002201829507,-4.605869599858159,7.944218636962481,0.04521259386738663,-4.610404348112202,7.949540792583699,0.02823461216245704,0.01836140286607924,0.006992084985005477,0.5460075028362519,0.004534744876975276,-0.005322155704062551,0.01697798170492959,0.006992084985005477,0.01836140286607924,5,36
120976.32100009918,2.501000165939331,121.44341354000001,31.03058291166667,17.158,121.44341346695208,31.03058296284406,17.140138433266195,-4.859989825128264,8.202361623209915,0.04621259386738785,-4.866964010103559,8.208035675079728,0.028351027133581397,0.019996740061617394,0.008990775656508876,0.564258019229434,0.006974179611795633,-0.005674051960291403,0.017861566733806455,0.008990775656508876,0.019996740061617394,5,36
120976.42100000381,2.6010000705718994,121.44341074833333,31.030585180000003,17.161,121.44341067084723,31.030585241486516,17.140985426866575,-5.126521683973648,8.453852391508935,0.049212593867387966,-5.133919601798342,8.460669419089054,0.029198020733961272,0.022400538065843523,0.010059869180363086,0.5709922587981582,0.007397911960181771,-0.006817027692141097,0.020014573133426694,0.010059869180363086,0.022400538065843523,4,36
120976.52099990845,2.7009999752044678,121.44340783333334,31.030587434999997,17.161,121.44340776729265,31.030587457852196,17.14170904142513,-5.404828684358068,8.703864889622926,0.049212593867387966,-5.411133858891587,8.706398519198245,0.029921635292517124,0.020452763207333226,0.006795177707599769,0.6119305603605031,0.006305169389959034,-0.0025336296181139952,0.019290958574870842,0.006795177707599769,0.020452763207333226,4,36
120976.6210000515,2.8010001182556152,121.443404795,31.030589603333336,17.163,121.44340477096715,31.03058960124364,17.142631875801335,-5.694910821422956,8.944268629418442,0.05121259386738686,-5.697205336733739,8.94403694439993,0.030844469668721786,0.020498267073324618,0.002306180746840648,0.6597868586717989,0.0022945133879388275,0.0002316850225370044,0.020368124198665072,0.002306180746840648,0.020498267073324618,4,36
120976.72099995613,2.9010000228881836,121.44340169833335,31.030591663333333,17.166,121.44340168291149,31.030591664242447,17.14362700598573,-5.990562280809956,9.172661421668495,0.05421259386738697,-5.992034667861781,9.17276221502942,0.03183959985311802,0.02242161770186463,0.0014758316997729767,0.6478264482650085,0.0014723857864315504,-0.00010079336272363313,0.022372994014268954,0.0014758316997729767,0.02242161770186463,4,36
120976.82100009918,3.001000165939331,121.44339851499998,31.030593646666663,17.17,121.44339850969178,31.030593654835684,17.14464473096952,-6.2944881633902385,9.392554157886218,0.05821259386738831,-6.2949949607727635,9.393459859408177,0.03285732483690751,0.025376501059441642,0.0010378527890717484,0.6442336403887242,0.0005067969365168303,-0.0009057015385441073,0.025355269030480798,0.0010378527890717484,0.025376501059441642,4,36
120976.92100000381,3.1010000705718994,121.44339525,31.030595613333336,17.168,121.44339525344368,31.03059556384485,17.14692447101959,-6.606211097707334,9.61059905743054,0.05621259386738586,-6.605882313452009,9.605112254386963,0.03513706488697821,0.021780519495117136,0.005496645128910435,0.7678749304963016,-0.00032878395953642793,0.0054868031476558695,0.021075528980407654,0.005496645128910435,0.021780519495117136,4,36
120977.02099990845,3.2009999752044678,121.44339188999999,31.030597424999996,17.166,121.44339189338231,31.03059737387775,17.14829580299923,-6.9270040702630125,9.811459060255501,0.05421259386738697,-6.9266811454424815,9.805791122267493,0.036508396866615556,0.018592159475889034,0.005677129779630434,0.7620946855086717,-0.0003229245239766472,0.005667938098337098,0.017704197000771416,0.005677129779630434,0.018592159475889034,5,35
120977.1210000515,3.3010001182556152,121.443388415,31.03059912166667,17.168,121.44338841562406,31.030599068763845,17.148534467453832,-7.258776562024572,9.999568981852999,0.05621259386738586,-7.258716981387032,9.993703630860123,0.03674706132121841,0.0203300971660552,0.005865653712532077,0.7722421230371863,-5.958058177309886e-05,0.005865351108809848,0.019465532546167452,0.005865653712532077,0.0203300971660552,4,35
120977.22099995613,3.4010000228881836,121.44338482833334,31.030600721666662,17.17,121.44338482716087,31.03060067243364,17.14980741177535,-7.60121033183246,10.176961441435363,0.05821259386738831,-7.601322270844008,10.171502961554005,0.038020005642735555,0.020917651716878722,0.005459627655642311,0.750609549383737,0.0001119389049200985,0.005458479991702786,0.020192588224652752,0.005459627655642311,0.020917651716878722,4,35
120977.32100009918,3.501000165939331,121.44338117333334,31.030602248333334,17.163,121.4433811199566,31.030602173986747,17.150975971991617,-7.950168162016824,10.346223414294801,0.05121259386738686,-7.95526425967152,10.337980586316075,0.03918856585900343,0.015443174105771553,0.009690943035369878,0.8138332046077502,0.005096092721317841,0.00824282814879185,0.012024028008383425,0.009690943035369878,0.015443174105771553,4,35
120977.42100000381,3.6010000705718994,121.443377355,31.03060358833333,17.155,121.44337729281601,31.0306035695688,17.151908366723813,-8.3147200981041,10.494789598921743,0.04321259386738774,-8.320657058661673,10.492709169562753,0.040120960591199406,0.007009551641471067,0.0062909155057125615,0.6829834028052286,0.005936954724479824,0.002080429402669418,0.0030916332761883325,0.0062909155057125615,0.007009551641471067,4,35
120977.52200007439,3.702000141143799,121.44337343500001,31.030604856666667,17.152,121.44337332368198,31.030604874222245,17.15216191124027,-8.688978564466202,10.635410080069944,0.040212593867387625,-8.699606554023735,10.637356472320562,0.040374505107656944,0.010805951842043103,0.010804738773465519,0.6793761942449953,0.010627978971029671,-0.0019463922919545956,-0.00016191124026931902,0.010804738773465519,0.010805951842043103,4,35
120977.62199997902,3.802000045776367,121.44336941833332,31.03060604166667,17.152,121.4433692823602,31.030606082760052,17.152542210975536,-9.072466199363804,10.766791370798558,0.040212593867387625,-9.085448109961158,10.771347406039512,0.04075480484292271,0.013768845758757794,0.01375816560397758,0.692523604188007,0.012981897502973884,-0.00455603533883927,-0.0005422109755350846,0.01375816560397758,0.013768845758757794,5,35
120977.72199988365,3.9019999504089355,121.44336528999999,31.030607161666662,17.154,121.44336512748157,31.030607229252027,17.154434476153778,-9.466615102590595,10.890966092435686,0.042212593867386516,-9.482131403361846,10.898459300956123,0.042647070021164524,0.017236358207038047,0.01723088142589131,0.6857977267518508,0.015516284939260225,-0.0074932086849901864,-0.0004344761537780073,0.01723088142589131,0.017236358207038047,5,35
120977.8220000267,4.002000093460083,121.44336092500001,31.030608258333338,17.162,121.44336086216332,31.030608299461605,17.158063507202442,-9.883359543553242,11.01255384160164,0.050212593867385635,-9.889358820122974,11.017113744477594,0.04627610106982871,0.008501760751532483,0.007535513275887757,0.759190339138359,0.005999270384726012,-0.0045599029794536235,0.003936492797556923,0.007535513275887757,0.008501760751532483,4,36
120977.92199993134,4.101999998092651,121.44335656,31.030609196666667,17.164,121.4433564923716,31.030609259617915,17.160594924434175,-10.300103986945173,11.116587127559864,0.05221259386738808,-10.306560746417203,11.123566550673473,0.048807518301561714,0.010099333888328513,0.009507996917277214,0.7490087545492268,0.0064567527531655166,-0.006979423275847546,0.0034050755658263654,0.009507996917277214,0.010099333888328513,4,36
120978.02200007439,4.202000141143799,121.44335210333332,31.030609988333335,17.166,121.44335202082478,31.030610065511613,17.160312399424438,-10.725600222557565,11.204359438661717,0.05421259386738697,-10.733477652038584,11.21291621648109,0.04852499329182436,0.012946853494390642,0.011630658412062277,0.7574588092813898,0.007877421217136266,-0.00855677801896756,0.0056876005755626124,0.011630658412062277,0.012946853494390642,4,36
120978.12199997902,4.302000045776367,121.44334755333333,31.030610631666665,17.166,121.44334745651871,31.03061073855869,17.160132559267055,-11.160007373399484,11.275685989547238,0.05421259386738697,-11.169250660937893,11.287537139024511,0.04834515313444143,0.01613427393199281,0.015029568675047006,0.7191992685460762,0.009243277776404445,-0.011851149754609549,0.005867440732945539,0.015029568675047006,0.01613427393199281,4,36
120978.22199988365,4.4019999504089355,121.44334283333335,31.030611271666665,17.167,121.44334279927895,31.030611310574947,17.15886958886451,-11.610645117321987,11.346642973944391,0.05521259386738819,-11.613896430720594,11.350956746001739,0.04708218273189502,0.009761313017143806,0.005401818822073697,0.7346727213001293,0.0032513099447601243,-0.004313772157823543,0.008130411135493176,0.005401818822073697,0.009761313017143806,4,36
120978.3220000267,4.502000093460083,121.44333810166667,31.030611813333334,17.165,121.44333807607423,31.030611829007483,17.159898920648722,-12.062396729595768,11.406697713082224,0.05321259386738575,-12.064840145485423,11.408435510462013,0.0481115145161084,0.005917027876061274,0.0029983676122280357,0.7018963035937194,0.0024434132811928058,-0.0017377974206876526,0.005101079351277349,0.0029983676122280357,0.005917027876061274,4,37
120978.42199993134,4.601999998092651,121.44333330666664,31.030612258333335,17.167,121.44333327465299,31.030612289177412,17.160888543030936,-12.520195038077414,11.456034990910181,0.05521259386738819,-12.523251513122707,11.45945468268728,0.049101136898322295,0.007641087511623145,0.004586535955984544,0.6625059519989968,0.0030564717681386506,-0.0034196918583566044,0.006111456969065898,0.004586535955984544,0.007641087511623145,4,37
120978.52200007439,4.702000141143799,121.44332839833332,31.030612545,17.166,121.44332838494725,31.030612642299563,17.16187187077898,-12.988813740326593,11.487817806940921,0.05421259386738697,-12.990091762735629,11.498605437192575,0.05008446464636762,0.011621005148214654,0.010863070918915961,0.6662327278535999,0.0012780210342210776,-0.01078763051024117,0.00412812922101935,0.010863070918915961,0.011621005148214654,4,37
120978.62199997902,4.802000045776367,121.44332340666666,31.030612713333333,17.171,121.4433234097811,31.03061284487485,17.162005178376976,-13.465388614892364,11.50648097172954,0.059212593867385976,-13.465091268010864,11.521065017205084,0.050217772244362635,0.017137375051603697,0.014587076733510404,0.6655648931476377,-0.0002973465610102334,-0.014584045825900848,0.008994821623023341,0.014587076733510404,0.017137375051603697,4,37
120978.72199988365,4.9019999504089355,121.44331834,31.030612873333332,17.177,121.44331834458345,31.030612930668028,17.161018449620375,-13.949124049158705,11.524220217476199,0.0652125938673862,-13.948686449952008,11.530576931607564,0.04923104348776164,0.01720491969370562,0.006371758715643696,0.47771191670250646,-0.0004375987345796829,-0.006356714283171429,0.015981550379624565,0.006371758715643696,0.01720491969370562,4,37
120978.8220000267,5.002000093460083,121.44331319333332,31.030612843333333,17.178,121.44331319624172,31.030612923635708,17.160125060172994,-14.440497414582087,11.52089410920725,0.06621259386738743,-14.44021973761913,11.529797256168091,0.04833765404038104,0.019971394736429386,0.008907476292372618,0.38880544208914497,-0.0002776766633584323,-0.00890314717219739,0.017874939827006386,0.008907476292372618,0.019971394736429386,4,37
120978.92199993134,5.101999998092651,121.44330798333334,31.030612843333333,17.178,121.44330796809925,31.030612886662254,17.160268973695217,-14.937917468925477,11.52089410920725,0.06621259386738743,-14.939371930285203,11.525697998917419,0.0484815675626038,0.018427753649009664,0.005019244039460537,0.3938171306700851,0.0014544597910303289,-0.004803889824291992,0.017731026304783626,0.005019244039460537,0.018427753649009664,4,37
120979.02200007439,5.202000141143799,121.443302665,31.030612711666663,17.18,121.44330264044574,31.030612765233574,17.159792416238467,-15.44568055286779,11.506296187780096,0.06821259386738632,-15.448024849081472,11.512235166300094,0.048005010105853785,0.02119230100544725,0.0063849182004256915,0.3744020897265725,0.002344293688062953,-0.005938978660530399,0.020207583761532533,0.0063849182004256915,0.02119230100544725,4,37
120979.12199997902,5.302000045776367,121.44329726833332,31.03061251,17.182,121.44329723721148,31.030612570975396,17.160401540613584,-15.960922440099509,11.483937346823643,0.07021259386738521,-15.96389377114394,11.490697706216327,0.04861413448097096,0.022825965441651438,0.007384527776160092,0.40146562397454205,0.0029713278495916463,-0.006760359553094864,0.021598459386414248,0.007384527776160092,0.022825965441651438,4,37
120979.22199988365,5.4019999504089355,121.44329179833333,31.030612131666665,17.183,121.44329177734514,31.030612264214945,17.160160232002454,-16.48316576159346,11.441991420626099,0.07121259386738643,-16.4851695911215,11.456687086583743,0.0483728258698406,0.027232938411057152,0.01483165305415122,0.34282070536548354,0.0020038273798273767,-0.014695666305090331,0.022839767997545835,0.01483165305415122,0.027232938411057152,4,37
120979.3220000267,5.502000093460083,121.443286295,31.03061180166667,17.183,121.44328627026809,31.030611853545246,17.160379366719873,-17.00859155298576,11.405404226846636,0.07121259386738643,-17.010952810465497,11.411156019308365,0.048591960587259564,0.023459575722047855,0.006217607503253486,0.37963829999600096,0.0023612549585555107,-0.005751792597548269,0.022620633280126867,0.006217607503253486,0.023459575722047855,4,37
120979.42199993134,5.601999998092651,121.44328071833334,31.030611328333332,17.184,121.44328069224632,31.030611358826892,17.160519748317625,-17.541018778640286,11.352925623288659,0.07221259386738765,-17.54350941253744,11.356306453232898,0.0487323421850121,0.023852787567606934,0.0041991970277285035,0.475619992592427,0.0024906312507602516,-0.0033808300238876727,0.023480251682375552,0.0041991970277285035,0.023852787567606934,4,37
120979.52200007439,5.702000141143799,121.44327507000001,31.030610754999998,17.185000000000002,121.44327504229791,31.03061079091671,17.15875691474276,-18.08028831311869,11.289359991932434,0.07321259386738888,-18.082933145864736,11.293342088193976,0.046969508610146704,0.026674927191261903,0.004780399234398982,0.5196849761159623,0.0026448299507728177,-0.003982096353899216,0.02624308525724217,0.004780399234398982,0.026674927191261903,4,37
120979.62199997902,5.802000045776367,121.443269335,31.030610113333335,17.177,121.4432693027006,31.03061016297823,17.15762394602703,-18.627832273219664,11.218218224291096,0.0652125938673862,-18.63091602913259,11.223722368218953,0.04583653989441672,0.020377355075710615,0.006309130868682508,0.44634730714391607,0.003083752673448955,-0.005504144053997763,0.019376053972969487,0.006309130868682508,0.020377355075710615,4,37
120979.72199988365,5.9019999504089355,121.44326353,31.030609376666668,17.178,121.44326347915525,31.030609447988677,17.155058708212724,-19.182059416706174,11.136543779289326,0.06621259386738743,-19.186913773807078,11.144451271183105,0.043271302080110985,0.0247466368100295,0.009278640231119514,0.3147426590766369,0.0048543520357257255,-0.007907492070928373,0.02294129178727644,0.009278640231119514,0.0247466368100295,4,36
120979.8220000267,6.002000093460083,121.44325763833334,31.030608594999997,17.179000000000002,121.44325757832189,31.030608660541677,17.15520232218166,-19.744560983385963,11.049880171178877,0.06721259386738865,-19.750290521895266,11.057146795812082,0.043414916049044905,0.025533524022855237,0.009253722466123332,0.4158949042209941,0.0057295325782055215,-0.007266624795275814,0.023797677818343743,0.009253722466123332,0.025533524022855237,5,36
120979.92199993134,6.101999998092651,121.44325169166665,31.030607713333332,17.18,121.44325163149644,31.030607795632825,17.154751977739974,-20.312313626369743,10.952129534564921,0.06821259386738632,-20.31805832361583,10.961254102924261,0.042964571607360114,0.02745399530455837,0.010782357355417889,0.3863310955367904,0.00574469135080009,-0.009124568560977384,0.025248022260026204,0.010782357355417889,0.02745399530455837,4,36
120980.02200007439,6.202000141143799,121.44324570666667,31.030606776666666,17.179000000000002,121.44324564097806,31.030606876639506,17.15276997274978,-20.88372610827906,10.848281031850885,0.06721259386738865,-20.889997668799626,10.859365049607888,0.04098256661716704,0.029158226555640526,0.01273529922391665,0.3842303859079229,0.0062715541428768696,-0.011084017996902387,0.02623002725022161,0.01273529922391665,0.029158226555640526,5,36
120980.12199997902,6.302000045776367,121.44323961166668,31.03060584,17.171,121.4432395861936,31.030605884355047,17.149119424886766,-21.465640740367068,10.744432529136848,0.059212593867385976,-21.46807276048201,10.749350186134539,0.03733201875415304,0.022557872873347238,0.005486170001400477,0.6531580042314487,0.0024320176655866603,-0.004917657100545027,0.021880575113232936,0.005486170001400477,0.022557872873347238,4,36
120980.22300004959,6.403000116348267,121.44323348166667,31.030604755,17.167,121.44323340293248,31.03060479816799,17.14481191229815,-22.050896967791775,10.624138267616996,0.05521259386738819,-22.058414044462268,10.628924315004431,0.03302450616553543,0.02391074686071852,0.00891137360748895,0.6398354653274371,0.007517069180078035,-0.004786047483484841,0.022188087701852766,0.00891137360748895,0.02391074686071852,4,36
120980.32299995422,6.503000020980835,121.44322729833333,31.030603600000003,17.164,121.44322723502789,31.030603654742748,17.14331889001675,-22.641245148511413,10.496083085862589,0.05221259386738808,-22.64728917736463,10.50215242991769,0.0315314838841374,0.022384714911732287,0.00856546271606029,0.679034299527772,0.006044022901418804,-0.006069344174401708,0.02068110998325068,0.00856546271606029,0.022384714911732287,4,36
120980.42300009727,6.603000164031982,121.44322111833331,31.03060238666667,17.165,121.44322104175576,31.030602435681754,17.1454995299926,-23.231275080783643,10.36156047081447,0.05321259386738575,-23.23858625370883,10.366994787145433,0.0337121238599849,0.021523319245172767,0.009109607061782873,0.6222553539043424,0.00731116582119717,-0.005434316438618815,0.01950047000740085,0.009109607061782873,0.021523319245172767,5,37
120980.52300000191,6.703000068664551,121.44321489833334,31.03060113166667,17.172,121.44321484086855,31.030601140722766,17.149248636694725,-23.82512397499047,10.2224182598513,0.0602125938673872,-23.830610373677967,10.22342231172039,0.037461230562112036,0.0234250542231625,0.005577511372420687,0.768650259280567,0.005486393434026849,-0.0010040518893708464,0.022751363305275163,0.005577511372420687,0.0234250542231625,5,37
120980.62299990654,6.802999973297119,121.44320866333334,31.030599745000004,17.177,121.4432086044157,31.03059976209253,17.151453743331544,-24.420404981137406,10.068678128166235,0.0652125938673862,-24.426030089554295,10.070573181159041,0.039666337198930535,0.026226784797233327,0.005935740141698718,0.7676107825851258,0.005625103113560131,-0.0018950530313396605,0.02554625666845567,0.005935740141698718,0.026226784797233327,5,37
120980.72300004959,6.903000116348267,121.443202345,31.030598289999997,17.181,121.44320229094657,31.030598317343383,17.153837006998614,-25.023642164459503,9.907361858785539,0.06921259386738754,-25.028802866512585,9.910393428030416,0.04204960086600096,0.02781458965259639,0.005985249263727099,0.7389794869777371,0.005160697267419135,-0.0030315693069759182,0.02716299300138658,0.005985249263727099,0.02781458965259639,5,37
120980.82299995422,7.003000020980835,121.44319593833333,31.030596791666667,17.191000000000003,121.44319587230156,31.030596809713124,17.159009410675495,-25.63531289155466,9.74124121236138,0.0792125938673891,-25.64161721583852,9.743242027963147,0.04722200454288128,0.032667193035987106,0.006614204073139158,0.7132995096089422,0.006304318542095603,-0.002000815643911301,0.03199058932450782,0.006614204073139158,0.032667193035987106,5,37
120980.92300009727,7.103000164031982,121.44318942,31.03059522333333,17.202,121.44318937545069,31.030595251871155,17.16691056013323,-26.257644894266857,9.56735964429215,0.09021259386738834,-26.261898200166595,9.57052364124659,0.05512315400061496,0.03548760693666503,0.0053010806376936805,0.7967111433642033,0.004253302100464117,-0.0031639970242587734,0.035089439866773375,0.0053010806376936805,0.03548760693666503,5,37
120981.02300000191,7.203000068664551,121.44318294166666,31.030593651666663,17.204,121.44318282974383,31.030593698928495,17.172641920665214,-26.87615793261518,9.393108509029291,0.09221259386738723,-26.886843663841702,9.398348442143854,0.06085451453260049,0.03354058275618096,0.011901325642861988,0.5055344500590008,0.010685721864444256,-0.005239933233656918,0.03135807933478674,0.011901325642861988,0.03354058275618096,5,37
120981.12299990654,7.302999973297119,121.44317634,31.030592119999998,17.21,121.4431762358539,31.03059218330486,17.177888147202538,-27.50644611007325,9.22329218573204,0.09821259386738745,-27.516389364428882,9.230310814139168,0.06610074106992414,0.03434094311943801,0.012170837450501267,0.4940110855922403,0.009943245809681582,-0.00701862857079457,0.032111852797463314,0.012170837450501267,0.03434094311943801,5,37
120981.22300004959,7.403000116348267,121.44316973333335,31.030590551666666,17.217,121.44316964750286,31.030590618971846,17.18490278457727,-28.13721165412922,9.049410618368068,0.10521259386738535,-28.145406243738083,9.056872763093606,0.07311537844465832,0.033956825974488736,0.011083085868510036,0.5555350231196232,0.00819458270877614,-0.007462144905976694,0.03209721542272703,0.011083085868510036,0.033956825974488736,5,37
120981.32299995422,7.503000020980835,121.44316313666668,31.030588778333335,17.223,121.44316311007084,31.030588886624077,17.191342347570792,-28.767022460130832,8.852800642854014,0.11121259386738558,-28.769561674864217,8.864806867991753,0.07955494143817887,0.03395296757903545,0.012271798975479312,0.7044912702351641,0.0025392126438178015,-0.01200622543699938,0.031657652429206706,0.012271798975479312,0.03395296757903545,5,37
120981.42300009727,7.603000164031982,121.44315650166666,31.030587106666665,17.224,121.44315651725962,31.030587119745597,17.225347695586233,-29.40049310991654,8.667462478382392,0.1122125938673868,-29.399004385924837,8.668912543183295,0.11356028945361984,0.002476947118406531,0.0020782164550956633,0.8502182400992424,-0.0014887228020131794,-0.0014500648444109024,-0.0013476955862330442,0.0020782164550956633,0.002476947118406531,4,37
120981.52300000191,7.703000068664551,121.44314982666668,31.030585351666666,17.222,121.44314981831782,31.030585361783377,17.223978979663375,-30.037782719207552,8.47288512419644,0.11021259386738791,-30.03857981854583,8.474006766556798,0.1121915735307617,0.0024103544406429644,0.0013760261703471375,0.6299942800992044,0.0007970987157595706,-0.0011216423934635549,-0.001978979663373792,0.0013760261703471375,0.0024103544406429644,4,37
120981.62299990654,7.802999973297119,121.44314298666669,31.030583566666664,17.222,121.44314300568102,31.03058357236341,17.22452444254314,-30.69082555498126,8.274981661036282,0.11021259386738791,-30.689010179646235,8.27561326050117,0.11273703641052535,0.003172902558269358,0.0019221083451954556,0.703470405718681,-0.0018153739513466973,-0.0006315994834085057,-0.0025244425431374395,0.0019221083451954556,0.003172902558269358,4,37
120981.72300004959,7.903000116348267,121.44313617833335,31.030581560000005,17.224,121.44313614874581,31.03058163214914,17.22451464809009,-31.340845046294962,8.052501951642126,0.1122125938673868,-31.343669891469546,8.060501146826166,0.11272724195747585,0.008498925131018712,0.008483328693739807,0.48335597046525136,0.0028248430787506345,-0.007999195416194291,-0.0005146480900890538,0.008483328693739807,0.008498925131018712,4,36
120981.82299995422,8.003000020980835,121.44312930666668,31.03057957333333,17.222,121.44312928808519,31.030579665760325,17.222051192810024,-31.996911231387237,7.832239646115001,0.11021259386738791,-31.998685282159546,7.842487053657563,0.11026378667741099,0.01039996344207061,0.010399837445489573,0.4945820767483591,0.0017740494918491285,-0.010247407832865683,-5.119281002308185e-05,0.010399837445489573,0.01039996344207061,4,36
120981.92300009727,8.103000164031982,121.44312243333334,31.030577660000002,17.222,121.44312245501041,31.03057767572857,17.215208535785344,-32.6531365370593,7.620107830131834,0.11021259386738791,-32.651066939505476,7.621851660994014,0.10342112965273031,0.007310824880914262,0.0027063211672712353,0.6194193314417169,-0.002069596100851798,-0.0017438309091650415,0.006791464214657594,0.0027063211672712353,0.007310824880914262,4,36
120982.02300000191,8.20300006866455,121.44311553833334,31.030575634999998,17.22,121.44311558026027,31.030575686987262,17.208960651779588,-33.311430451566274,7.395595497999059,0.10821259386738546,-33.30742751503973,7.401359340499375,0.0971732456469745,0.013081000350728577,0.007017503904115072,0.6402965674643305,-0.004002933795536012,-0.005763842648166755,0.011039348220410972,0.007017503904115072,0.013081000350728577,4,36
120982.12299990654,8.30299997329712,121.44310853999998,31.03057361666667,17.216,121.44310859919902,31.030573682782446,17.205350137538854,-33.97959002178643,7.171822301664058,0.10421259386738768,-33.97393804790959,7.17915257653913,0.09356273140624083,0.014110183176166066,0.009256224868898495,0.5990052076181334,-0.0056519701359186774,-0.007330275056660451,0.010649862461146853,0.009256224868898495,0.014110183176166066,4,36
120982.22300004959,8.403000116348267,121.44310142833335,31.03057156666667,17.216,121.44310151167565,31.030571645207235,17.20461664977297,-34.658569988203396,6.944538212405407,0.10421259386738768,-34.65061295592001,6.953246027577807,0.09282924364035594,0.016392711575169375,0.011795775955630406,0.6291531232611294,-0.00795702718528765,-0.008707815384355696,0.011383350227031741,0.011795775955630406,0.016392711575169375,4,36
120982.32299995422,8.503000020980835,121.44309438333333,31.030569511666666,17.208,121.44309434537902,31.0305695605941,17.204500890529136,-35.331185017252956,6.716699771298425,0.09621259386738501,-35.33480866955299,6.722124369879085,0.09271348439652272,0.007402761511753369,0.006523581141583112,0.4540028546777554,0.003623650057209404,-0.005424598710845357,0.003499109470862294,0.006523581141583112,0.007402761511753369,5,36
120982.42300009727,8.603000164031982,121.44308713000001,31.030567429999998,17.205,121.4430871106015,31.03056745986303,17.203450510597904,-36.02369048073791,6.485904789821383,0.0932125938673849,-36.025542535843236,6.489215712474572,0.09166310446529025,0.004097954459790065,0.0037937202515880967,0.45113996487887825,0.00185205399934989,-0.0033109227310225363,0.0015494894020946504,0.0037937202515880967,0.004097954459790065,5,35
120982.52300000191,8.70300006866455,121.44307978333333,31.03056530666667,17.208,121.443079799114,31.030565325312658,17.20015311605921,-36.72510686188168,6.250490213134547,0.09621259386738501,-36.72360021705645,6.252557499305014,0.08836570992659531,0.008253316660696116,0.002558055574357379,0.5343887158363714,-0.0015066439583495978,-0.0020672862173074912,0.007846883940789695,0.002558055574357379,0.008253316660696116,4,36
120982.62299990654,8.80299997329712,121.44307237333332,31.030563116666666,17.203,121.4430724091137,31.030563148496483,17.19624608172148,-37.43256993680403,6.007684283406783,0.091212593867386,-37.42915383773364,6.011213264082958,0.08445867558886633,0.008350978218912949,0.004911560352865094,0.5079308651203389,-0.003416097180467892,-0.0035289807527720523,0.006753918278519677,0.004911560352865094,0.008350978218912949,5,36
120982.72300004959,8.903000116348267,121.44306489,31.030560923333336,17.199,121.44306495971368,31.03056095900086,17.19224464217038,-38.14703444355932,5.764508786485391,0.08721259386738822,-38.14037859205639,5.768463254969125,0.08045723603776622,0.010274871932352376,0.007741972217723813,0.5906467887500653,-0.0066558479687144415,-0.003954468565732596,0.006755357829622,0.007741972217723813,0.010274871932352376,5,36
120982.82399988174,9.003999948501587,121.443057405,31.030558716666665,17.21,121.44305740112344,31.030558734214214,17.188593394042414,-38.86165807332367,5.5198550186737085,0.09821259386738745,-38.86202818457099,5.521800520183444,0.07680598790980042,0.02149801705027517,0.00198039351405758,0.5451840010678374,0.00037011105919196183,-0.0019455015482864907,0.021406605957587033,0.00198039351405758,0.02149801705027517,4,37
120982.9240000248,9.104000091552734,121.44304989333332,31.03055647333333,17.203,121.44304991480472,31.03055651731564,17.18427005888136,-39.57882768095013,5.271136006795306,0.091212593867386,-39.57677771930486,5.27601233849386,0.07248265274874655,0.019462570351817313,0.005289702297080346,0.5274870554318035,-0.0020499606493156446,-0.004876331790187628,0.01872994111863946,0.005289702297080346,0.019462570351817313,5,36
120983.02399992943,9.203999996185303,121.44304235833333,31.030554238333334,17.2,121.4430424087289,31.030554299632918,17.18138568685376,-40.29822501799128,5.02334091466412,0.08821259386738589,-40.293413545053895,5.030137217531963,0.06959828072114504,0.020391974858375003,0.008327063391033089,0.5652966823077585,-0.0048114707091084135,-0.006796302990131861,0.018614313146240846,0.008327063391033089,0.020391974858375003,5,36
120983.12400007248,9.30400013923645,121.44303478333335,31.030551971666668,17.198,121.44303486800267,31.030552049362488,17.180271130417047,-41.021441314537746,4.772034930314542,0.086212593867387,-41.013357587767295,4.780649087926697,0.06848372428443383,0.021304063266707,0.011813140775530123,0.5411437959808747,-0.008083723215382982,-0.00861415776263534,0.017728869582953166,0.011813140775530123,0.021304063266707,5,36
120983.22399997711,9.404000043869019,121.44302722333332,31.030549715,17.194000000000003,121.44302727852842,31.030549775258446,17.179678403724598,-41.74322550643195,4.5218376482511085,0.08221259386738922,-41.73795580480186,4.528518519422494,0.06789099759198436,0.016658688218566725,0.008509040679637366,0.5558621060017571,-0.005269699437299651,-0.006680871285112989,0.014321596275404858,0.008509040679637366,0.016658688218566725,4,36
120983.32399988174,9.503999948501587,121.443019605,31.03054742,17.193,121.44301962869905,31.030547474136295,17.179352701923467,-42.4705790157897,4.267390338876768,0.081212593867388,-42.46831637026543,4.273392445042438,0.06756529579085324,0.015079575098933755,0.006414424399320162,0.5600303470103934,-0.00226264463703962,-0.006002106265392979,0.013647298076534753,0.006414424399320162,0.015079575098933755,4,37
120983.4240000248,9.604000091552734,121.44301192666666,31.030545111666665,17.189999999999998,121.44301192488301,31.030545163765133,17.179699130450125,-43.20366097290791,4.011464758612139,0.07821259386738433,-43.2038312657682,4.017240930433218,0.06791172431751136,0.011811057324196518,0.0057786816517226515,0.6175564727319818,0.0001702927976407153,-0.005776171915293704,0.01030086954987297,0.0057786816517226515,0.011811057324196518,5,36
120983.52399992943,9.703999996185303,121.443004185,31.030542781666668,17.189,121.44300419709685,31.030542844778196,17.17863930384376,-43.94278962137541,3.7531369891205197,0.07721259386738666,-43.941634685965596,3.7601341819152863,0.06685189771114608,0.012555421469555607,0.007091867415303221,0.6202930844562076,-0.0011549350126687655,-0.00699719290521216,0.010360696156240579,0.007091867415303221,0.012555421469555607,4,36
120983.62400007248,9.80400013923645,121.44299646333333,31.030540443333333,17.186,121.44299646295181,31.030540506280683,17.17563358236787,-44.6800087913049,3.493885299881684,0.07421259386738654,-44.680045216000295,3.5008642906721255,0.06384617623525557,0.012496809800527987,0.006979085947802647,0.6324958657182149,3.642468374392109e-05,-0.0069789908947662715,0.010366417632130975,0.006979085947802647,0.012496809800527987,4,37
120983.72399997711,9.904000043869019,121.44298869666666,31.030538099999998,17.185,121.44298872186913,31.030538163284582,17.172510901585575,-45.42152429219616,3.2340792594997767,0.07321259386738532,-45.41911810995372,3.2410956395443264,0.06072349545296163,0.014525731619428299,0.007417499570239198,0.6618574110739224,-0.0024061815304153617,-0.007016380143434838,0.012489098414423694,0.007417499570239198,0.014525731619428299,5,35
120983.82399988174,10.003999948501587,121.44298095,31.030535741666668,17.188,121.44298098680504,31.030535816150184,17.16966207703712,-46.16113031212013,2.972610165688653,0.07621259386738544,-46.157616385753236,2.9808681743463326,0.05787467090450704,0.02041621412487908,0.008974540690221942,0.6206179081406961,-0.003513925411667828,-0.008258008767353327,0.018337922962878395,0.008974540690221942,0.02041621412487908,5,35
120983.9240000248,10.104000091552734,121.44297318,31.03053341166667,17.185,121.44297323769655,31.03053348127818,17.167826673458883,-46.9029640614588,2.714282396197034,0.07321259386738532,-46.89745553684588,2.72200024420833,0.05603926732626974,0.019617139248491143,0.009482036058089354,0.6379496769154678,-0.0055085232482810585,-0.007717848108770592,0.017173326541115586,0.009482036058089354,0.019617139248491143,5,35
120984.02399992943,10.203999996185303,121.44296540333335,31.03053106166667,17.182,121.44296548783358,31.03053114102258,17.1650685761473,-47.645434305262995,2.453737220722611,0.07021259386738521,-47.63736672108964,2.4625354330474143,0.05328117001468513,0.020716359257770187,0.011937102965846418,0.6448473467101917,-0.008067582368529664,-0.008798212428908993,0.016931423852700078,0.011937102965846418,0.020716359257770187,4,35
120984.12400007248,10.30400013923645,121.44295767166668,31.030528718333336,17.177999999999997,121.4429577288841,31.03052878930261,17.163697083164603,-48.383608213246845,2.193931180340704,0.06621259386738387,-48.37814543206559,2.20179956426657,0.05190967703198979,0.017214147185793557,0.00957880124723155,0.7006088376676869,-0.005462780092213078,-0.007868384014401252,0.014302916835394086,0.00957880124723155,0.017214147185793557,4,35
120984.22399997711,10.404000043869019,121.44294991999999,31.03052634666667,17.179,121.44294998784711,31.030526410098044,17.163569302344097,-49.12369160705657,1.9309838149340333,0.0672125938673851,-49.11721396302362,1.9380164702179885,0.05178189621148377,0.01815281050243218,0.009561281242039341,0.7061029254923363,-0.006477642902469863,-0.007032655360349687,0.015430697655901326,0.009561281242039341,0.01815281050243218,4,35
120984.32399988174,10.503999948501587,121.44294218333334,31.030523949999996,17.177,121.4429422725656,31.03052402290184,17.16135752309503,-49.8623428840676,1.6652646924014867,0.0652125938673862,-49.85382351366467,1.673347340767431,0.04957011696241764,0.019560059814706036,0.011743460147350235,0.7213056356309778,-0.008519369125671942,-0.008082648447937772,0.01564247690496856,0.011743460147350235,0.019560059814706036,4,35
120984.4240000248,10.604000091552734,121.44293444333334,31.030521571666668,17.173,121.4429345565316,31.030521656262042,17.158373697323018,-50.60131240952604,1.401578192607559,0.06121259386738487,-50.59050490797262,1.4109573062189813,0.046586291190404694,0.020462125115524206,0.01430978106907052,0.6994519244261769,-0.010807500195291508,-0.009379113698719249,0.014626302676980174,0.01430978106907052,0.020462125115524206,4,35
120984.52399992943,10.703999996185303,121.44292677,31.03051926166667,17.168,121.44292685384305,31.030519306494845,17.1576038772347,-51.33391699761707,1.1454678290987443,0.05621259386738586,-51.32591215700999,1.1504379417776975,0.04581647110208564,0.01403063965752887,0.009422286381140637,0.7416014021595623,-0.008004839796704128,-0.004970112722799167,0.01039612276530022,0.009422286381140637,0.01403063965752887,4,35
120984.62400007248,10.80400013923645,121.44291912833333,31.030516831666667,17.166,121.44291918408776,31.030516914240597,17.1567399038223,-52.06349823638952,0.8760530303983629,0.05421259386738697,-52.05817513422226,0.8852080257046049,0.044952497689685345,0.014067648489571065,0.010590059150252504,0.7764892492699683,-0.005323101760696493,-0.009154995382364573,0.009260096177701627,0.010590059150252504,0.014067648489571065,4,35
120984.72399997711,10.904000043869019,121.44291148166667,31.03051444833333,17.162,121.44291155515657,31.030514548417038,17.154029910656224,-52.79355684661843,0.611812178050847,0.050212593867385635,-52.7865404649672,0.6229084877499391,0.042242504523610336,0.015358386024768356,0.013128507041474263,0.758253563698421,-0.007016381285798867,-0.011096309782550719,0.0079700893437753,0.013128507041474263,0.015358386024768356,5,35
120984.82399988174,11.003999948501587,121.44290384333333,31.03051208,17.157,121.44290393048708,31.03051220376944,17.151903909803327,-53.52281984180205,0.34923438124832135,0.04521259386738663,-53.514498914810986,0.36295673471308254,0.0401165036707134,0.01683778324478926,0.01604807805644891,0.7598931913797725,-0.008320926758749321,-0.013722353558388096,0.005096090196673231,0.01604807805644891,0.01683778324478926,5,35
120984.9240000248,11.104000091552734,121.44289623833335,31.03050974833333,17.149,121.44289630451094,31.030509839690875,17.146899341104827,-54.248900362228746,0.09072182710200116,0.03721259386738751,-54.242582115714036,0.10085066454990173,0.03511193497221399,0.01212131823292754,0.011937905507668838,0.7064469641336273,-0.006318246489410538,-0.010128837505315277,0.002100658895173524,0.011937905507668838,0.01212131823292754,5,36
120985.02399992943,11.203999996185303,121.44288866333333,31.03050737833333,17.153,121.44288870182028,31.03050746396137,17.14099211970359,-54.97211666363378,-0.17204075364996788,0.041212593867385294,-54.96844215668699,-0.16254714845103269,0.029204713570976537,0.01574229117736911,0.0101799087569679,0.7001208052981658,-0.003674507019889044,-0.009493605240422516,0.012007880296408757,0.0101799087569679,0.01574229117736911,4,35
120985.12400007248,11.30400013923645,121.44288110666666,31.030504985,17.147,121.44288116676717,31.030505089993582,17.136479817098394,-55.69358260465129,-0.43739030828362774,0.03521259386738507,-55.6878445636454,-0.4257496395371387,0.024692410965780454,0.01670642198445732,0.012978069472750747,0.7025696070403431,-0.005738041258306906,-0.0116406687848041,0.010520182901604613,0.012978069472750747,0.01670642198445732,5,35
120985.22399997711,11.404000043869019,121.44287364499999,31.03050268333333,17.142,121.44287370557869,31.030502760031744,17.15498373333971,-56.40597850743023,-0.6925767534557418,0.03021259386738606,-56.40019481044692,-0.6840731781858753,0.04319632720709521,0.016563190520313135,0.0102840628535378,0.7175333670391637,-0.005783697395283597,-0.008503575319552698,-0.012983733339709147,0.0102840628535378,0.016563190520313135,4,35
120985.32399988174,11.503999948501587,121.44286623333333,31.030500351666667,17.134,121.4428663073045,31.030500439986902,17.148680359440995,-57.11360070293235,-0.9510893061915459,0.022212593867386943,-57.10653837378954,-0.9412972167551568,0.03689295330838149,0.019007221576406986,0.012073173515601993,0.6932482533097629,-0.007062329810082518,-0.009792089480363893,-0.01468035944099455,0.012073173515601993,0.019007221576406986,4,35
120985.42499995232,11.605000019073486,121.44285878333334,31.030498019999996,17.13,121.44285881613823,31.030498076031186,17.144016083987797,-57.82488273978929,-1.209601860337866,0.018212593867385607,-57.821750723705705,-1.2033896662701322,0.03222867785518346,0.0156477312355983,0.006957074275046607,0.7249839008950504,-0.003132016454568136,-0.0062121940887926,-0.014016083987797856,0.006957074275046607,0.0156477312355983,4,35
120985.52500009537,11.705000162124634,121.44285140833333,31.030495684999998,17.125999999999998,121.44285139172705,31.03049574096219,17.141067270426316,-58.52900422180423,-1.468483980972557,0.014212593867384271,-58.530589692060715,-1.4622794368386025,0.029279864293702218,0.01637170494656534,0.006403911676280101,0.7244356749831958,0.001585470482234303,-0.00620454414985987,-0.015067270426317947,0.006403911676280101,0.01637170494656534,5,35
120985.625,11.805000066757202,121.44284404333332,31.030493343333333,17.122,121.44284401831067,31.03049339105587,17.13952319036798,-59.23217096090623,-1.728105237405021,0.010212593867386488,-59.23455997782269,-1.7228142259781154,0.027735784235368044,0.018459805156925108,0.0058053600886695325,0.7563943855979555,0.002389017314704215,-0.0052910114372547515,-0.017523190367981556,0.0058053600886695325,0.018459805156925108,4,35
120985.72499990463,11.90499997138977,121.44283670666667,31.030490998333335,17.115,121.4428366952231,31.03049105256612,17.135322184801204,-59.932632599137065,-1.988096061031114,0.0032125938673850385,-59.93372516509045,-1.9820832568064874,0.02353477866859066,0.021221185419826587,0.006111261369660744,0.7667064944214675,0.001092566161490932,-0.006012804230230074,-0.020322184801205623,0.006111261369660744,0.021221185419826587,5,35
120985.82500004768,12.005000114440918,121.44282939166666,31.030488641666672,17.105999999999998,121.4428293888583,31.030488713428934,17.128569198610165,-60.63102563339154,-2.2493803715980523,-0.005787406132615303,-60.631293760836186,-2.2414240687964773,0.01678179247755196,0.023932057422426278,0.007960819465678943,0.7032952645830255,0.0002681275019828647,-0.007956302797644971,-0.022569198610167263,0.007960819465678943,0.023932057422426278,4,35
120985.92499995232,12.105000019073486,121.44282204999999,31.030486296666663,17.104,121.44282204494837,31.030486352353734,17.124324763831872,-61.33196464550813,-2.5093711966346612,-0.007787406132614194,-61.33244694355405,-2.503197154910217,0.012537357699258678,0.02124729223773747,0.006192850927836978,0.7062757439891458,0.00048229816063655726,-0.006174041715007918,-0.020324763831872872,0.006192850927836978,0.02124729223773747,4,35
120986.02500009537,12.205000162124634,121.44281465500002,31.030483898333333,17.099,121.44281467500399,31.03048397015038,17.12181976767047,-62.03799560363179,-2.7752751017061352,-0.0127874061326132,-62.03608574369607,-2.767312725222463,0.01003236153785636,0.024244356093722885,0.00818822360863638,0.6941654433356929,-0.001909860436769789,-0.007962376465421094,-0.02281976767046956,0.00818822360863638,0.024244356093722885,4,35
120986.125,12.305000066757202,121.44280729333335,31.030481538333333,17.092,121.44280729120254,31.030481610793515,17.11851681575382,-62.74084409671566,-3.03692898017196,-0.01978740613261465,-62.741047534736964,-3.028895299281094,0.006729409621208049,0.02770781357343891,0.008036256298691933,0.7052445012048314,0.00020343807957529962,-0.008033680865334673,-0.026516815753822698,0.008036256298691933,0.02770781357343891,4,35
120986.22499990463,12.40499997138977,121.44279990000001,31.030479178333334,17.084,121.44279991769858,31.030479258053067,17.114000567393525,-63.44671593668884,-3.298582858637785,-0.027787406132613768,-63.44502618209702,-3.2897443090803358,0.0022131612609115336,0.03132106757282051,0.008998623781875471,0.6611966617219052,-0.001689755116247832,-0.008838549519850476,-0.0300005673935253,0.008998623781875471,0.03132106757282051,5,35
120986.32500004768,12.505000114440918,121.442792565,31.03047685166667,17.079,121.44279254360835,31.03047692172688,17.113008593988695,-64.14701845191061,-3.556541060230517,-0.03278740613261277,-64.14906080260678,-3.5487734647287694,0.00122118785608194,0.0349441154351968,0.008031608709373037,0.7227011151961946,0.0020423513795641474,-0.007767595464676905,-0.03400859398869471,0.008031608709373037,0.0349441154351968,5,35
120986.42499995232,12.605000019073486,121.44278517,31.030474498333334,17.076,121.4427851693427,31.030474562052078,17.112956374220772,-64.85304941732213,-3.817455803603827,-0.03578740613261289,-64.85311217060554,-3.8103912882886664,0.001168968088158806,0.037625588495697304,0.007064793988633397,0.742281849511101,6.275330595661486e-05,-0.00706451527880166,-0.03695637422077169,0.007064793988633397,0.037625588495697304,5,35
120986.52500009537,12.705000162124634,121.44277776166668,31.03047213,17.073999999999998,121.44277778637758,31.03047219226212,17.114152099528987,-65.56035336437685,-4.0800336011116105,-0.03778740613261533,-65.5579941134863,-4.073130582125962,0.002364693396373241,0.040809420925026464,0.007295048982027704,0.7368104298623412,-0.0023592517969785016,-0.006903018948882956,-0.04015209952898857,0.007295048982027704,0.040809420925026464,4,35
120986.625,12.805000066757202,121.44277030833334,31.03046981,17.078,121.44277035112361,31.03046982421985,17.11691846158601,-66.2719536496812,-4.337252668317086,-0.033787406132613995,-66.2678682875234,-4.33567610914237,0.005131055453396982,0.03916404459006438,0.00437901089639421,0.6613069275247373,-0.004085363830248063,-0.0015765591664254446,-0.03891846158601098,0.00437901089639421,0.03916404459006438,5,35
120986.72499990463,12.90499997138977,121.44276282333334,31.030467435,17.078,121.44276291261875,31.030467438615485,17.119139014360478,-66.98657728187482,-4.600569600917384,-0.033787406132613995,-66.97805283669607,-4.600168750593613,0.0073516082278644035,0.042014823720998566,0.00853386839334519,0.7347373863727092,-0.008524448883920002,-0.000400850321655176,-0.0411390143604784,0.00853386839334519,0.042014823720998566,5,35
120986.82500004768,13.005000114440918,121.44275545999999,31.030465016666668,17.093,121.44275547513361,31.030465026702192,17.12368378712805,-67.68958489796776,-4.868690911971663,-0.018787406132613427,-67.68814002985349,-4.8675782708194575,0.011896380995437994,0.030737931105258104,0.0018236271855891276,0.7193403609647736,-0.0014448687797389691,-0.0011126411467114387,-0.03068378712805142,0.0018236271855891276,0.030737931105258104,5,35
120986.92499995232,13.105000019073486,121.44274802,31.030462611666668,17.105,121.44274806674117,31.03046261785251,17.125781103159547,-68.39991219434106,-5.1353339535461675,-0.006787406132612972,-68.39544962256593,-5.1346481274971225,0.013993697026933205,0.021265915736219717,0.0045149666191786255,0.7140239742832966,-0.004462573944197813,-0.0006858260456296769,-0.020781103159546177,0.0045149666191786255,0.021265915736219717,5,35
120987.02500009537,13.205000162124634,121.44274057166668,31.030460215,17.105,121.4427406514276,31.030460220073905,17.126150984554037,-69.11103510575965,-5.401053075373456,-0.006787406132612972,-69.1034200050206,-5.400490530542669,0.014363578421423995,0.022487116819179427,0.0076358545844137145,0.6164473000553785,-0.007615104631652606,-0.000562544827809267,-0.021150984554036967,0.0076358545844137145,0.022487116819179427,4,35
120987.125,13.305000066757202,121.44273308666668,31.030457833333337,17.105,121.44273321274953,31.030457827537052,17.129111928226287,-69.82565873795328,-5.665109143066271,-0.006787406132612972,-69.8136210903345,-5.6657517791139655,0.017324522093673522,0.026957432733663435,0.012054795593472228,0.699403413731497,-0.012037654078552644,0.0006426360443534997,-0.024111928226286494,0.012054795593472228,0.026957432733663435,4,35
120987.22499990463,13.40499997138977,121.44272561999999,31.030455373333332,17.122,121.44272577617944,31.030455402812,17.133400420056187,-70.53853201218868,-5.937850050740859,0.010212593867386488,-70.52362091912478,-5.934581742598473,0.021613013923573732,0.019052358437210006,0.015265083837385597,0.6783891457405007,-0.014911101453397482,-0.0032683081263703523,-0.011400420056187244,0.015265083837385597,0.019052358437210006,4,35
120987.32500004768,13.505000114440918,121.44271825666668,31.030452955,17.128999999999998,121.44271834853674,31.030452983217398,17.138222293803235,-71.24153962585234,-6.205971362500394,0.017212593867384385,-71.23276841392966,-6.202842891508365,0.02643488767062152,0.013106192537232055,0.009312442205445956,0.6296559623800854,-0.008771217086026883,-0.0031284709778997824,-0.009222293803237136,0.009312442205445956,0.013106192537232055,4,35
120987.42499995232,13.605000019073486,121.44271085,31.030450531666663,17.133,121.44271093281412,31.030450581482462,17.14250486660465,-71.94868445475656,-6.4746470261082605,0.02121259386738572,-71.94077784956582,-6.469123934013091,0.030717460472036606,0.013541104743379105,0.00964463729224466,0.604600705888681,-0.007906610048836653,-0.005523092071891584,-0.009504866604650886,0.00964463729224466,0.013541104743379105,4,35
120987.52500009537,13.705000162124634,121.44270338833333,31.030448098333334,17.134,121.44270350785018,31.03044815028093,17.145313109185,-72.66108035510621,-6.744431391297012,0.022212593867386943,-72.64966959170252,-6.738671946785731,0.033525703052387,0.01706936813197399,0.012781896924678923,0.633125053894894,-0.01141077070972374,-0.0057594444873813365,-0.011313109185000059,0.012781896924678923,0.01706936813197399,4,35
120987.625,13.805000066757202,121.44269592999999,31.030445618333335,17.139,121.44269605431863,31.030445695825833,17.156751259019675,-73.37315801186702,-7.019389704249146,0.027212593867385948,-73.36128880113499,-7.010798088799191,0.044963852887061506,0.02301741523181476,0.014652447139306296,0.6208584320997151,-0.0118692186572356,-0.008591615426501331,-0.017751259019675558,0.014652447139306296,0.02301741523181476,4,37
120987.72499990463,13.90499997138977,121.44268850166667,31.030443243333334,17.159,121.44268857455204,31.030443258231347,17.16177577725131,-74.08237144231832,-7.282706636849445,0.04721259386738552,-74.07541277804323,-7.2810548901168595,0.04998837111869747,0.0076717848188079495,0.007152016705600679,0.5363926509843652,-0.006958669104162577,-0.0016517467287584956,-0.0027757772513119505,0.007152016705600679,0.0076717848188079495,4,37
120987.82500004768,14.005000114440918,121.44268101166666,31.03044084166667,17.164,121.44268107224744,31.030440853115298,17.162950127302373,-74.79747244353914,-7.548980109819806,0.05221259386738808,-74.79168854978376,-7.547710797713485,0.05116272116976006,0.006013889007495186,0.005921539353347801,0.5565351167034286,-0.005783897915598702,-0.0012693121031407807,0.0010498726976280182,0.005921539353347801,0.006013889007495186,4,36
120987.92499995232,14.105000019073486,121.44267350999999,31.030438408333332,17.165,121.44267360157774,31.030438410374526,17.163582427506043,-75.51368731068193,-7.818764477124332,0.05321259386738575,-75.50494400881165,-7.81853816899299,0.051795021373429506,0.008860370682360941,0.008746236725199013,0.5533681839953505,-0.008743308383168997,-0.00022630813071277184,0.0014175724939562429,0.008746236725199013,0.008860370682360941,4,37
120988.02500009537,14.205000162124634,121.44266605333333,31.03043592666667,17.172,121.44266614780904,31.03043595749477,17.16566234282032,-76.22560584200441,-8.093907573320651,0.0602125938673872,-76.2165858591779,-8.090489652446447,0.0538749366877056,0.011541589889912662,0.009645848778607533,0.5527186459549632,-0.009019989779580913,-0.0034179208645052517,0.0063376571796815995,0.009645848778607533,0.011541589889912662,5,37
120988.12599992752,14.305999994277954,121.44265857500001,31.03043352666667,17.176000000000002,121.44265862712173,31.03043353114342,17.17075616295252,-76.93959297730323,-8.359996263046826,0.06421259386738853,-76.93461670411834,-8.359499924312983,0.05896875681990821,0.007246206828496056,0.005000968548272993,0.6077730551105193,-0.004976277150972399,-0.0004963387326470789,0.005243837047480326,0.005000968548272993,0.007246206828496056,5,37
120988.22600007057,14.406000137329102,121.44265117833332,31.030431118333333,17.177,121.44265117945685,31.030431148321913,17.173033252427782,-77.6457830657238,-8.62700887181496,0.0652125938673862,-77.6456757982268,-8.623684029484163,0.061245846295168604,0.005176984557404938,0.003326572230677546,0.5343617733680323,-0.00010726758519460988,-0.003324842322739757,0.003966747572217599,0.003326572230677546,0.005176984557404938,5,36
120988.3259999752,14.50600004196167,121.44264369833333,31.030428726666667,17.181,121.44264369261796,31.030428738921913,17.177803378382148,-78.35992932646097,-8.892173642499177,0.06921259386738754,-78.36047499482864,-8.890814900149204,0.06601597224953437,0.0035160098131740945,0.0014642183029215023,0.5463101652358726,0.0005456688304769334,-0.001358742347193264,0.003196621617853168,0.0014642183029215023,0.0035160098131740945,5,36
120988.42600011826,14.606000185012817,121.44263613833333,31.030426288333334,17.186999999999998,121.44263616436712,31.03042630076528,17.18290227285233,-79.08171351349661,-9.162512360241518,0.07521259386738421,-79.07922796166312,-9.161134026528913,0.0711148667197179,0.004986897864941472,0.0028421440038527714,0.5755981838300627,-0.002485554006956176,-0.0013783337103692847,0.004097727147666319,0.0028421440038527714,0.004986897864941472,4,37
120988.52600002289,14.706000089645386,121.44262855333334,31.03042384333333,17.189999999999998,121.4426286166144,31.030423859585838,17.18532958293608,-79.80588455295602,-9.433590213076373,0.07821259386738433,-79.79984285135757,-9.43178829293184,0.07354217680346764,0.007846141451714651,0.0063046919139154375,0.5311604111120177,-0.0060417070379675045,-0.0018019201416168912,0.0046704170639166875,0.0063046919139154375,0.007846141451714651,4,37
120988.62599992752,14.805999994277954,121.44262109333334,31.030421470000004,17.197,121.44262108357941,31.030421433260255,17.188875342476432,-80.51812133272587,-9.69672236102197,0.08521259386738578,-80.5190525795968,-9.700795707798122,0.07708793634381905,0.009136160907486828,0.004178441845023234,0.5764099231735103,0.0009312477334790333,0.0040733467703021956,0.008124657523566725,0.004178441845023234,0.009136160907486828,4,35
120988.72600007057,14.906000137329102,121.44261355166667,31.030419031666664,17.205,121.44261357614924,31.030419009785962,17.19292550090424,-81.23815516180328,-9.967061079469568,0.0932125938673849,-81.235817711314,-9.969486999218528,0.08113809477162803,0.012535641197113995,0.0033687938211395957,0.6198983189443028,-0.00233745271498259,0.0024259197461105005,0.012074499095756863,0.0033687938211395957,0.012535641197113995,4,35
120988.8259999752,15.00600004196167,121.44260602499999,31.03041659166667,17.208,121.44260606749755,31.03041658290273,17.195325186619346,-81.95675688136984,-10.237584580456094,0.09621259386738501,-81.95269946570372,-10.238556240529428,0.08353778048673277,0.013343825224289996,0.004172143020323839,0.6236027825518056,-0.004057419633971833,0.0009716600721943853,0.012674813380652239,0.004172143020323839,0.013343825224289996,4,35
120988.92600011826,15.106000185012817,121.44259844166666,31.030414166666667,17.211,121.44259851795951,31.030414154845673,17.19896109752939,-82.68076880024947,-10.506445027308146,0.09921259386738512,-82.67348480859125,-10.507755624513896,0.087173691396778,0.014131860412877525,0.007400966560677367,0.5543726129213998,-0.007283998970339147,0.0013105972044693307,0.012038902470607127,0.007400966560677367,0.014131860412877525,4,35
120989.02600002289,15.206000089645386,121.44259077833334,31.030411725,17.215,121.442590901247,31.030411713867643,17.203165496102557,-83.41241864299829,-10.777153312244113,0.10321259386738646,-83.40068357251103,-10.77838756033203,0.09137808996994323,0.01671200209048413,0.011799810649910744,0.5312623102409758,-0.011735082574628092,0.0012342480870583255,0.011834503897443227,0.011799810649910744,0.01671200209048413,4,35
120989.12599992752,15.305999994277954,121.44258325500002,31.030409265000003,17.21,121.44258326627607,31.030409261231465,17.203108252353456,-84.13070211411744,-11.049894219213444,0.09821259386738745,-84.12962554257479,-11.050312038045258,0.09132084622084236,0.006987829915857159,0.001154807910125472,0.518851161127609,-0.0010765726791299307,0.0004178188313603917,0.006891747646545099,0.001154807910125472,0.006987829915857159,4,36
120989.22600007057,15.406000137329102,121.44257561666667,31.030406796666664,17.207,121.44257562951422,31.03040680547606,17.199968140198244,-84.85996510687177,-11.32355904592999,0.09521259386738734,-84.85873850027427,-11.322582346082822,0.08818073406563087,0.0072045514681073316,0.0015679635152161516,0.5469364076616606,-0.00122660792322801,-0.000976699845256084,0.007031859801756468,0.0015679635152161516,0.0072045514681073316,5,36
120989.3259999752,15.50600004196167,121.44256795000001,31.03040430833333,17.201999999999998,121.44256798318368,31.03040433916629,17.194077524380614,-85.59193320049727,-11.599441277924083,0.09021259386738478,-85.58876501965176,-11.596022818938007,0.08229011824800025,0.009191782948280238,0.00466082115389049,0.5592635319373124,-0.0031681843484029637,-0.0034184589749019323,0.007922475619384528,0.00466082115389049,0.009191782948280238,4,35
120989.42600011826,15.606000185012817,121.44256028,31.030401789999996,17.192,121.442560341977,31.030401831323204,17.18438621092326,-86.32421954014089,-11.878649618892382,0.08021259386738677,-86.31830234181469,-11.874068102679043,0.07259880479064762,0.010675832046520693,0.00748355569100984,0.5094449445838107,-0.005917205014612797,-0.004581516189591271,0.0076137890767391525,0.00748355569100984,0.010675832046520693,4,35
120989.52600002289,15.706000089645386,121.44255263833332,31.0303993,17.181,121.44255267237617,31.030399347952894,17.17615935996682,-87.05380078134263,-12.15471663413066,0.06921259386738754,-87.05055057083929,-12.149400082489695,0.06437195383420757,0.007890589940693535,0.00623134124256965,0.5157660248177328,-0.003250214257293922,-0.005316551604473785,0.004840640033179966,0.00623134124256965,0.007890589940693535,4,36
120989.62599992752,15.805999994277954,121.44254496833334,31.030396836666668,17.169,121.44254498775447,31.030396896843534,17.168247659550435,-87.78608711855696,-12.427827108293618,0.057212593867387085,-87.78423290381751,-12.421155282056382,0.05646025341782135,0.006965443356005439,0.006924693855591562,0.5239304183929625,-0.0018542169262394876,-0.006671826180598122,0.000752340449565736,0.006924693855591562,0.006965443356005439,4,35
120989.72600007057,15.906000137329102,121.44253725666667,31.030394368333337,17.163,121.44253728703426,31.030394429506362,17.158790161063475,-88.52235154557351,-12.701491934304906,0.05121259386738686,-88.51945222824594,-12.694709663250695,0.04700275493086181,0.00849282077834803,0.0073759921977763565,0.5440847712709238,-0.0028993208173697564,-0.006782270983942182,0.0042098389365250455,0.0073759921977763565,0.00849282077834803,4,36
120989.8259999752,16.00600004196167,121.44252949333334,31.030391895,17.151,121.44252954883214,31.030391967683926,17.14938155224295,-89.26354880044667,-12.975711112164523,0.0392125938673864,-89.2582501028739,-12.967652624527945,0.037594146110336624,0.009779307718899585,0.009644453655787326,0.4671743809819743,-0.005298704079045706,-0.00805848753807648,0.001618447757049779,0.009644453655787326,0.009779307718899585,4,36
120989.92600011826,16.106000185012817,121.442521685,31.030389478333337,17.145,121.44252174391505,31.030389555319005,17.14089038739267,-90.00904239114016,-13.243647639974617,0.033212593867386175,-90.0034175305103,-13.235112216662932,0.029102981260056282,0.011017327315506848,0.010222161483496948,0.5271621875603313,-0.005624867670920611,-0.008535423192749183,0.004109612607329893,0.010222161483496948,0.011017327315506848,4,35
120990.02600002289,16.206000089645386,121.44251387499999,31.030387095,17.134999999999998,121.44251389505807,31.030387153069125,17.131210723648675,-90.7546951048427,-13.507888491616875,0.023212593867384612,-90.75278007781834,-13.501450351215164,0.01942331751606119,0.007712042767310731,0.006716918071417189,0.5317324709685064,-0.001915029466706877,-0.00643814029978962,0.003789276351323423,0.006716918071417189,0.007712042767310731,4,35
120990.12599992752,16.305999994277954,121.44250601166665,31.030384649999995,17.122,121.44250603537564,31.030384710995126,17.118909617950827,-91.50543977184017,-13.778966345156988,0.010212593867386488,-91.50317617646556,-13.77220379734866,0.007122211818213486,0.007772154768228347,0.007131334274274619,0.5061438195769512,-0.0022635983148996583,-0.00676254768561578,0.0030903820491730016,0.007131334274274619,0.007772154768228347,4,35
120990.22600007057,16.4060001373291,121.44249808833335,31.030382246666665,17.112000000000002,121.44249815595,31.030382276014063,17.10901446106498,-92.26191287931024,-14.045424602076793,0.00021259386738847752,-92.25545723973849,-14.042170847638976,-0.002772945067633259,0.007821493002542973,0.007229267601652187,0.5075817889894981,-0.006455648111529637,-0.00325375437247525,0.0029855389350217365,0.007229267601652187,0.007821493002542973,5,35
120990.3259999752,16.50600004196167,121.44249017333335,31.030379816666663,17.101,121.44249027169847,31.03037983852745,17.09894032779974,-93.01759037173504,-14.314839400777174,-0.010787406132614308,-93.0081990508724,-14.312415689191086,-0.012847078332875128,0.009915330164211327,0.009699047514719769,0.5357356836664835,-0.009391333510170869,-0.0024237115326567788,0.0020596722002608203,0.009699047514719769,0.009915330164211327,4,35
120990.42600011826,16.606000185012817,121.44248228333332,31.030377331666667,17.085,121.44248236845812,31.030377364521534,17.088775356549824,-93.77088101659461,-14.59035206416712,-0.026787406132612546,-93.76275380319802,-14.586709436097287,-0.023012049582789018,0.009673356935454042,0.008906206674134694,0.5402364387716427,-0.008127224538853289,-0.0036426279823037542,-0.0037753565498235275,0.008906206674134694,0.009673356935454042,4,35
120990.52600002289,16.706000089645386,121.44247433166666,31.030374871666663,17.08,121.44247440883979,31.030374879034248,17.07905220940259,-94.53005922736516,-14.86309297184171,-0.031787406132615104,-94.52269119217205,-14.862276125778115,-0.03273519673002312,0.007473529192437568,0.007413186330700281,0.49661019642059023,-0.007368045474662632,-0.0008168460424002766,0.0009477905974080159,0.007413186330700281,0.007473529192437568,5,36
120990.62599992752,16.805999994277954,121.44246626333333,31.030372366666665,17.069,121.44246637728997,31.03037236683002,17.070184106307185,-95.30037608277992,-15.140823041919719,-0.042787406132614336,-95.28949617396552,-15.14080493089368,-0.04160329982542876,0.01094418511406194,0.010879939341013733,0.5248446932134573,-0.010879924266964927,-1.811102553772591e-05,-0.0011841063071855729,0.010879939341013733,0.01094418511406194,4,36
120990.72600007057,16.9060001373291,121.44245821000001,31.030369861666667,17.063,121.44245831277573,31.030369842046,17.059544568508297,-96.06926082382527,-15.418553111292471,-0.048787406132614564,-96.05944840588718,-15.420728460623568,-0.05224283762431625,0.010628074862128856,0.01005067005135337,0.5063589848946062,-0.009812432117007537,0.0021753492662766926,0.003455431491701688,0.01005067005135337,0.010628074862128856,5,36
120990.82699990273,17.006999969482422,121.44245009333332,31.030367365,17.051000000000002,121.44245014795764,31.03036730464841,17.048465585368444,-96.84419226350778,-15.695359262328521,-0.060787406132611466,-96.83897705559298,-15.702050460593144,-0.0633218207641697,0.00885403085758575,0.0084835490746753,0.5203233644510347,-0.005215215579970402,0.006691198050936629,0.002534414631558235,0.0084835490746753,0.00885403085758575,4,36
120990.92700004578,17.10700011253357,121.44244205166666,31.03036478,17.05,121.44244204717629,31.03036478018125,17.037801621240924,-97.61196314348972,-15.981958955632491,-0.06178740613261269,-97.61239185637282,-15.981938860010374,-0.07398578489168983,0.012205926571522994,0.0004291842489031879,0.4978180810373759,0.0004287135238195327,-2.0095621434346337e-05,0.012198378759077144,0.0004291842489031879,0.012205926571522994,4,36
120991.02699995041,17.207000017166138,121.44243390666666,31.030362238333336,17.039,121.44243392418271,31.03036225357993,17.02735158421463,-98.38959967918481,-16.263754269071963,-0.07278740613261192,-98.38792734985245,-16.262063874904957,-0.08443582191798171,0.01188863812370131,0.0023778406438346627,0.4751009710745361,-0.0016723318730431584,-0.0016903941060817753,0.011648415785369792,0.0023778406438346627,0.01188863812370131,5,36
120991.12700009346,17.307000160217285,121.44242568333333,31.030359706666665,17.028,121.44242574440763,31.030359721199282,17.01715786133335,-99.17471502059861,-16.544440880225295,-0.0837874061326147,-99.16888400600715,-16.542829644924087,-0.09462954479926466,0.012415670985990303,0.006049538425821864,0.4839385563040378,-0.0058310235951458565,-0.0016112352399161253,0.010842138666649959,0.006049538425821864,0.012415670985990303,4,36
120991.22699999809,17.407000064849854,121.442417475,31.030357185000003,17.016,121.44241753152164,31.03035719043196,17.008553434486704,-99.95839824764303,-16.82401878768196,-0.09578740613261516,-99.953001895253,-16.823416545287557,-0.10323397164590986,0.009216004791978117,0.005429862464369944,0.4942342908399952,-0.005396360857949951,-0.0006022423704450794,0.007446565513294701,0.005429862464369944,0.009216004791978117,5,36
120991.32699990273,17.506999969482422,121.44240928333332,31.030354635000002,17.0,121.44240929761301,31.030354644981426,16.999679323253165,-100.74049024459681,-17.106738020868654,-0.1117874061326134,-100.73912690327842,-17.105631377935936,-0.11210808287944829,0.0017849923059009307,0.0017559510118921064,0.5008190256506897,-0.0013633434921085554,-0.0011066428867029154,0.00032067674683489145,0.0017559510118921064,0.0017849923059009307,5,36
120991.42700004578,17.60700011253357,121.44240105166666,31.030352081666667,16.989,121.44240106826346,31.03035209397159,16.989073332880636,-101.52640120105593,-17.38982682195423,-0.12278740613261263,-101.52481663692264,-17.388462571539094,-0.12271407325197714,0.0020922256973524953,0.002090940137182276,0.4827526930226811,-0.001584566699303366,-0.0013642503555941158,-7.333288063549048e-05,0.002090940137182276,0.0020922256973524953,5,36
120991.52699995041,17.707000017166138,121.44239279333333,31.03034955166667,16.98,121.4423928412276,31.03034955196018,16.981437586480734,-102.31485813537714,-17.67032864845286,-0.13178740613261297,-102.31028547327615,-17.670296107142402,-0.13034981965187953,0.004793435229271168,0.004572785410188233,0.5330105715505625,-0.004572669621877355,-3.254130898381558e-05,-0.0014375864807334438,0.004572785410188233,0.004793435229271168,4,36
120991.62700009346,17.807000160217285,121.44238454166667,31.030346986666668,16.972,121.44238462876758,31.03034698546212,16.97362503426623,-103.10267857523282,-17.954710935774024,-0.1397874061326121,-103.09436269386616,-17.954844484843843,-0.13816237186638247,0.00847423658181728,0.008316967553032161,0.5326875264821009,-0.008315895257025054,0.000133549063560863,-0.001625034266229619,0.008316967553032161,0.00847423658181728,4,36
120991.72699999809,17.907000064849854,121.44237629833333,31.03034442666667,16.963,121.4423764302981,31.030344421309895,16.96690687233918,-103.88970339761391,-18.238538871952116,-0.14878740613261243,-103.87710418195884,-18.239132778901944,-0.14488053379343313,0.013204436773344043,0.012613227145603782,0.5023475432556442,-0.012599237024345228,0.0005939069211286401,-0.0039068723391793014,0.012613227145603782,0.013204436773344043,4,36
120991.82699990273,18.006999969482422,121.44236818666668,31.030341881666665,16.964,121.44236823892149,31.030341848610806,16.959835117279624,-104.66415746341067,-18.520703753995733,-0.14778740613261476,-104.65916848263731,-18.52436866610333,-0.15195228885298917,0.007461088550785076,0.006190443787660365,0.4910603317538677,-0.0049889893636403775,0.003664911924953449,0.004164882720374408,0.006190443787660365,0.007461088550785076,4,35
120991.92700004578,18.10700011253357,121.442359955,31.030339258333335,16.954,121.44236007355742,31.03033922169626,16.950771501872552,-105.45006842229907,-18.81155347390535,-0.15778740613261277,-105.43874925993507,-18.815615437111745,-0.1610159042600614,0.012451772084923258,0.012025948107984448,0.5518461692552963,-0.01131918214849826,0.004061962996514502,0.0032284981274486313,0.012025948107984448,0.012451772084923258,4,35
120992.02699995041,18.207000017166138,121.44235182666668,31.030336676666668,16.951999999999998,121.44235192680026,31.030336641912054,16.943704316885878,-106.22611372304499,-19.097783599310432,-0.15978740613261522,-106.21655355960506,-19.1016368533942,-0.16808308924673554,0.013231136497229361,0.010307502834266591,0.44267654287660624,-0.00956018039702198,0.003853253878841944,0.008295683114120322,0.010307502834266591,0.013231136497229361,4,33
120992.12700009346,18.307000160217285,121.44234357666667,31.03033411666667,16.94,121.44234373831753,31.030334067272626,16.930327652045307,-107.01377503989161,-19.381611534783268,-0.17178740613261212,-106.99834157044215,-19.38708786686097,-0.18145975408730664,0.019019394329989527,0.016376295238024828,0.4851639464017124,-0.015433497206979488,0.005476331772739022,0.009672347954694516,0.016376295238024828,0.019019394329989527,4,33
120992.22699999809,18.407000064849854,121.44233561333334,31.03033145833333,16.928,121.44233564643439,31.030331469461913,16.912768633672684,-107.77406711415485,-19.676341716220676,-0.18378740613261257,-107.77090682362619,-19.67510788705603,-0.1990187724599295,0.015604625181768235,0.003392610627017429,0.4409287587361343,-0.0031602962896233253,-0.0012338290920320526,0.01523136632731692,0.003392610627017429,0.015604625181768235,4,33
120992.32699990273,18.506999969482422,121.44232748499999,31.030328843333336,16.927,121.44232756124978,31.030328871981098,16.90899298603286,-108.55011241733007,-19.966267517088337,-0.1847874061326138,-108.54283253845091,-19.963091331864735,-0.20279442009975313,0.019680892660296535,0.00794260561109282,0.3442074318240256,-0.007279892343046602,-0.0031761850334976745,0.01800701396713933,0.00794260561109282,0.019680892660296535,4,34
120992.42700004578,18.60700011253357,121.44231950333332,31.030326356666666,16.915,121.44231958232761,31.03032638283164,16.901545870109445,-109.31215485198084,-20.241964965838243,-0.19678740613261425,-109.30461294316173,-20.239064047757967,-0.21024153602316886,0.015694251738937764,0.008080589491691555,0.7616301457270548,-0.007541922954946743,-0.0029009179021274225,0.013454129890554611,0.008080589491691555,0.015694251738937764,5,34
120992.52699995041,18.707000017166138,121.44231151999999,31.030323871666663,16.908,121.44231162637831,31.03032390520041,16.893858298015257,-110.07435640964067,-20.51747762993345,-0.20378740613261215,-110.06420003413476,-20.51375973390633,-0.21792910811735666,0.01780345020881244,0.01081550296159808,0.5797748943648101,-0.01015639479272444,-0.0037178957928721843,0.014141701984744515,0.01081550296159808,0.01780345020881244,5,33
120992.62700009346,18.807000160217285,121.44230351,31.030321381666667,16.902,121.44230365077382,31.03032140795101,16.886241491381742,-110.83910394030401,-20.79354464517173,-0.20978740613261238,-110.82566368683757,-20.790630492924645,-0.22554591475087093,0.020915639708113817,0.013752577595778116,0.4293247074927956,-0.013440279323949244,-0.0029141520588535893,0.01575850861825856,0.013752577595778116,0.020915639708113817,5,33
120992.72699999809,18.907000064849854,121.44229560666666,31.030318873333332,16.897,121.44229563551629,31.030318904857268,16.87894666560931,-111.59366757166538,-21.071644283148622,-0.21478740613261493,-111.59091317817753,-21.06814921550976,-0.2328407405233044,0.018593684192860796,0.004449967330418372,0.25044620304046106,-0.002754398855855597,-0.0034950674077408287,0.018053334390689457,0.004449967330418372,0.018593684192860796,4,32
120992.82699990273,19.006999969482422,121.44228758666668,31.030316428333336,16.89,121.44228759401676,31.0303164236197,16.87441329176476,-112.35936984281238,-21.342722135278223,-0.22178740613261283,-112.35866810018803,-21.343244737820854,-0.23737411436785294,0.015611246960011694,0.0008749617340046731,0.4163090819104114,-0.0007017440096827796,0.0005226025075014463,0.01558670823524011,0.0008749617340046731,0.015611246960011694,4,32
120992.92700004578,19.10700011253357,121.44227956499999,31.03031394666667,16.886,121.44227957435763,31.030313936890778,16.868833329169345,-113.12523124182704,-21.6178652321798,-0.22578740613261417,-113.12433783106594,-21.61894908822578,-0.24295407696326876,0.01722403893269687,0.001404610176173545,0.39766236965927854,-0.0008934125472138198,0.001083855971746796,0.017166670830654596,0.001404610176173545,0.01722403893269687,4,33
120993.02699995041,19.207000017166138,121.44227154166668,31.030311455,16.879,121.4422715728883,31.030311427437795,16.86030757900249,-113.89125176142144,-21.894117032072778,-0.23278740613261206,-113.88827090515156,-21.8971728614884,-0.2514798271301224,0.019173686002595888,0.004268914636998037,0.36659679765782627,-0.002980862303440677,0.00305582920103569,0.01869242099751034,0.004268914636998037,0.019173686002595888,5,33
120993.12700009346,19.307000160217285,121.44226349666665,31.030308905000002,16.869,121.44226353770159,31.030308908394666,16.85190788369749,-114.6593408898508,-22.17683626455421,-0.24278740613261363,-114.65542311675938,-22.17645989726272,-0.25987952243512424,0.017539415637789664,0.00393581773162723,0.33416108278845846,-0.003917781119315806,-0.0003763672644158964,0.017092116302510618,0.00393581773162723,0.017539415637789664,4,33
120993.22699999809,19.407000064849854,121.44225540999999,31.030306395000004,16.862000000000002,121.44225546258485,31.030306395062308,16.846608481856983,-115.43140810322377,-22.45512068577529,-0.24978740613261152,-115.42638761219804,-22.45511377847821,-0.26517892427563083,0.016189635980327934,0.005020506192470649,0.3479911995435194,-0.0050205014408811945,-6.907296575485831e-06,0.015391518143019312,0.005020506192470649,0.016189635980327934,4,31
120993.32699990273,19.506999969482422,121.44224733166666,31.030303893333333,16.861,121.44224738368312,31.03030388148587,16.84249703115052,-116.20267969912219,-22.732481188659673,-0.25078740613261274,-116.19771347588828,-22.73379472044406,-0.26929037498209496,0.01920283048251033,0.0051370071340342445,0.33459802501614017,-0.004966233663709305,0.0013135316869261936,0.018502968849482215,0.0051370071340342445,0.01920283048251033,4,32
120993.42700004578,19.60700011253357,121.44223920833335,31.030301398333336,16.854,121.4422392874249,31.03030137274614,16.833346431768383,-116.97824762841165,-23.00910255574628,-0.2577874061326142,-116.97069643486626,-23.011939415240292,-0.27844097436423,0.02217292081688501,0.008066507103687661,0.3028117964522145,-0.007551209591102072,0.002836859278337854,0.020653568231615793,0.008066507103687661,0.02217292081688501,4,32
120993.52800011635,19.70800018310547,121.44223103833335,31.030298865000002,16.843,121.44223106603533,31.03029879502896,16.82272393586989,-117.7582710189598,-23.289973950143796,-0.2687874061326134,-117.7556261959309,-23.29773166004383,-0.2890634702627217,0.02186997825872254,0.00819616815522549,0.3202923239334671,-0.002644828715784787,0.0077577092941726435,0.020276064130108296,0.00819616815522549,0.02186997825872254,4,32
120993.62800002098,19.808000087738037,121.44222289333332,31.030296236666665,16.844,121.44222287000461,31.03029622838844,16.81585052522722,-118.5359075570842,-23.581378022607,-0.2677874061326122,-118.53813484436908,-23.582295831998703,-0.29593688090539416,0.028252365107492926,0.0024089840563183544,0.32801251611449284,0.00222729213130386,0.0009178093186647982,0.028149474772781957,0.0024089840563183544,0.028252365107492926,4,31
120993.72799992561,19.907999992370605,121.44221468666667,31.030293671666662,16.833,121.44221464996035,31.030293654695132,16.807734271642104,-119.31943166111954,-23.865760310633423,-0.278787406132615,-119.32293616429091,-23.86764194891337,-0.3040531344905091,0.025576926868785616,0.003977707706244144,0.3304197755785645,0.003504510886719528,0.0018816381270526912,0.02526572835789409,0.003977707706244144,0.025576926868785616,4,32
120993.82800006866,20.008000135421753,121.44220646000001,31.030291101666663,16.822,121.442206440735,31.030291066369553,16.795755549883946,-120.10486524855146,-24.15069694909766,-0.2897874061326142,-120.10670455719973,-24.154610349701436,-0.31603185624866725,0.02659828819662407,0.004324092170233587,0.3274004978624113,0.0018393127439049802,0.003913400276841629,0.02624445011605303,0.004324092170233587,0.02659828819662407,4,31
120993.9279999733,20.10800004005432,121.44219818666667,31.030288484999996,16.814,121.44219819288796,31.030288440653713,16.78828292001581,-120.89475429481278,-24.44080753462002,-0.29778740613261334,-120.89416032254735,-24.445724219772156,-0.3235044861168035,0.026189593282917884,0.004952433079954128,0.31696645309340205,-0.0005939736036391024,0.0049166847335988416,0.02571707998419015,0.004952433079954128,0.026189593282917884,4,31
120994.02800011635,20.20800018310547,121.44218991166666,31.0302858,16.8,121.4421898898831,31.030285794306764,16.780454502734614,-121.68480246408316,-24.738494255722234,-0.3117874061326127,-121.6868822306229,-24.73912546658995,-0.3313329033979997,0.019665969058763503,0.002173447875839726,0.3545384221477145,0.002079771280360206,0.0006312108129468988,0.019545497265387013,0.002173447875839726,0.019665969058763503,4,32
120994.12800002098,20.308000087738037,121.44218155333334,31.030283155,16.789,121.4421815281349,31.030283138299,16.77211013693657,-122.48280680809943,-25.031746166269357,-0.3227874061326119,-122.48521260651489,-25.033597810630827,-0.339677269196045,0.017160534759841067,0.0030358654354552457,0.35243345656791664,0.002405803962846803,0.0018516441976099203,0.016889863063433097,0.0030358654354552457,0.017160534759841067,4,31
120994.22799992561,20.407999992370605,121.44217313333333,31.030280506666667,16.782,121.44217312789094,31.030280479889942,16.764958368950055,-123.2866987228852,-25.325367644010107,-0.32978740613261337,-123.28721832988616,-25.32833638675449,-0.34682903718255886,0.01730608602292145,0.0030138720261966767,0.32014486741662346,0.000519608212943863,0.0029687424770990403,0.017041631049945494,0.0030138720261966767,0.01730608602292145,4,31
120994.32800006866,20.508000135421753,121.44216468666667,31.030277841666663,16.774,121.44216471479587,31.03027781554421,16.75907341455247,-124.09313661067453,-25.62083695983478,-0.3377874061326125,-124.09045100238411,-25.623733163970424,-0.35271399158014205,0.01544031981239197,0.003949749711885903,0.3848153853187711,-0.002685614626870553,0.0028962038710149043,0.014926585447529561,0.003949749711885903,0.01544031981239197,5,31
120994.4279999733,20.60800004005432,121.44215626166667,31.030275106666668,16.756,121.4421562866563,31.0302751094518,16.74803421317247,-124.8975058944875,-25.924067195894004,-0.35578740613261317,-124.8951200332119,-25.92375840713157,-0.36375319296014297,0.008321146042061956,0.0024057663377136437,0.3731550467861571,-0.002385866968149569,-0.0003087887335524102,0.007965786827529797,0.0024057663377136437,0.008321146042061956,4,31
120994.52800011635,20.70800018310547,121.44214776666668,31.030272413333332,16.749000000000002,121.44214780736237,31.030272408913437,16.739108844385626,-125.70855836654455,-26.222677836743436,-0.36278740613261107,-125.7046729806773,-26.223167871881067,-0.3726785617469872,0.010638204264025907,0.0039161755036430925,0.3432514638585315,-0.0038853952418017976,0.00049003509090491,0.009891155614376146,0.0039161755036430925,0.010638204264025907,5,31
120994.62800002098,20.808000087738037,121.44213923666666,31.030269708333336,16.745,121.44213928903466,31.030269697146828,16.731238826181404,-126.52295243150904,-26.522581963828454,-0.3667874061326124,-126.51795264527715,-26.523822215072663,-0.38054857995120983,0.01469374397707527,0.005151330624041176,0.3913967223327455,-0.004999798430724513,0.0012402511238894939,0.013761173818597427,0.005151330624041176,0.01469374397707527,4,31
120994.72799992561,20.907999992370605,121.44213070166667,31.030267009999996,16.735,121.44213078486693,31.030266991968517,16.71952214507677,-127.3378238655007,-26.821746956526216,-0.37678740613261397,-127.32988039591402,-26.823746111950594,-0.3922652610558437,0.017511699944823555,0.00819119294931981,0.4149762668567011,-0.007943489177666886,0.001999155225908087,0.015477854923229728,0.00819119294931981,0.017511699944823555,4,31
120994.82800006866,21.008000135421753,121.44212215833335,31.030264323333334,16.723,121.44212227542184,31.03026429453718,16.70883554775686,-128.15349091696694,-27.119618461577875,-0.3887874061326144,-128.1423119996403,-27.1228110997659,-0.4029518583757543,0.0183246680603412,0.011625908660121932,0.3777053891579051,-0.011178945193555763,0.003192637864364616,0.014164452243139891,0.011625908660121932,0.0183246680603412,4,31
120994.9279999733,21.10800004005432,121.44211368166667,31.030261568333337,16.715,121.44211374195483,31.030261563431424,16.698033933941336,-128.96279303106576,-27.425066102914645,-0.39678740613261354,-128.9570370740849,-27.425609579684256,-0.4137534721912779,0.017924117054068493,0.005781571988740296,0.407445006805961,-0.005755971483861163,0.0005434767133590486,0.016966066058664353,0.005781571988740296,0.017924117054068493,4,31
120995.02800011635,21.20800018310547,121.44210511833334,31.030258831666668,16.705000000000002,121.44210518204055,31.030258832316353,16.688918187135904,-129.7803695634993,-27.728481123628573,-0.40678740613261155,-129.77428717624005,-27.728409092805613,-0.42286921899670915,0.017193763888194408,0.006082829246914878,0.4091929604157232,-0.006082402749634416,-7.20308153689828e-05,0.0160818128640976,0.006082829246914878,0.017193763888194408,4,31
120995.12800002098,21.308000087738037,121.44209650333332,31.030256094999995,16.696,121.44209659811257,31.03025609009466,16.678679064812314,-130.6028789310773,-28.03189614363724,-0.4157874061326119,-130.59382996688382,-28.032439999835667,-0.43310834132029896,0.01954980178307824,0.009065315989064755,0.420766477982691,-0.009048987483722046,0.0005438561400175868,0.01732093518768707,0.009065315989064755,0.01954980178307824,4,31
120995.22799992561,21.407999992370605,121.442087885,31.03025335,16.686,121.44208800940545,31.03025333357601,16.667813951482856,-131.42570653738554,-28.336235082687868,-0.42578740613261346,-131.41382904036325,-28.338056015178196,-0.44397345464975757,0.021797335259965096,0.01201629992000025,0.4235378197917185,-0.011877527914489046,0.0018209322908695692,0.018186048517144116,0.01201629992000025,0.021797335259965096,5,31
120995.32800006866,21.508000135421753,121.44207937333334,31.030250591666665,16.67,121.44207941413998,31.030250578809135,16.658227702201533,-132.23835024439177,-28.642052291923527,-0.4417874061326117,-132.23445426684307,-28.643477810218926,-0.4535597039310808,0.01248189962537588,0.00414859287013294,0.43503823732332886,-0.0038959877880511856,0.0014255181364941996,0.011772297798469111,0.00414859287013294,0.01248189962537588,5,31
120995.4279999733,21.60800004005432,121.4420708,31.030247825,16.657,121.44207082380849,31.030247814748954,16.650022935862467,-133.05688151973828,-28.948793420201145,-0.45478740613261337,-133.05460842586032,-28.949929956905695,-0.4617644702701469,0.007425504871060728,0.002541396980184377,0.43060079409317475,-0.0022730999147683845,0.0011365365759051632,0.006977064137533517,0.002541396980184377,0.007425504871060728,4,31
120995.52800011635,21.70800018310547,121.442062185,31.030245015,16.648,121.44206221481943,31.030245022870375,16.641187438378278,-133.87939088245767,-29.260338928343256,-0.4637874061326137,-133.87654389921124,-29.25946633727498,-0.4705999677543353,0.007434902013794447,0.0029777125625168217,0.4100693301302931,-0.0028469908864772733,-0.0008725909679144322,0.006812561621721613,0.0029777125625168217,0.007434902013794447,4,31
120995.62800002098,21.808000087738037,121.44205351500001,31.03024224,16.634,121.44205355473284,31.030242237963733,16.63158564012597,-134.7071513190518,-29.56800397566283,-0.47778740613261306,-134.703357864607,-29.568229737219205,-0.480201766006644,0.004502274594395294,0.003800176696155934,0.3737991338446392,-0.003793464729451468,0.0002257615299698598,0.0024143598740309358,0.003800176696155934,0.004502274594395294,4,31
120995.72799992561,21.907999992370605,121.44204477500001,31.03023948,16.626,121.44204484644564,31.030239467464696,16.623425161563993,-135.54159494389003,-29.874005968847932,-0.4857874061326122,-135.5347737382627,-29.875395761592902,-0.48836224456862,0.007422291928114274,0.006961366568038719,0.3897046685042125,-0.006821224309395262,0.0013897925800357021,0.002574838436007809,0.006961366568038719,0.007422291928114274,5,31
120995.82800006866,22.008000135421753,121.44203616166666,31.030236648333336,16.625,121.44203616640291,31.030236683715515,16.61437423444746,-136.36394518602967,-30.187953665511778,-0.4867874061326134,-136.3634929965388,-30.184030833492454,-0.4974131716851531,0.011335783051327169,0.003948807897228883,0.39895828170816156,-0.00045219074182420823,-0.003922831546501285,0.01062576555253969,0.003948807897228883,0.011335783051327169,4,31
120995.9279999733,22.10800004005432,121.442027455,31.030233873333334,16.615000000000002,121.44202750871291,31.030233900206085,16.60323951810787,-137.19520634096952,-30.495618713536608,-0.4967874061326114,-137.19007815003414,-30.49263932421711,-0.5085478880247436,0.013171339418970356,0.005930872427775967,0.40395809906652613,-0.005128205262663674,-0.002979388953886649,0.01176048189213219,0.005930872427775967,0.013171339418970356,4,31
120996.02800011635,22.20800018310547,121.44201873666667,31.030231118333337,16.604,121.44201882260298,31.030231137294535,16.594081216710784,-138.0275813618314,-30.80106635487338,-0.5077874061326142,-138.0193766688273,-30.79896412175734,-0.5177061894218298,0.013042967915327164,0.008469755020178065,0.3973654995740097,-0.008204716151630901,-0.0021022328541335593,0.009918783289215582,0.008469755020178065,0.013042967915327164,5,31
120996.12800002098,22.308000087738037,121.44200995333334,31.03022835,16.597,121.44201007416422,31.030228367877683,16.587008609906036,-138.86616219705164,-31.1079922678057,-0.5147874061326121,-138.8546259780961,-31.10601016410981,-0.5247787962265775,0.01538966264112912,0.011705291119744724,0.38409130016291804,-0.011536251823177456,-0.001982103445890133,0.009991390093965435,0.011705291119744724,0.01538966264112912,4,31
120996.22900009155,22.409000158309937,121.44200113666666,31.030225570000002,16.591,121.44200120650126,31.030225553842453,16.581739522534296,-139.70792550459947,-31.416211666268346,-0.5207874061326123,-139.70125810913547,-31.418003059026365,-0.5300478835983178,0.011550755309079962,0.006903876108201846,0.38635955908668906,-0.00666741465048937,0.0017913925298046708,0.009260477465705463,0.006903876108201846,0.011550755309079962,4,31
120996.32899999619,22.509000062942505,121.44199247166668,31.030222775000002,16.578000000000003,121.44199240185989,31.03022276861033,16.57405478936505,-140.53520856973714,-31.726094120275985,-0.5337874061326104,-140.54187330999295,-31.726802544907873,-0.5377326167675633,0.007777247140432244,0.006702304538680412,0.31623757423612103,0.006664759620546539,0.0007084245404758405,0.0039452106349529,0.006702304538680412,0.007777247140432244,4,31
120996.42899990082,22.608999967575073,121.441983625,31.030219973333335,16.57,121.44198357873506,31.030219951564906,16.565139023343683,-141.37983609873595,-32.03671570867088,-0.5417874061326131,-141.38425320401785,-32.039129180615724,-0.5466483827889306,0.0069974904717597375,0.005033465888342249,0.30695738347972534,0.004417118239894585,0.002413471628980872,0.004860976656317462,0.005033465888342249,0.0069974904717597375,4,31
120996.52900004387,22.70900011062622,121.44197475000001,31.030217143333335,16.567,121.44197472122342,31.030217105241874,16.556805738995358,-142.2271687286059,-32.350478622090534,-0.5447874061326132,-142.22991614761727,-32.35470183337562,-0.5549816671372554,0.011371315763740033,0.0050382402451565195,0.2867794824418312,0.002747427149258844,0.004223210724961549,0.010194261004642158,0.0050382402451565195,0.011371315763740033,4,31
120996.6289999485,22.80900001525879,121.44196582833335,31.030214309999998,16.561,121.44196582102188,31.03021426206678,16.547313900008795,-143.07895681487602,-32.66461110340908,-0.5507874061326135,-143.07965486984614,-32.669925472981724,-0.564473506123818,0.014698269727367378,0.00536001865754179,0.2901308053853319,0.0006980570574831205,0.005314368857512066,0.013686099991204514,0.00536001865754179,0.014698269727367378,4,30
120996.72900009155,22.909000158309937,121.44195690666666,31.03021143,16.553,121.44195690376215,31.03021140096252,16.53705708935296,-143.93074490357537,-32.98391753108049,-0.5587874061326126,-143.93102220885777,-32.98713692464215,-0.5747303167796538,0.01626707689341303,0.0032313140913058157,0.30563055151701,0.00027730611944550297,0.0032193931218149805,0.01594291064704123,0.0032313140913058157,0.01626707689341303,4,31
120996.82899999619,23.009000062942505,121.44194799666666,31.030208548333334,16.546,121.44194798140352,31.03020852999124,16.529359238663808,-144.78141912635277,-33.30340874270134,-0.565787406132614,-144.7828763595264,-33.30544233587501,-0.5824281674688052,0.01682777404663887,0.002501807649811869,0.3096538910520415,0.0014572376142627105,0.002033592892452939,0.01664076133619119,0.002501807649811869,0.01682777404663887,4,31
120996.92899990082,23.108999967575073,121.44193906999999,31.030205675,16.535,121.44193904505023,31.030205667272693,16.519754934635422,-145.63368458165004,-33.621976034574985,-0.5767874061326133,-145.6360666386657,-33.622832763685054,-0.5920324714971912,0.015453809661793357,0.002531445257690599,0.2958380958378622,0.002382064342225146,0.0008567289899283822,0.015245065364577925,0.002531445257690599,0.015453809661793357,4,31
120997.02900004387,23.20900011062622,121.44193010833332,31.030202784999997,16.522000000000002,121.44193008391922,31.03020277722711,16.50939721647117,-146.489291632284,-33.94239116594306,-0.5897874061326114,-146.49162254799734,-33.94325294822686,-0.6023901896614419,0.0128454670200369,0.0024851298332873297,0.26546649744585576,0.0023309229491751374,0.0008617821611656805,0.012602783528830486,0.0024851298332873297,0.0128454670200369,4,31
120997.1289999485,23.30900001525879,121.44192109666668,31.030199875,16.514000000000003,121.44192108555856,31.03019987258797,16.501718490375662,-147.3496723877655,-34.265023701883415,-0.5977874061326105,-147.3507329235996,-34.265291124441745,-0.6100689157569512,0.012330115034372655,0.0010937358493205678,0.28340873125625393,0.0010605391572107734,0.0002674225198289155,0.012281509624340714,0.0010937358493205678,0.012330115034372655,4,31
120997.22900009155,23.409000158309937,121.44191214666668,31.03019697166667,16.505000000000003,121.44191208781736,31.030196992490502,16.492964112439378,-148.20416557247748,-34.586917102731256,-0.6067874061326108,-148.20978415826485,-34.58460835878184,-0.6188232936932359,0.013481898691986125,0.006074454952419125,0.3049423514836428,0.0056186035542062866,-0.002308743612796735,0.012035887560625014,0.006074454952419125,0.013481898691986125,5,31
120997.32899999619,23.509000062942505,121.44190315666668,31.030194085,16.495,121.44190311166545,31.030194116058308,16.48468024268381,-149.0624777215533,-34.90696266620044,-0.6167874061326124,-149.06677417397933,-34.903519222743626,-0.6271071634488017,0.011696765008353592,0.005506080329563198,0.2881699476376848,0.004296466135607774,-0.003443442948732907,0.010319757316189282,0.005506080329563198,0.011696765008353592,5,31
120997.42899990082,23.608999967575073,121.44189421333334,31.030191146666667,16.485,121.4418941542345,31.030191194778403,16.476932995045143,-149.91633441422906,-35.232736527165564,-0.626787406132614,-149.92197682401186,-35.227402365231754,-0.6348544110874705,0.011196733326570684,0.00776468082052689,0.2747379987130261,0.0056424279526017295,-0.005334161137831964,0.008067004954856571,0.00776468082052689,0.011196733326570684,5,31
120997.52900004387,23.70900011062622,121.44188522,31.03018821666667,16.476,121.44188516863416,31.030188278465484,16.468182473877192,-150.7749648117523,-35.557586469088726,-0.6357874061326143,-150.7798689206047,-35.55073481686595,-0.6436049322554211,0.011493880050296208,0.008425886536728927,0.3045934361320813,0.004904124787389137,-0.006851651187819273,0.00781752612280684,0.008425886536728927,0.011493880050296208,5,31
120997.6289999485,23.80900001525879,121.44187625,31.030185351666667,16.463,121.4418762171605,31.030185378654707,16.462947475897707,-151.63136747986087,-35.87522984262566,-0.6487874061326124,-151.63450280220098,-35.87223767120974,-0.6488399302349066,0.0043342999982900945,0.004333981736677683,0.3462911024285299,0.0031353326201847115,-0.0029921709601326884,5.252410229417137e-05,0.004333981736677683,0.0043342999982900945,5,31
120997.72900009155,23.909000158309937,121.44186736333334,31.030182443333334,16.465,121.4418673568151,31.03018246343636,16.461394594548807,-152.47981397322354,-36.197677595321835,-0.6467874061326135,-152.4804362976712,-36.19544876698008,-0.6503928115838065,0.004284146706796661,0.002314079630839232,0.37512520829909374,0.0006223265069133007,-0.0022288280006896284,0.0036054054511929223,0.002314079630839232,0.004284146706796661,5,31
120997.82899999619,24.009000062942505,121.44185854999999,31.030179526666664,16.463,121.44185857050805,31.03017955247411,16.45994369512068,-153.3212590347533,-36.52104926776522,-0.6487874061326124,-153.3193010458283,-36.51818798871215,-0.6518437110119351,0.004621867701668338,0.0034670825684361317,0.3802435487565185,-0.001957995463095961,-0.0028612786132862556,0.0030563048793226244,0.0034670825684361317,0.004621867701668338,4,31
120997.92899990082,24.108999967575073,121.44184972500001,31.030176588333333,16.463,121.44184975953375,31.03017662382292,16.461850191377867,-154.16381795491716,-36.84682312873034,-0.6487874061326124,-154.1605208786526,-36.84288838772404,-0.6499372147547469,0.005260705946455703,0.005133514116815081,0.32041131494727015,-0.0032970873759907496,-0.003934740400918738,0.0011498086221344295,0.005133514116815081,0.005260705946455703,4,31
120998.02900004387,24.20900011062622,121.44184082833333,31.03017367,16.468,121.44184089432567,31.030173705137422,16.465956562898906,-155.01321919119277,-37.17037958371266,-0.6437874061326134,-155.00691863230026,-37.1664838879063,-0.645830843233707,0.007684360008064668,0.007407682063062505,0.2521849771807407,-0.0063005803221498225,-0.003895695207733328,0.0020434371010935592,0.007407682063062505,0.007684360008064668,5,31
120998.1289999485,24.30900001525879,121.44183202833334,31.030170793333333,16.468,121.4418319964291,31.03017082008051,16.467591117545023,-155.85339126136216,-37.48931644419044,-0.6437874061326134,-155.8564372904831,-37.48635097666432,-0.6441962885875903,0.004270777082607029,0.004251158904032349,0.26931561214485517,0.0030460395737448415,-0.002965467069875142,0.0004088824549768333,0.004251158904032349,0.004270777082607029,4,31
120998.22900009155,24.409000158309937,121.44182315666667,31.030167891666665,16.464,121.44182312992895,31.03016791806243,16.46289269451758,-156.70040564278474,-37.8110250617941,-0.6477874061326148,-156.70295840320983,-37.80809855554222,-0.6488947116150321,0.0040382165019433956,0.0038834349595656256,0.3019654952355061,0.002552769260744176,-0.002926505798144966,0.0011073054824173312,0.0038834349595656256,0.0040382165019433956,4,32
120998.32899999619,24.509000062942505,121.44181431999999,31.03016495833333,16.463,121.44181431193888,31.030164993121605,16.459832649064094,-157.5440784337292,-38.136244571616146,-0.6487874061326124,-157.54484806028634,-38.13238758530692,-0.6519547570685198,0.005049829687567534,0.003933022746215073,0.3096055142683725,0.0007696292441407306,-0.0038569857076230555,0.003167350935907365,0.003933022746215073,0.005049829687567534,4,32
120998.42899990082,24.608999967575073,121.441805535,31.03016207166667,16.46,121.44180553306597,31.030162101009292,16.45801798488689,-158.38281839195847,-38.45629013367482,-0.6517874061326125,-158.38300304189158,-38.45303690888578,-0.6537694212457232,0.003813915043287546,0.0032584603801206267,0.31496146006435516,0.00018465058330537472,-0.003253224279219132,0.001982015113110691,0.0032584603801206267,0.003813915043287546,4,32
120998.52900004387,24.70900011062622,121.441796765,31.030159190000003,16.46,121.44179676251336,31.030159224946782,16.45910359939389,-159.22012623824762,-38.77578134529567,-0.6517874061326125,-159.22036364981602,-38.77190678607227,-0.6526838067387217,0.003983980818469689,0.003881825487486719,0.28792230482881587,0.00023741241154015379,-0.003874558615139045,0.0008964006061091823,0.003881825487486719,0.003983980818469689,4,32
120998.6289999485,24.80900001525879,121.44178798833333,31.030156265,16.465,121.4417879749373,31.030156321892715,16.461633275233318,-160.05807058143162,-39.10007693678102,-0.6467874061326135,-160.05934955612028,-39.093769224682376,-0.6501541308992955,0.007263459441004312,0.006436070804188283,0.23940565746208994,0.001278979270156542,-0.006307711108083079,0.0033667247666819833,0.006436070804188283,0.007263459441004312,4,32
120998.72900009155,24.909000158309937,121.44177917333333,31.03015338333333,16.47,121.44177916310339,31.030153422937705,16.467683399286198,-160.8996747659704,-39.41956814840187,-0.6417874061326145,-160.90065145990025,-39.415177199959025,-0.6441040068464154,0.005059742976199408,0.004498261899669289,0.2559273982963078,0.0009766974590358654,-0.004390947755499858,0.0023166007138009093,0.004498261899669289,0.005059742976199408,4,32
120998.82899999619,25.009000062942505,121.44177034666667,31.030150488333334,16.475,121.44177033063544,31.030150530102226,16.47174073989215,-161.74239281157264,-39.740537630207754,-0.636787406132612,-161.743923379994,-39.73590670079627,-0.6400466662404618,0.0058660833377811505,0.004877310455073819,0.25249186424319725,0.0015305739991491316,-0.0046309286874557905,0.0032592601078498262,0.004877310455073819,0.0058660833377811505,4,31
120998.92899990082,25.108999967575073,121.44176152333333,31.030147573333338,16.479,121.4417614933955,31.030147620100248,16.473639260079537,-162.58479261358602,-40.063724517291185,-0.6327874061326142,-162.58765090029434,-40.05853945677713,-0.6381481460530765,0.00798700441773289,0.005920701569412778,0.21370723439212258,0.0028582972124238113,-0.005185059702597184,0.005360739920462265,0.005920701569412778,0.00798700441773289,4,31
120999.02999997139,25.210000038146973,121.44175264833332,31.030144643333333,16.484,121.44175255512957,31.03014466546485,16.476477983329108,-163.4321252410267,-40.38857445991961,-0.6277874061326116,-163.44102378633832,-40.386120732552044,-0.6353094228035054,0.011907401333946964,0.00923068100036382,0.252329659113107,0.008898578292108467,-0.0024537269835280323,0.007522016670893805,0.00923068100036382,0.011907401333946964,4,31
120999.13000011444,25.31000018119812,121.44174378666666,31.03014173,16.486,121.44174370633499,31.030141742428412,16.480863598922582,-164.27818488196561,-40.711576563758854,-0.6257874061326127,-164.28585447641996,-40.71019862216971,-0.6309238072100314,0.009332976869827255,0.00779242203840521,0.2753129504827277,0.007669623119487289,-0.0013779413738070462,0.00513640107741864,0.00779242203840521,0.009332976869827255,4,31
120999.23000001907,25.41000008583069,121.44173493000001,31.030138830000002,16.49,121.44173485159013,31.030138838813922,16.485425874089774,-165.12376715144808,-41.033100397413065,-0.621787406132615,-165.13125326445527,-41.03212319542219,-0.6263615320428393,0.008827222758422333,0.007549651235932934,0.2639286571645909,0.007486141219025177,-0.0009772018384325266,0.004574125910224325,0.007549651235932934,0.008827222758422333,5,32
120999.3299999237,25.509999990463257,121.44172605333333,31.030135923333333,16.491,121.44172598257344,31.030135932874902,16.489689547036146,-165.9712589043271,-41.3553633661598,-0.6207874061326137,-165.9780146407307,-41.35430548970363,-0.622097859096467,0.006962521841950281,0.006838086240254872,0.24532597468483253,0.006755762072580327,-0.0010578762913725614,0.001310452963853237,0.006838086240254872,0.006962521841950281,5,32
120999.43000006676,25.610000133514404,121.44171714833334,31.030132981666664,16.494,121.44171707733341,31.03013301725007,16.49500007139056,-166.82145575564803,-41.68150679502381,-0.6177874061326136,-166.82823440992385,-41.67756165287217,-0.6167873347420532,0.007906629521876424,0.007843127412581684,0.22124604499862685,0.006778680244028971,-0.003945141538551132,-0.0010000713905604641,0.007843127412581684,0.007906629521876424,5,32
120999.52999997139,25.710000038146973,121.44170824,31.030130081666666,16.494999999999997,121.44170815370302,31.030130119763502,16.500421175792905,-167.67197085541633,-42.00303062867802,-0.616787406132616,-167.68020998110234,-41.998806821449904,-0.6113662303397085,0.010729091543458236,0.009258739567041575,0.22803454765805567,0.008239157505504965,-0.004223806573433779,-0.005421175792907462,0.009258739567041575,0.010729091543458236,4,32
120999.63000011444,25.81000018119812,121.44169933833334,31.030127189999998,16.496,121.44169925190411,31.03012723012394,16.5054516842064,-168.52184945828984,-42.32363054329028,-0.6157874061326147,-168.53010121139792,-42.31918199007734,-0.6063357219262144,0.013312246745739493,0.009374517538622175,0.22487042443627536,0.008251785231978967,-0.0044485525249488315,-0.009451684206400301,0.009374517538622175,0.013312246745739493,5,33
120999.73000001907,25.91000008583069,121.44169044833333,31.030124293333333,16.505,121.44169038691027,31.030124327410693,16.509331011561045,-169.37061420009994,-42.6447848090456,-0.6067874061326144,-169.37647851046808,-42.641006642373064,-0.6024563945715684,0.008211126970082706,0.006976026446115701,0.24440964358000147,0.005864333379172951,-0.003778166088835112,-0.004331011561045983,0.006976026446115701,0.008211126970082706,4,32
120999.8299999237,26.009999990463257,121.44168158166667,31.030121383333334,16.509,121.4416815256583,31.03012142344946,16.514913259005432,-170.21715121006602,-42.96741734498596,-0.6027874061326131,-170.2224985589243,-42.96296965853514,-0.5968741471271812,0.009129233633442273,0.006955305505055333,0.2303102671792249,0.005347370007696548,-0.00444768576559096,-0.005913259005431826,0.006955305505055333,0.009129233633442273,5,32
120999.93000006676,26.110000133514404,121.44167264166666,31.03011852166667,16.522,121.44167264576959,31.030118530554223,16.521992990172244,-171.07068965672363,-43.28469115062401,-0.5897874061326149,-171.07029793213,-43.28370578527151,-0.5897944159603696,0.0010603976133621972,0.0010603744436467211,0.23114396719924704,-0.0003917261552563997,-0.0009853652013477705,7.009827754700382e-06,0.0010603744436467211,0.0010603976133621972,5,32
121000.02999997139,26.210000038146973,121.44166373833332,31.030115633333335,16.533,121.44166375413599,31.030115631421896,16.52970306503634,-171.92072738503552,-43.604921498042636,-0.5787874061326121,-171.91921863887896,-43.60513341961556,-0.582084341096273,0.003631944954309813,0.0015235629283120512,0.25136081779611225,-0.0015087522186117924,0.00021192154057760886,0.0032969349636609024,0.0015235629283120512,0.003631944954309813,5,32
121000.13000011444,26.31000018119812,121.44165483999998,31.03011273666667,16.54,121.44165487112183,31.030112734945206,16.536650889473066,-172.77028774189088,-43.92607576379797,-0.5717874061326143,-172.76731641327575,-43.926266622840025,-0.5751365166595477,0.004481275903670919,0.002977464089322539,0.26634942891948665,-0.002971340646971285,0.00019085901304775982,0.00334911052693343,0.002977464089322539,0.004481275903670919,4,32
121000.23000001907,26.41000008583069,121.44164594,31.030109865,16.545,121.4416459889704,31.03010985868929,16.54358079498779,-173.62000722175532,-44.244458272427416,-0.5667874061326117,-173.61533181791484,-44.24515794269146,-0.5682066111448236,0.004935915382302447,0.0047274853563562145,0.2453945764477561,-0.004675422918234725,0.0006996701581516383,0.0014192050122119326,0.0047274853563562145,0.004935915382302447,4,32
121000.3299999237,26.509999990463257,121.44163711833335,31.03010696333333,16.552,121.44163711743238,31.030106983271434,16.549499249004995,-174.4622478983304,-44.56616689003108,-0.5597874061326138,-174.46233391687375,-44.5639563469141,-0.5622881571276181,0.003338810295198631,0.002212215777972191,0.21974688446872745,8.60188970278659e-05,-0.0022105427834953153,0.0025007509950043527,0.002212215777972191,0.003338810295198631,4,32
121000.43000006676,26.610000133514404,121.44162825,31.030104076666664,16.558,121.44162825917043,31.030104121384664,16.555968937872667,-175.30894403373483,-44.88621245350026,-0.5537874061326136,-175.30806849522156,-44.88125455589027,-0.5558184682599467,0.005428860720897408,0.0050346117389343525,0.2527764045739901,-0.0008755421400266974,-0.004957896864886668,0.002031062127333172,0.0050346117389343525,0.005428860720897408,5,31
121000.52999997139,26.710000038146973,121.44161946166666,31.03010122,16.569,121.44161945293314,31.030101271760874,16.561901626829957,-176.1480022404115,-45.20293190728998,-0.5427874061326143,-176.1488360656765,-45.19719316421746,-0.5498857793026559,0.009165987902155438,0.005799002721269723,0.25532584607475395,0.0008338287445605433,-0.005738742212892843,0.007098373170041583,0.005799002721269723,0.009165987902155438,4,31
121000.63000011444,26.81000018119812,121.44161068,31.03009837833333,16.579,121.44161068941403,31.030098432418715,16.569404173413602,-176.9864239526227,-45.517988307650484,-0.5327874061326128,-176.9855251561373,-45.511991845664774,-0.5423832327190112,0.01135100327800531,0.00606344683666442,0.2696335056987705,-0.0008988002637863039,-0.0059964610919169175,0.00959582658639846,0.00606344683666442,0.01135100327800531,4,31
121000.73000001907,26.91000008583069,121.44160191499999,31.030095565000003,16.589,121.44160194324273,31.030095610548244,16.576931399820513,-177.82325443231395,-45.82990338228097,-0.5227874061326148,-177.82055798212573,-45.824853435804286,-0.5348560063121006,0.013357543462040223,0.005724758252363805,0.2616696415650593,-0.002696461606409958,-0.005049945727744459,0.012068600179485856,0.005724758252363805,0.013357543462040223,4,31
121000.8299999237,27.009999990463257,121.44159319,31.030092736666667,16.598,121.44159321030084,31.030092790189993,16.583829951501887,-178.65626594278277,-46.14348151245644,-0.5137874061326144,-178.654327740382,-46.13754736565916,-0.5279574546307266,0.015484218509255514,0.0062426555570140934,0.21337025999777,-0.0019382106673657762,-0.005934145921059614,0.014170048498112209,0.0062426555570140934,0.015484218509255514,5,31
121000.93000006676,27.110000133514404,121.44158448499999,31.030089926666665,16.607,121.44158449783369,31.030089971293627,16.592283883998594,-179.48736797714287,-46.45502701989329,-0.5047874061326141,-179.48614269207627,-46.450079215936135,-0.5195035221340198,0.015573893648440345,0.005097263305549333,0.21194603046423272,-0.0012252903302537295,-0.00494780323099923,0.014716116001405766,0.005097263305549333,0.015573893648440345,4,31
121001.02999997139,27.210000038146973,121.44157580333334,31.030087128333335,16.612000000000002,121.44157581752924,31.03008715811019,16.596633329602387,-180.31624227965898,-46.7652790403893,-0.4997874061326115,-180.31488693797522,-46.76197767186655,-0.5151540765302265,0.015775631746809425,0.00356875298977182,0.22064744817497878,-0.0013553475468596737,-0.0033013680390448397,0.015366670397614968,0.00356875298977182,0.015775631746809425,4,31
121001.13000011444,27.31000018119812,121.441567135,31.030084348333336,16.617,121.44156716342027,31.030084372674654,16.600332238428763,-181.14384359324404,-47.073498439557206,-0.4947874061326125,-181.14113019393622,-47.07079971048913,-0.5114551677038506,0.017101462282128877,0.0038269748354851116,0.24246754513030416,-0.002713411126344774,-0.0026987286730726905,0.01666776157123806,0.0038269748354851116,0.017101462282128877,4,32
121001.23000001907,27.41000008583069,121.44155851666667,31.030081571666663,16.62,121.44155854235045,31.030081602303554,16.60662453004183,-181.96667120198157,-47.381348271531486,-0.4917874061326124,-181.964219067389,-47.37795155071346,-0.5051628760907825,0.014016202137292473,0.004189358632479676,0.2531223462797209,-0.002452145346518364,-0.0033967203227643445,0.013375469958170072,0.004189358632479676,0.014016202137292473,4,32
121001.3299999237,27.509999990463257,121.44154995,31.030078786666664,16.623,121.44154996262543,31.030078829584223,16.612602823490516,-182.7845659852918,-47.69012202184246,-0.4887874061326123,-182.78336058392082,-47.685363739758145,-0.49918458264209775,0.01149763134217306,0.004908589116143661,0.2551434553441744,-0.0012054066933900012,-0.004758281392966855,0.010397176509485462,0.004908589116143661,0.01149763134217306,4,32
121001.43000006676,27.610000133514404,121.44154137666668,31.03007610166667,16.629,121.44154139245772,31.030076149693105,16.623213086223334,-183.6030972606383,-47.98780874294467,-0.48278740613261206,-183.60158962466488,-47.98248403852096,-0.48857431990927935,0.00800711099749988,0.005534027057008469,0.2921493639586492,-0.001507642675005464,-0.005324703656749752,0.005786913776667291,0.005534027057008469,0.00800711099749988,4,32
121001.52999997139,27.710000038146973,121.44153277833333,31.030073388333335,16.632,121.44153278877643,31.03007344931323,16.633300837597314,-184.42401538840852,-48.28863678977691,-0.47978740613261195,-184.42301834436043,-48.28187593106155,-0.47848656853529903,0.006956686114353558,0.0068339815070759995,0.24720031845566529,-0.0009970485097860113,-0.006760857749442022,-0.0013008375973129205,0.0068339815070759995,0.006956686114353558,4,32
121001.63000011444,27.81000018119812,121.44152412,31.03007064,16.636,121.44152414602031,31.030070701377504,16.637727730154918,-185.25066196150996,-48.59334529602117,-0.47578740613261417,-185.24817769719738,-48.586540355153055,-0.4740596759776956,0.007447407822325439,0.0072442274801264505,0.21289235710807403,-0.002484275502438773,-0.006804939897736188,-0.0017277301549185609,0.0072442274801264505,0.007447407822325439,4,32
121001.73000001907,27.91000008583069,121.44151548666666,31.03006797833333,16.647,121.4415154795504,31.030067986922443,16.64677287325807,-186.0749216846169,-48.888445045357464,-0.46478740613261493,-186.07560110211446,-48.887492767890386,-0.46501453287454453,0.0011916505345069132,0.0011698052998217517,0.20772277159219785,0.000679420578135593,-0.0009522773322393825,0.00022712674192959525,0.0011698052998217517,0.0011916505345069132,4,32
121001.83100008965,28.011000156402588,121.44150686166668,31.030065285,16.656,121.44150681224687,31.0300652579514,16.653636147461597,-186.89838578539064,-49.18705568550164,-0.4557874061326146,-186.90310409768753,-49.1900545716792,-0.45815125867101614,0.0060699084607981025,0.005590705670947181,0.29797119105588515,0.004718333829672119,0.0029988857548984083,0.002363852538401545,0.005590705670947181,0.0060699084607981025,4,32
121001.93099999428,28.111000061035156,121.44149834333332,31.030062573333332,16.657,121.44149833934269,31.030062555960544,16.655942749918996,-187.7116659892917,-49.487698948384434,-0.45478740613261337,-187.71204699102253,-49.48962507434049,-0.4558446562136176,0.0022300003449215156,0.001963446919212909,0.3000523474870405,0.00038100348047533734,0.001926125684484879,0.001057250081004213,0.001963446919212909,0.0022300003449215156,4,32
121002.03099989891,28.210999965667725,121.44148982166668,31.030059843333333,16.662,121.4414898617947,31.03005985169504,16.663311164146524,-188.52526443435232,-49.790374832595326,-0.44978740613261436,-188.5214332482569,-49.78944776810258,-0.44847624198608926,0.0041541211252372045,0.003941772558635153,0.2441627615052906,-0.0038312038018601126,-0.0009270643627180059,-0.0013111641465251012,0.003941772558635153,0.0041541211252372045,4,32
121002.13100004196,28.311000108718872,121.44148131333334,31.030057143333337,16.671,121.44148133793308,31.030057160150374,16.67406346077796,-189.33758989291113,-50.089724608537274,-0.440787406132614,-189.33524125556562,-50.08786009885894,-0.4377239453546551,0.004286879518852672,0.0029987570877057943,0.23175572341541484,-0.0023486482701262747,-0.0018645094192035064,-0.0030634607779589373,0.0029987570877057943,0.004286879518852672,4,31
121002.2309999466,28.41100001335144,121.44147278666667,31.030054473333333,16.676000000000002,121.44147280149133,31.030054474253642,16.68511146801764,-190.1516657118575,-50.38574827621027,-0.43578740613261147,-190.15025034011853,-50.385646241595225,-0.42667593811497184,0.009221309907573578,0.001419051434953966,0.21763448652468315,-0.0014153783646939104,-0.00010203460100035901,-0.009111468017639623,0.001419051434953966,0.009221309907573578,4,32
121002.33100008965,28.511000156402588,121.44146426166665,31.030051816666667,16.681,121.4414642982669,31.0300518104234,16.693823065545363,-190.96558240536552,-50.68029367299298,-0.43078740613261246,-190.96208803231153,-50.68098586611146,-0.4179643405872504,0.013308677591678414,0.003562287082562503,0.2453598037008594,-0.0034943895141087518,0.0006921930238585738,-0.012823065545362056,0.003562287082562503,0.013308677591678414,4,31
121002.43099999428,28.611000061035156,121.44145577166667,31.030049153333334,16.685000000000002,121.44145581721399,31.03004917039991,16.70002961253552,-191.77615750596613,-50.97557820557347,-0.4267874061326111,-191.771808916231,-50.973686029328135,-0.4117577935970935,0.015760075978647273,0.004742440498830435,0.25022726483458285,-0.004348610343126008,-0.001892175987746532,-0.0150296125355176,0.004742440498830435,0.015760075978647273,4,31
121002.53099989891,28.710999965667725,121.44144729833333,31.03004650333333,16.698999999999998,121.44144734035233,31.030046524069437,16.704551536708266,-192.58514137161754,-51.26938446726366,-0.41278740613261533,-192.5811296459388,-51.267085449527656,-0.40723586942434764,0.007224897045024088,0.0046238055201267,0.23606835397876494,-0.004011744804111576,-0.002299017423735173,-0.00555153670826769,0.0046238055201267,0.007224897045024088,4,32
121002.63100004196,28.811000108718872,121.44143882833332,31.030043851666665,16.708,121.44143886866388,31.03004385614113,16.70950324399599,-193.39380699125084,-51.5633755129033,-0.403787406132615,-193.3899564680489,-51.56287942735709,-0.402284162136624,0.004163233654214333,0.0038823667972127307,0.24899547189442767,-0.0038505416691178755,-0.0004960854790121972,-0.0015032439959909993,0.0038823667972127307,0.004163233654214333,4,32
121002.7309999466,28.91100001335144,121.44143040833333,31.030041228333335,16.718,121.4414304419207,31.0300412198687,16.716396385482312,-194.19769890360735,-51.854225232812915,-0.3937874061326134,-194.19449217973013,-51.85516370979099,-0.3953910206503011,0.0037061429507569904,0.0033412446857581614,0.2855674894199294,-0.00320673934848969,0.0009384768515818976,0.001603614517687646,0.0033412446857581614,0.0037061429507569904,4,32
121002.83100008965,29.011000156402588,121.44142205333334,31.030038599999997,16.724,121.44142206930462,31.030038609228832,16.722270965987995,-194.9953849991762,-52.145629305276124,-0.3877874061326132,-194.993860156579,-52.14460610212541,-0.38951644014461806,0.0025222352258689783,0.0018363311030270973,0.29834509152123706,-0.0015248499970344919,-0.001023203013330505,0.0017290340120048597,0.0018363311030270973,0.0025222352258689783,4,32
121002.93099999428,29.111000061035156,121.44141370999999,31.030035996666665,16.728,121.44141373257872,31.030035999631043,16.72752443874521,-195.79195723368164,-52.434261620613455,-0.38378740613261186,-195.78980154956446,-52.433932959090434,-0.3842629673874036,0.0022318593707918734,0.0021806049032166252,0.2863713802594692,-0.0021556946388895195,-0.00032866147902571455,0.0004755612547917565,0.0021806049032166252,0.0022318593707918734,4,32
121003.03099989891,29.210999965667725,121.44140526166666,31.03003337833333,16.732,121.44140535574292,31.030033383445943,16.735136900785204,-196.5985542469093,-52.724556990085254,-0.3797874061326141,-196.5895724014239,-52.72399015305414,-0.37665050534740985,0.009530781244007941,0.00899975802924271,0.26583127873102264,-0.008981889581294868,-0.0005668369556983029,-0.003136900785204233,0.00899975802924271,0.009530781244007941,4,32
121003.13100004196,29.311000108718872,121.44139693000001,31.030030743333334,16.738,121.44139695535422,31.030030753079984,16.74213355636368,-197.39401261306344,-53.016700196935716,-0.37378740613261385,-197.39159194256683,-53.01561958296087,-0.3696538497689339,0.004910572063296912,0.0026509299834422298,0.2900839148840435,-0.0024206824499707937,-0.0010806138318180173,-0.004133556363679958,0.0026509299834422298,0.004910572063296912,4,32
121003.2309999466,29.41100001335144,121.44138854666666,31.030028113333334,16.743000000000002,121.4413885763724,31.030028126283906,16.747541512032992,-198.19440381193277,-53.30828905264311,-0.3687874061326113,-198.19156768273055,-53.30685321924386,-0.3642458940996214,0.005543523906193502,0.0031788875023735404,0.3037789736034615,-0.0028361432873300015,-0.0014358332098400781,-0.004541512032989914,0.0031788875023735404,0.005543523906193502,5,33
121003.33100008965,29.511000156402588,121.44138018166664,31.030025549999998,16.747,121.44138023262033,31.03002552759136,16.751188645264303,-198.99304465041453,-53.59248655672009,-0.3647874061326135,-198.98817989354566,-53.59497100865344,-0.3605987608683101,0.006883556108824902,0.005462471560856797,0.30425958977468454,-0.004864781163672905,0.0024844516060375543,-0.004188645264303403,0.005462471560856797,0.006883556108824902,4,33
121003.43099999428,29.611000061035156,121.441371855,31.030022973333335,16.752,121.44137191065133,31.030022942043463,16.75708103323046,-199.7880256475415,-53.87816232957158,-0.3597874061326145,-199.78271238640673,-53.881631447241475,-0.3547063729021538,0.008129126667335606,0.00634553399522379,0.3057863837499033,-0.005313287817851694,0.003469117214682947,-0.005081033230460719,0.00634553399522379,0.008129126667335606,5,33
121003.53099989891,29.710999965667725,121.44136341833334,31.030020345000004,16.748,121.44136359979882,31.03002035193886,16.763360111305207,-200.59350879484717,-54.16956640203479,-0.3637874061326123,-200.57618354176978,-54.16879708895145,-0.3484272948274061,0.023166620117139016,0.01734241241418006,0.3149056332447066,-0.017325340570330573,-0.0007693129828387172,-0.015360111305206203,0.01734241241418006,0.023166620117139016,5,32
121003.63100004196,29.811000108718872,121.44135507666667,31.030017760000003,16.748,121.44135529068663,31.03001775108779,16.76934698682876,-201.38992190391426,-54.456166094633495,-0.3637874061326123,-201.3694885413444,-54.457154194271354,-0.34244041930385194,0.029566818119264895,0.020457343107804178,0.3044476887608155,-0.02043346633320238,0.0009880995093147394,-0.02134698682876035,0.020457343107804178,0.029566818119264895,5,32
121003.7309999466,29.91100001335144,121.44134678666666,31.030015165000002,16.756,121.44134699159864,31.03001513925147,16.774272324123803,-202.18140218755406,-54.74387449092887,-0.35578740613261317,-202.16183649018558,-54.74672923788213,-0.3375150820088102,0.026922998160152818,0.019772961362585013,0.3054110852603705,-0.0195657972746703,0.0028547465829358858,-0.018272324123802974,0.019772961362585013,0.026922998160152818,5,32
121003.83100008965,30.011000156402588,121.44133849500001,31.03001260833333,16.759,121.44133872773175,31.03001257085025,16.77857724058785,-202.97304158934432,-55.02733285920807,-0.35278740613261306,-202.950821735635,-55.03148861961581,-0.333210165544763,0.029904274899222927,0.02260524957202931,0.31315010397587184,-0.022219967779416636,0.004155759869797312,-0.019577240587850042,0.02260524957202931,0.029904274899222927,4,32
121003.93099999428,30.111000061035156,121.44133029666666,31.030010066666666,16.767,121.4413305190897,31.03001002550848,16.78115802660403,-203.75577007833436,-55.3091281733528,-0.34478740613261394,-203.73453443962043,-55.31369139305724,-0.3306293795285846,0.025927392696911435,0.02172049665038658,0.3382953101426103,-0.021235748304657603,0.004563219113814966,-0.014158026604029317,0.02172049665038658,0.025927392696911435,4,32
121004.03099989891,30.210999965667725,121.44132214333334,31.030007520000005,16.77,121.44132235930937,31.030007493273168,16.785814669242924,-204.53420223150405,-55.59147783793535,-0.3417874061326138,-204.5135821152405,-55.59444105004631,-0.325972736889689,0.026154884695017908,0.02083204815054364,0.3565449287388207,-0.02062022323834085,0.002963211728438698,-0.01581466924292485,0.02083204815054364,0.026154884695017908,4,32
121004.13100004196,30.311000108718872,121.44131400833334,31.030004998333332,16.774,121.44131422214883,31.030004956082767,16.790215658950565,-205.31088402671554,-55.87105574680253,-0.3377874061326125,-205.29047018587784,-55.87574007905681,-0.3215717471820483,0.026488106812003774,0.020944503032612343,0.3540963871850305,-0.02041394729754186,0.004684331650971252,-0.016215658950564205,0.020944503032612343,0.026488106812003774,4,32
121004.2309999466,30.41100001335144,121.44130588166666,31.030002481666664,16.777,121.44130611752338,31.030002431363165,16.79506136669648,-206.0867702044524,-56.15007930311614,-0.3347874061326124,-206.06425199813768,-56.155656466638696,-0.31672603943613353,0.02940055516309949,0.0231986998979206,0.3500567293725111,-0.02251832436007051,0.0055771628063412465,-0.018061366696478842,0.0231986998979206,0.02940055516309949,4,32
121004.33100008965,30.511000156402588,121.44129780666665,31.029999971666665,16.782,121.4412980428662,31.02999993204124,16.80180987596481,-206.85772355676198,-56.42836372433722,-0.32978740613261337,-206.83517261826466,-56.432757007184115,-0.30997753016780294,0.030336155022451083,0.02297501068128174,0.36135405878785,-0.022551057326949127,0.004393282285679373,-0.01980987596481043,0.02297501068128174,0.030336155022451083,4,32
121004.43099999428,30.611000061035156,121.44128979999999,31.02999746833333,16.787,121.44129001049994,31.02999744592911,16.80636357759516,-207.6221528414072,-56.70590901117104,-0.32478740613261436,-207.6020555485176,-56.70839297365532,-0.3054238285374531,0.028018273769440036,0.020250321669925637,0.39377376256633956,-0.020097399326391714,0.002483962167789528,-0.019363577595161274,0.020250321669925637,0.028018273769440036,5,32
121004.53200006485,30.712000131607056,121.44128183666665,31.029995006666663,16.795,121.44128196340813,31.029994935622536,16.809177394766344,-208.38244491809974,-56.97883470208981,-0.3167874061326117,-208.37034438844543,-56.98671138478684,-0.3026100113662693,0.020235241869759717,0.0144383687155774,0.3770629668625727,-0.012100594062309417,0.007876681693845845,-0.014177394766342388,0.0144383687155774,0.020235241869759717,5,32
121004.63199996948,30.812000036239624,121.441273945,31.029992544999995,16.805,121.44127405893377,31.02999246860316,16.81365247660904,-209.13589467868053,-57.25176039300859,-0.3067874061326137,-209.12501695622242,-57.26023053199557,-0.2981349295235738,0.016276814782712912,0.013786564038975019,0.3937632541605872,-0.010877780645444878,0.008470137910940055,-0.008652476609039894,0.013786564038975019,0.016276814782712912,5,32
121004.73200011253,30.91200017929077,121.44126614333332,31.02999010333333,16.816000000000003,121.44126625248154,31.029990043072925,16.818660978463843,-209.88075177733776,-57.52246867794455,-0.2957874061326109,-209.87033094989505,-57.52914976633541,-0.2931264276687706,0.012661459205715304,0.012378680981145408,0.43330743802117333,-0.010420883458277436,0.006681087544851568,-0.00266097846384028,0.012378680981145408,0.012661459205715304,5,32
121004.83200001717,31.01200008392334,121.44125844833334,31.029987705,16.822000000000003,121.44125855317641,31.029987667619398,16.82236476682153,-210.61542496697587,-57.788372583721284,-0.28978740613261067,-210.60541516965262,-57.792516981717,-0.28942263931108414,0.010840028134649324,0.010833889196678279,0.48047621529066536,-0.010009851383588675,0.004144397471813032,-0.00036476682152652984,0.010833889196678279,0.010840028134649324,5,32
121004.9319999218,31.111999988555908,121.44125082500001,31.029985343333337,16.827,121.44125094625312,31.029985297913424,16.825290116192868,-211.3432558477901,-58.0502112454313,-0.28478740613261166,-211.33167931728354,-58.05524696403261,-0.28649728993974577,0.012739688809504933,0.012624419524442532,0.4741927443919721,-0.011576593320316035,0.00503571796521012,0.001709883807134105,0.012624419524442532,0.012739688809504933,5,32
121005.03200006485,31.212000131607056,121.44124329833333,31.029982985,16.831,121.4412434223438,31.029982953345964,16.829398233828357,-212.06185756735664,-58.31168033994768,-0.2807874061326139,-212.05001778012138,-58.315189832228896,-0.2823891723042564,0.012452480792701753,0.012349033282973517,0.4862412900503109,-0.011839851775116896,0.0035094918388919186,0.001601766171642538,0.012349033282973517,0.012452480792701753,4,32
121005.13199996948,31.312000036239624,121.44123587500002,31.029980691666665,16.833000000000002,121.44123601488627,31.029980654261855,16.834670910451024,-212.77059362878077,-58.56594286607783,-0.27878740613261144,-212.75723811362462,-58.570089948285585,-0.27711649568158947,0.014084103337873377,0.01398463532225855,0.5035590386341819,-0.0133555882902115,0.004147081687033303,-0.0016709104510219674,0.01398463532225855,0.014084103337873377,4,33
121005.23200011253,31.41200017929077,121.44122858666667,31.029978448333335,16.839,121.44122876482344,31.029978409818327,16.838856966631287,-213.46644068760241,-58.81466187725098,-0.27278740613261476,-213.4494313314248,-58.81893204743629,-0.27293043950132656,0.017537850139187884,0.017537266861174447,0.5174039352647491,-0.01700944972996762,0.0042701696504649405,0.00014303336871179795,0.017537266861174447,0.017537850139187884,4,33
121005.33200001717,31.51200008392334,121.44122151666667,31.029976233333333,16.834,121.44122166998311,31.029976209342465,16.84264423118438,-214.14144256664648,-59.06023956410462,-0.27778740613261377,-214.12680481913083,-59.062899438392414,-0.26914317494823337,0.01720650114326094,0.014877531677802787,0.5938815275482339,-0.014637828369189908,0.002659873955315282,-0.008644231184380402,0.014877531677802787,0.01720650114326094,4,33
121005.4319999218,31.611999988555908,121.44121455499999,31.029974013333337,16.836000000000002,121.44121470076031,31.02997401912868,16.846110751780362,-214.80610142095014,-59.30637160139607,-0.2757874061326113,-214.79218508597742,-59.30572907043182,-0.2656766543522515,0.017213560791299654,0.013931237330248872,0.6852305251347177,-0.01391641216746399,-0.0006425308840670178,-0.010110751780359806,0.013931237330248872,0.017213560791299654,4,33
121005.53200006485,31.712000131607056,121.44120769000001,31.029971851666666,16.839,121.44120783935084,31.029971860894058,16.850873951550525,-215.46153110914761,-59.54603620680433,-0.27278740613261476,-215.4472719729466,-59.54501316304193,-0.2609134545820879,0.018583933223908507,0.014295868236886895,0.6868814485628847,-0.01425921562944448,-0.001023043635158316,-0.01187395155052684,0.014295868236886895,0.018583933223908507,4,33
121005.63199996948,31.812000036239624,121.44120091666667,31.029969726666664,16.844,121.44120109472001,31.029969747719445,16.855484937889642,-216.1082090051246,-59.78163556744061,-0.2677874061326122,-216.09120952398945,-59.779301439844424,-0.2563024682429713,0.020647942757909276,0.01715907170580592,0.6792006246924241,-0.016999576215912252,-0.0023341273068064917,-0.01148493788964089,0.01715907170580592,0.020647942757909276,4,34
121005.73200011253,31.91200017929077,121.44119434833334,31.029967704999997,16.843,121.44119448851264,31.029967673851118,16.860082115743385,-216.73531471268433,-60.005778332379755,-0.2687874061326134,-216.72193122188511,-60.009231817300304,-0.2517052903892285,0.021973735938271264,0.013821953292298277,0.5774169664393539,-0.013383565954770586,0.003453484493780292,-0.017082115743384918,0.013821953292298277,0.021973735938271264,5,34
121005.83200001717,32.01200008392334,121.44118787333333,31.029965663333336,16.85,121.44118803480431,31.02996563135624,16.863095270276137,-217.35350950501453,-60.23213850189119,-0.261787406132612,-217.33809320817892,-60.23568381140638,-0.24869213585647643,0.02053582741856049,0.015818789592123083,0.565024170600427,-0.015416383742756019,0.00354530907763336,-0.013095270276135551,0.015818789592123083,0.02053582741856049,4,33
121005.9319999218,32.11199998855591,121.44118156166665,31.02996364166667,16.856,121.4411817339744,31.029963625765333,16.86722548402839,-217.9561101938711,-60.45628126612508,-0.25578740613261175,-217.93965926709384,-60.45804425179517,-0.244561922104225,0.019993890672363516,0.01654521600181934,0.60853916361143,-0.016451019872305486,0.0017629854531075494,-0.011225484028386745,0.01654521600181934,0.019993890672363516,4,33
121006.03200006485,32.212000131607056,121.44117538833333,31.029961668333332,16.862000000000002,121.44117558791619,31.029961659034825,16.872896721632596,-218.54550363167783,-60.67506530005666,-0.24978740613261152,-218.52644863798176,-60.67609622860376,-0.23889068450001716,0.021974946314708296,0.019082969454360655,0.6087599678573272,-0.019055101935891185,0.0010309284208216002,-0.010896721632594364,0.019082969454360655,0.021974946314708296,4,33
121006.13199996948,32.312000036239624,121.44116934999998,31.02995974666667,16.868000000000002,121.44116957355546,31.029959742007218,16.878636866051647,-219.12200806688207,-60.888121035787044,-0.2437874061326113,-219.10066431042148,-60.88863763023657,-0.2331505400809668,0.023853111402167542,0.021350128902739397,0.5987794992624008,-0.02134387814815655,0.0005165943865680018,-0.010636866051644489,0.021350128902739397,0.023853111402167542,5,33
121006.23200011253,32.41200017929077,121.44116349666668,31.02995784333333,16.868000000000002,121.44116366234908,31.029957859812416,16.882040838222284,-219.68084978977774,-61.09914414948407,-0.2437874061326113,-219.6650314123076,-61.097317108754,-0.229746567910329,0.0212298644387071,0.015923630430953132,0.7070535910513748,-0.015818467975260795,-0.001827040507822783,-0.014040838222282304,0.015923630430953132,0.0212298644387071,5,32
121006.33200001717,32.51200008392334,121.44115767833334,31.029955971666663,16.869,121.44115781307448,31.0299559927359,16.885485280229627,-220.2363499246246,-61.3066563709627,-0.24278740613261363,-220.2234856351358,-61.304320418864,-0.22630212590298626,0.02104074569807627,0.013074728115022975,0.7419578336766101,-0.012864363349934568,-0.0023359518151349927,-0.016485280229627364,0.013074728115022975,0.02104074569807627,5,32
121006.4319999218,32.61199998855591,121.44115189666667,31.029954110000002,16.872,121.44115200251103,31.029954113679462,16.888572677031398,-220.7883493411257,-61.51305988874467,-0.2397874061326135,-220.77824394416004,-61.51265194634622,-0.22321472910121543,0.019414949537348368,0.010113685853869197,0.6990192570682114,-0.01010545518968023,-0.0004079423490137001,-0.016572677031398086,0.010113685853869197,0.019414949537348368,4,32
121006.53200006485,32.712000131607056,121.44114616999998,31.029952251666668,16.879,121.4411462985814,31.02995227199527,16.896909145494792,-221.33509768132276,-61.71909384003827,-0.23278740613261206,-221.3228214876596,-61.716840001836495,-0.21487826063782123,0.02182942856450669,0.012481444591845683,0.7195310560778091,-0.012276264646886016,-0.0022538379309369953,-0.017909145494790835,0.012481444591845683,0.02182942856450669,5,32
121006.63199996948,32.812000036239624,121.44114064499999,31.02995053833333,16.898,121.4411407506392,31.02995048670617,16.91106626150636,-221.8625920791207,-61.90905159971968,-0.2137874061326137,-221.85250626947797,-61.9147755175633,-0.2007211446262538,0.017470407959274195,0.011596894606354241,0.6058626419081263,-0.01008586817169065,0.005723917166955301,-0.013066261506359922,0.011596894606354241,0.017470407959274195,5,32
121006.73200011253,32.91200017929077,121.44113499666668,31.029948715,16.9,121.44113514652453,31.02994869113745,16.91180722178416,-222.40186161116983,-62.11120509019075,-0.21178740613261482,-222.3875540690411,-62.113850738013696,-0.19998018434845477,0.018738145115276782,0.014550175122685896,0.6132271051253357,-0.014307625426846106,0.002645647509759056,-0.011807221784160049,0.014550175122685896,0.018738145115276782,4,32
121006.83200001717,33.01200008392334,121.44112940166666,31.029946919999997,16.905,121.44112956238638,31.029946878868934,16.907634534016644,-222.93603919721187,-62.310217256342305,-0.20678740613261226,-222.9206946274375,-62.314777468826534,-0.20415287211596933,0.016223281857746,0.016007938803950423,0.6327703964007524,-0.015344659390556374,0.004560211940122057,-0.002634534016642931,0.016007938803950423,0.016223281857746,5,32
121006.9319999218,33.11199998855591,121.44112386666666,31.029945033333334,16.902,121.44112404394511,31.029944986459242,16.903692813584247,-223.46448833549348,-62.519392531250155,-0.20978740613261238,-223.44756283579576,-62.52458947536191,-0.20809459254836682,0.017786223224230145,0.017705482731378362,0.6287728975739164,-0.01692559887108479,0.00519694348692293,-0.001692813584245556,0.017705482731378362,0.017786223224230145,4,32
121007.03200006485,33.212000131607056,121.44111828666668,31.029943138333337,16.912,121.44111847145118,31.029943087479193,16.91517567181243,-223.99723380716614,-62.72949172590522,-0.19978740613261436,-223.97959167332857,-62.73512993938331,-0.1966117343201823,0.018791564128076286,0.018521284807467543,0.6392445683455045,-0.017642237591717024,0.005638212808748419,-0.003175671812432057,0.018521284807467543,0.018791564128076286,5,32
121007.13199996948,33.312000036239624,121.44111273666667,31.02994126,16.916,121.44111292162978,31.029941222348825,16.92646643326806,-224.52711505738785,-62.937743082476366,-0.19578740613261303,-224.50945586997142,-62.941917479327365,-0.1853209728645524,0.020948088022194892,0.018145968324420135,0.6882099041286611,-0.017659291646235097,0.004174396361639635,-0.010466433268060626,0.018145968324420135,0.020948088022194892,4,32
121007.23200011253,33.41200017929077,121.441107305,31.029939485,16.918,121.44110750309966,31.029939436667995,16.929356554700217,-225.04569853752696,-63.13453784264512,-0.19378740613261414,-225.02678515169697,-63.13989642625376,-0.18243085143239668,0.022702558141370583,0.019657945251304383,0.6679945438736218,-0.018913497823897143,0.005358582981415752,-0.011356554700217458,0.019657945251304383,0.022702558141370583,4,32
121007.33299994469,33.51300001144409,121.44110187333332,31.02993766666667,16.919,121.44110205702165,31.029937615940852,16.932925907915667,-225.5642820200954,-63.33613698197311,-0.19278740613261292,-225.54674454227376,-63.341760967575844,-0.1788614982169463,0.023089540938775157,0.018417274214382214,0.6745072514245505,-0.017537582011632382,0.005623984946016154,-0.013925907915666613,0.018417274214382214,0.023089540938775157,4,32
121007.43300008774,33.61300015449524,121.44109646500002,31.029935769999998,16.922,121.4410966595771,31.029935719826707,16.937613753826078,-226.0806377708198,-63.54642096057762,-0.1897874061326128,-226.06206069759858,-63.551983688173706,-0.1741736523065356,0.024896686604320647,0.019392155510216454,0.6741962035153684,-0.01857718396914427,0.005562726948987121,-0.015613753826077215,0.019392155510216454,0.024896686604320647,4,32
121007.53299999237,33.71300005912781,121.44109110333332,31.02993395,16.914,121.44109123688126,31.029933833816163,16.942717764756917,-226.59253806757343,-63.74820488385505,-0.19778740613261192,-226.57978769696322,-63.76108621924273,-0.16906964137569602,0.033958985133476616,0.018124642304391148,0.6635381792294717,-0.012750446883416078,0.012881333895808712,-0.028717764756915898,0.018124642304391148,0.033958985133476616,4,32
121007.632999897,33.812999963760376,121.44108569500001,31.029932060000004,16.918,121.44108579958477,31.029931961751153,16.94839648690854,-227.10889381586856,-63.95774972666179,-0.19378740613261414,-227.098908680644,-63.96864260468404,-0.16339091922407434,0.033798007382614986,0.014776971498052838,0.6342430940680913,-0.009985195160216785,0.010892876767257089,-0.0303964869085398,0.014776971498052838,0.033798007382614986,4,32
121007.73300004005,33.91300010681152,121.44108026166666,31.02993014666667,16.929000000000002,121.44108036978943,31.029930067067358,16.957003153208316,-227.62763642387534,-64.16988154335021,-0.18278740613261135,-227.61731349903692,-64.17870674166802,-0.15478425292429776,0.03112273699707456,0.013581169632280935,0.613629071137728,-0.010322987019914152,0.008825197310399002,-0.02800315320831359,0.013581169632280935,0.03112273699707456,5,33
121007.83299994469,34.01300001144409,121.4410748,31.02992825333333,16.94,121.44107495499668,31.029928179851968,16.966383856137316,-228.14908412546538,-64.3797959547611,-0.17178740613261212,-228.13428595770262,-64.38794285424873,-0.14540354999529725,0.03132839347207943,0.01689261296741572,0.6481423654342322,-0.014798257214984324,0.008146898567311739,-0.026383856137314865,0.01689261296741572,0.03132839347207943,5,32
121007.93300008774,34.11300015449524,121.44106943166668,31.029926386666663,16.947000000000003,121.44106959250156,31.029926318142422,16.975332296164304,-228.66162091425525,-64.5867538243914,-0.16478740613261067,-228.6462653471088,-64.5943511268803,-0.13645510996830978,0.033109429186045196,0.017132288086653312,0.6488752791891287,-0.015355660288230724,0.0075973016391701126,-0.028332296164300885,0.017132288086653312,0.033109429186045196,5,32
121008.03299999237,34.21300005912781,121.44106406166665,31.029924515,16.96,121.44106426317471,31.029924480053097,16.98257698211105,-229.17431682848343,-64.79426604516476,-0.15178740613261255,-229.15507802781605,-64.79814061849332,-0.12921042402156502,0.02991435095014778,0.019625194814983295,0.6445474071738464,-0.01923891775490976,0.00387457289850961,-0.022576982111047528,0.019625194814983295,0.02991435095014778,4,32
121008.132999897,34.312999963760376,121.44105876999998,31.02992263,16.966,121.44105896605316,31.029922613876163,16.98830493352466,-229.67953393456358,-65.00325653682843,-0.14578740613261232,-229.660815933676,-65.00504419171892,-0.12348247260795375,0.029173165837911737,0.018803285496605718,0.6233263814035666,-0.018718115187294944,0.0017876546931723937,-0.022304933524658566,0.018803285496605718,0.029173165837911737,4,32
121008.23300004005,34.41300010681152,121.44105350833334,31.029920720000003,16.971,121.44105370932654,31.029920711156624,16.9933287193908,-230.18188681676358,-65.21501878561797,-0.1407874061326133,-230.16269717267292,-65.21599925365875,-0.11845868674181403,0.029458105503166063,0.019214793004417377,0.621677596798401,-0.019189761666963654,0.0009804679330499997,-0.02232871939079928,0.019214793004417377,0.029458105503166063,4,32
121008.33299994469,34.51300001144409,121.44104830833334,31.02991878833333,16.979,121.44104849853969,31.029918773610333,16.99884532304502,-230.6783521330526,-65.42918322504501,-0.1327874061326142,-230.66019235264693,-65.4308155680136,-0.11294208308759224,0.02694963950045565,0.01823310786572711,0.6364545383312525,-0.018159892055260002,0.0016323427901469077,-0.019845323045021956,0.01823310786572711,0.02694963950045565,4,33
121008.43300008774,34.61300015449524,121.44104311166666,31.029916911666668,16.98,121.44104329784766,31.029916844615542,17.00424186371444,-231.17449920089425,-65.63724979696146,-0.13178740613261297,-231.15672373819302,-65.64468377509206,-0.1075455424181726,0.030966158107550417,0.019267459396410048,0.6264549460605247,-0.01777557236118553,0.007433977322037445,-0.02424186371444037,0.019267459396410048,0.030966158107550417,4,32
121008.53299999237,34.71300005912781,121.441037965,31.029915014999997,16.990000000000002,121.4410381074139,31.02991496693951,17.00980793555218,-231.66587256145905,-65.84753377627122,-0.12178740613261141,-231.6522757235861,-65.85286225594113,-0.1019794705804351,0.024609414642695584,0.014603731653825669,0.5988445223235314,-0.013596922032849157,0.005328479093472255,-0.019807935552176303,0.014603731653825669,0.024609414642695584,4,33
121008.632999897,34.812999963760376,121.44103282166667,31.029913135,17.001,121.4410329223071,31.029913117907917,17.015867380052292,-232.15692767843504,-66.05596991608655,-0.11078740613261218,-232.14731912364306,-66.05786492041656,-0.09592002608032146,0.017803244145589727,0.009793697590196618,0.5874718653893054,-0.009608614460454934,0.0018950041262644688,-0.014867380052290713,0.009793697590196618,0.017803244145589727,4,33
121008.73300004005,34.91300010681152,121.44102763999999,31.029911236666667,17.011000000000003,121.44102771972096,31.02991124896727,17.02443071898149,-232.65164263676579,-66.26643867864051,-0.10078740613261061,-232.6440313475745,-66.26507490709557,-0.0873566871511251,0.015497629814533027,0.007732549224458114,0.5837816164893979,-0.00761133661572489,-0.0013637713997563337,-0.013430718981485512,0.007732549224458114,0.015497629814533027,4,33
121008.83299994469,35.01300001144409,121.44102239,31.029909295,17.019,121.44102244449606,31.029909306232813,17.032743753864366,-233.1528816554731,-66.48171181964844,-0.09278740613261505,-233.1476786935827,-66.48046643483107,-0.07904365226824694,0.014748318692311168,0.005349965791072116,0.584985577833683,-0.005202994421429257,-0.0012453846860379812,-0.013743753864368102,0.005349965791072116,0.014748318692311168,5,33
121008.93300008774,35.11300015449524,121.44101705833333,31.029907335,17.025,121.44101705737006,31.029907306280982,17.040240252755243,-233.66191772591716,-66.69901758339498,-0.08678740613261482,-233.66200969377886,-66.70220166891896,-0.07154715337737017,0.015569590898316861,0.003185413112487766,0.5826642928513477,9.19684387487276e-05,0.003184085190990203,-0.015240252755244654,0.003185413112487766,0.015569590898316861,5,33
121009.03299999237,35.21300005912781,121.44101157333334,31.029905343333333,17.031,121.44101153031639,31.029905292308754,17.04658753481132,-234.18559315935124,-66.91983423935993,-0.08078740613261459,-234.18970016400675,-66.92549134881624,-0.06519987132129401,0.01708337852706426,0.006990749631107476,0.5874008826970627,0.00410703051531723,0.005657108868590245,-0.01558753481132058,0.006990749631107476,0.01708337852706426,5,33
121009.132999897,35.312999963760376,121.44100593833333,31.029903285,17.038,121.44100585326382,31.029903268037486,17.052683114324292,-234.72358970732787,-67.14804224695527,-0.07378740613261314,-234.7317116418887,-67.1499228858846,-0.05910429180832111,0.01688482463487019,0.00833687331618331,0.5400689259522755,0.008121985880184443,0.0018806387351572493,-0.014683114324292035,0.00833687331618331,0.01688482463487019,5,36
121009.23300004005,35.41300010681152,121.44100013833334,31.029901268333333,17.045,121.44100002288785,31.029901246748604,17.05923159496698,-235.27733948178718,-67.3716306600461,-0.06678740613261169,-235.28836153533956,-67.37402376554974,-0.05255581116563235,0.018159087345447963,0.011278925388327407,0.5344728455001811,0.011022123440527205,0.0023931052582862487,-0.014231594966979344,0.011278925388327407,0.018159087345447963,5,36
121009.33299994469,35.51300001144409,121.44099413999999,31.029899211666663,17.053,121.44099408041042,31.029899225146234,17.065679140536005,-235.85002495262754,-67.59965388510251,-0.058787406132612574,-235.85571421359586,-67.59815940103553,-0.04610826559660808,0.01397720248025438,0.0058823111480332995,0.4889294190147384,0.005689297168425616,-0.0014944839148084202,-0.012679140536004496,0.0058823111480332995,0.01397720248025438,4,36
121009.43300008774,35.61300015449524,121.44098807666666,31.02989715833333,17.058999999999997,121.44098806396298,31.02989716937313,17.070712862876672,-236.42891624025557,-67.8273075415548,-0.0527874061326159,-236.43012911167716,-67.82608355638163,-0.04107454325594162,0.011838934582106908,0.0017231411061292728,0.5166049279470065,0.0012128791659533685,-0.0012239850491034094,-0.01171286287667428,0.0017231411061292728,0.011838934582106908,5,36
121009.53299999237,35.71300005912781,121.44098191333333,31.029895068333335,17.058999999999997,121.4409819742481,31.029895069975463,17.073212372391236,-237.01735493514934,-68.0590264420738,-0.0527874061326159,-237.0115391521732,-68.05884437900981,-0.038575033741377496,0.0153573578786002,0.005818669265748654,0.5873808015674401,-0.005815820240655095,-0.00018206304554877238,-0.014212372391238404,0.005818669265748654,0.0153573578786002,5,35
121009.632999897,35.812999963760376,121.44097569333334,31.029892965,17.055999999999997,121.44097579727597,31.02989295703858,17.070231918568126,-237.61120382935616,-68.29222361348309,-0.05578740613261601,-237.6012800019906,-68.2931062982042,-0.04155548756448724,0.01737268701658446,0.009963069208148346,0.6216644862148385,-0.009923891166702233,0.0008826846309997113,-0.014231918568128776,0.009963069208148346,0.01737268701658446,4,36
121009.73300004005,35.91300010681152,121.440969385,31.029890891666664,17.052,121.44096950436725,31.029890873421888,17.065592684271728,-238.21348627219461,-68.52209467662342,-0.059787406132613796,-238.2020897929852,-68.52411748005458,-0.04619472186088558,0.01785312892593875,0.011574676960300153,0.6235840974324943,-0.011396552718177804,0.0020228032225348314,-0.013592684271728217,0.011574676960300153,0.01785312892593875,5,36
121009.83299994469,36.01300001144409,121.440962995,31.029888808333332,17.055,121.4409631028175,31.029888796286645,17.061412831154747,-238.82356576434057,-68.75307444134465,-0.05678740613261368,-238.8132719860605,-68.75441006110508,-0.050374574977865905,0.012201291975529764,0.01038013113851763,0.564704869803395,-0.010293844892937925,0.0013356196213589837,-0.006412831154747778,0.01038013113851763,0.012201291975529764,4,36
121009.93300008774,36.11300015449524,121.44095650833333,31.029886708333333,17.05,121.44095661729517,31.029886717177828,17.054851536210005,-239.4428744201635,-68.98590204485505,-0.06178740613261269,-239.4324713872315,-68.98492145339412,-0.05693586992260791,0.011520566927750874,0.01044921330722077,0.5046035353228913,-0.010403100467137775,-0.0009805913575172158,-0.004851536210004781,0.01044921330722077,0.011520566927750874,4,36
121010.03299999237,36.21300005912781,121.440949955,31.02988463,17.041,121.44095007698724,31.029884623645938,17.046020799997088,-240.0685480157831,-69.21632745913847,-0.07078740613261303,-240.05690139555324,-69.21703193573595,-0.06576660613552576,0.012702371797680797,0.011667982545228845,0.556382569285945,-0.011646696076818027,0.0007044765219626374,-0.005020799997087266,0.011667982545228845,0.012702371797680797,4,35
121010.13400006294,36.31400012969971,121.44094335,31.029882535000002,17.03,121.44094341877572,31.029882505110685,17.034813637296516,-240.69915443925933,-69.44860071080055,-0.08178740613261226,-240.69258814090904,-69.45191454828515,-0.07697376883609763,0.008790304764773143,0.0073551583147609245,0.575979974601132,-0.006566341246156164,0.003313837122464693,-0.004813637296514628,0.0073551583147609245,0.008790304764773143,5,35
121010.23399996758,36.414000034332275,121.44093665166665,31.02988046666667,17.016,121.44093677072419,31.02988041726954,17.026181039398114,-241.33867178282358,-69.67791742209256,-0.09578740613261516,-241.32730487043875,-69.68339409622041,-0.08560636673449906,0.01621283154408071,0.012617541101607172,0.6087781240484393,-0.011366986874477007,0.005476673520141014,-0.010181039398116098,0.012617541101607172,0.01621283154408071,4,36
121010.33400011063,36.51400017738342,121.44092994333332,31.029878356666668,17.003999999999998,121.44093005715668,31.029878319566905,17.01674947439405,-241.97914386201296,-69.91185372859437,-0.10778740613261562,-241.96827668022132,-69.9159669901536,-0.09503793173856323,0.017250078460591733,0.011619643263541852,0.5781288511474617,-0.010867253228539953,0.00411326109537937,-0.012749474394052385,0.011619643263541852,0.017250078460591733,4,37
121010.43400001526,36.61400008201599,121.44092315166667,31.02987622,16.99,121.44092326413623,31.02987618775545,17.006409867021368,-242.6275721159482,-70.14874657617149,-0.12178740613261496,-242.61683418668045,-70.15232153896552,-0.10537753911124526,0.01993410989619671,0.011317464455195362,0.5668521677936869,-0.010738000076757442,0.0035749623838814883,-0.016409867021369706,0.011317464455195362,0.01993410989619671,5,36
121010.53399991989,36.71399998664856,121.44091629666667,31.02987404666667,16.976,121.4409163752872,31.029874010633577,16.99659672237205,-243.28204706366202,-70.38970466711008,-0.1357874061326143,-243.27454084103573,-70.39369966677242,-0.11519068376056296,0.022282933259511598,0.008503184237477613,0.5453093665621939,-0.007506272283678536,0.003994999196466395,-0.020596722372051346,0.008503184237477613,0.022282933259511598,4,36
121010.63400006294,36.81400012969971,121.44090928166666,31.02987186333333,16.966,121.44090936374407,31.02987181675149,16.987880093122786,-243.95179786883133,-70.63177146174533,-0.14578740613261232,-243.94396160358022,-70.6369360041877,-0.12390731300982694,0.023807957400855055,0.0093851137733737,0.5557152863214924,-0.007836317260811423,0.005164541831283557,-0.021880093122785382,0.0093851137733737,0.023807957400855055,5,36
121010.73399996758,36.914000034332275,121.44090219166668,31.029869676666667,16.95,121.4409022746103,31.02986961119447,16.97836850958275,-244.62870923127196,-70.87420782357421,-0.1617874061326141,-244.62079026345117,-70.88146674467401,-0.1334188965498626,0.030334388823401736,0.010742569959867911,0.5711090787762372,-0.007919020550091126,0.007258920227546993,-0.0283685095827515,0.010742569959867911,0.030334388823401736,5,36
121010.83400011063,37.01400017738342,121.44089507833333,31.02986742,16.939,121.44089515115803,31.02986739108046,16.97087274567398,-245.30784832312727,-71.12440510563763,-0.17278740613261334,-245.300895450267,-71.12761142301028,-0.140914660458634,0.03277949774354777,0.007656602087158756,0.5048003719449147,-0.006952919309828914,0.003206316982472573,-0.03187274567397935,0.007656602087158756,0.03277949774354777,4,36
121010.93400001526,37.11400008201599,121.44088788333332,31.029865211666667,16.936999999999998,121.44088799912456,31.029865188294018,16.96697804590215,-245.99478446671938,-71.3692436566935,-0.17478740613261579,-245.98372940161667,-71.37183498906978,-0.14480936023046453,0.03205642432953144,0.01135478333934592,0.554440890099706,-0.011055139205196348,0.002591332058463043,-0.02997804590215125,0.01135478333934592,0.03205642432953144,5,36
121011.03399991989,37.21399998664856,121.44088061166667,31.029862973333334,16.93,121.44088072651522,31.029862988692006,16.961225755715073,-246.68904028816263,-71.61740831672357,-0.18178740613261368,-246.6780752256302,-71.61570549661546,-0.15056165041754,0.03313882359227216,0.011096567446840334,0.4599446464070108,-0.010965136273668546,-0.0017028198971573147,-0.03122575571507369,0.011096567446840334,0.03313882359227216,4,36
121011.13400006294,37.31400012969971,121.44087321333333,31.029860763333332,16.923,121.4408733172201,31.029860769826165,16.953079590455726,-247.39538949716294,-71.86243165243414,-0.18878740613261513,-247.38547100207742,-71.86171178992764,-0.15870781567688752,0.03168087492709043,0.00994465052989029,0.47478340365344207,-0.009918562005827958,-0.0007198624161555523,-0.03007959045572761,0.00994465052989029,0.03168087492709043,4,36
121011.23399996758,37.414000034332275,121.44086571499999,31.029858445,16.919,121.44086576702742,31.029858468963553,16.94826153323567,-248.11128611828764,-72.11946593498492,-0.19278740613261292,-248.10631884560271,-72.11680908907508,-0.16352587289694398,0.029798830308061686,0.005633201614224187,0.516835726951807,-0.0049673063148578936,-0.00265684557339543,-0.029261533235668935,0.005633201614224187,0.029798830308061686,4,36
121011.33400011063,37.51400017738342,121.44085809333335,31.029856145,16.917,121.44085814955328,31.029856138622772,16.945796898474725,-248.8389578736635,-72.3744675962076,-0.1947874061326118,-248.83359032530262,-72.37517464135479,-0.16599050765788803,0.0293014034028611,0.00541395230987968,0.4715611870678265,-0.0053675848294033116,0.0007070450571292772,-0.028796898474723776,0.00541395230987968,0.0293014034028611,5,36
121011.43400001526,37.61400008201599,121.44085047166666,31.029853866666667,16.909,121.44085055492242,31.029853855646447,16.93827476710575,-249.56662963146866,-72.62706706749802,-0.20278740613261448,-249.55868086361195,-72.62828888259223,-0.17351263902686398,0.030359324641796574,0.008042176546810272,0.5560663795286095,-0.007948822042951526,0.0012218149367040562,-0.0292747671057505,0.008042176546810272,0.030359324641796574,5,35
121011.53399991989,37.71399998664856,121.44084288333333,31.029851556666667,16.899,121.44084297206491,31.02985152908569,16.929825694736458,-250.2911189193755,-72.88317743171208,-0.2127874061326125,-250.28264735243766,-72.88623534234414,-0.18196171139615558,0.032114524737705055,0.009006622182785449,0.5469113750374751,-0.008471624882659116,0.0030579102326513514,-0.03082569473645691,0.009006622182785449,0.032114524737705055,4,35
121011.63400006294,37.81400012969971,121.44083518833334,31.0298491,16.893,121.4408353172561,31.029849123618618,16.922742446778827,-251.02579211144283,-73.15554877078253,-0.21878740613261272,-251.01348332649562,-73.15293016819426,-0.18904495935378662,0.032295177423863466,0.012584329320528689,0.4643834520043155,-0.0123088694340255,-0.0026186022423481652,-0.029742446778826093,0.012584329320528689,0.032295177423863466,5,35
121011.73399996758,37.914000034332275,121.44082738833335,31.029846726666666,16.89,121.44082750199989,31.02984671202678,16.918753431241978,-251.77049008223247,-73.41868092013864,-0.22178740613261283,-251.75963787212268,-73.42030404820589,-0.19303397489063556,0.030776069258561894,0.010972995526322063,0.4790915786806123,-0.010852284865377242,0.0016231278512144583,-0.028753431241977268,0.010972995526322063,0.030776069258561894,5,35
121011.83400011063,38.01400017738342,121.44081948833333,31.029844308333335,16.889,121.44081956458099,31.029844288392628,16.914883535124766,-252.5247354651464,-73.68680223119291,-0.22278740613261405,-252.51745579032715,-73.6890130634657,-0.1969038710078479,0.026978501937166877,0.007608033663090204,0.46895328563789856,-0.007279725145304077,0.0022108319763250437,-0.025883535124766155,0.007608033663090204,0.026978501937166877,4,35
121011.93400001526,38.11400008201599,121.44081151333333,31.029841851666667,16.887999999999998,121.44081157948084,31.02984184711905,16.90886639258509,-253.28614140533168,-73.95917357096862,-0.22378740613261527,-253.27982603266082,-73.95967776627684,-0.2029210135475239,0.021806995156182427,0.00633551088915546,0.4364565502299588,-0.006315416485602441,0.000504195239950093,-0.020866392585091376,0.00633551088915546,0.021806995156182427,4,34
121012.03399991989,38.21399998664856,121.44080349666667,31.029839385,16.884999999999998,121.4408036219848,31.029839412715777,16.902302607571905,-254.05152543046054,-74.23265361303046,-0.2267874061326154,-254.0395607974239,-74.22958075727564,-0.2094847985607089,0.02125975319031481,0.012353010844555461,0.5356308112191938,-0.011964716336781825,-0.003072855334383798,-0.017302607571906492,0.012353010844555461,0.02125975319031481,4,34
121012.13400006294,38.31400012969971,121.440795605,31.02983695833333,16.887999999999998,121.4407957434736,31.029836968679337,16.90091048035472,-254.80497519589989,-74.50169884453722,-0.22378740613261527,-254.79175455463255,-74.50055177974089,-0.2108769257778924,0.01851442838529296,0.01327040148015337,0.4320656782134133,-0.013220733646780584,-0.0011470646386932527,-0.012910480354722864,0.01327040148015337,0.01851442838529296,4,34
121012.23399996758,38.414000034332275,121.44078755000001,31.029834474999998,16.878999999999998,121.44078769339805,31.029834487181148,16.890034329947177,-255.5740190623836,-74.77702672468298,-0.23278740613261562,-255.56032826463547,-74.77567619717847,-0.22175307618543627,0.017635785577502356,0.013757343331923544,0.44344941980291763,-0.013690893744416675,-0.0013505273160930855,-0.011034329947179344,0.013757343331923544,0.017635785577502356,5,34
121012.33400011063,38.51400017738342,121.44077946833335,31.029831933333337,16.861,121.44077956820767,31.029831950709838,16.87469966132029,-256.3456089067294,-75.05882203812246,-0.25078740613261274,-256.3360734952717,-75.05689550029571,-0.23708774481232453,0.016802309911379494,0.009728149776161987,0.4113341279563207,-0.009535478547302372,-0.0019265375525477765,-0.013699661320288214,0.009728149776161987,0.016802309911379494,5,34
121012.43400001526,38.61400008201599,121.44077120166666,31.029829376666665,16.862,121.44077131188952,31.0298293929875,16.876287716956426,-257.13486146095454,-75.34228040640166,-0.24978740613261508,-257.1243380326708,-75.3404709110807,-0.23549968917618713,0.017836962616023123,0.010677938918087508,0.4573729794486115,-0.010523502608676329,-0.0018094950631572203,-0.014287716956427943,0.010677938918087508,0.017836962616023123,5,34
121012.53399991989,38.71399998664856,121.44076310333334,31.029826848333332,16.854,121.4407631664826,31.02982688866497,16.865837294782583,-257.9080425378202,-75.6225974496561,-0.2577874061326142,-257.9020134199167,-75.6181258697687,-0.2459501113500302,0.014016681013320566,0.007506383873703169,0.4289165839364779,-0.006029160633854935,-0.004471579241226186,-0.011837294782583996,0.007506383873703169,0.014016681013320566,5,34
121012.63400006294,38.81400012969971,121.44075493,31.029824355,16.85,121.44075509115278,31.029824420607703,16.85671331426802,-258.6883841743865,-75.89903403349852,-0.261787406132612,-258.6729982581858,-75.89176008828703,-0.25507409186459284,0.018295044036913115,0.017018814525442152,0.4826595296599071,-0.015386025620540101,-0.007273944147124336,-0.006713314268019133,0.017018814525442152,0.018295044036913115,5,35
121012.73399996758,38.914000034332275,121.44074681333335,31.02982188,16.842,121.44074697461672,31.029821950048827,16.8463248281023,-259.46331560921044,-76.17343799460232,-0.26978740613261465,-259.4479172259205,-76.16567166080718,-0.2654625780303128,0.017780147715105967,0.017246144921591267,0.5265255437304137,-0.015398493170890586,-0.007766332643053875,-0.0043248281023018365,0.017246144921591267,0.017780147715105967,4,34
121012.83400011063,39.01400017738342,121.44073859,31.029819394999997,16.837,121.44073875138879,31.02981945849199,16.842737486386604,-260.2484309530535,-76.4489506594028,-0.27478740613261365,-260.23302250280756,-76.44191128371513,-0.2690499197460099,0.017885616701781747,0.016940381777474516,0.40485909816701154,-0.01540856059113167,-0.007039374636714169,-0.005737486386603763,0.016940381777474516,0.017885616701781747,5,33
121012.93499994278,39.11500000953674,121.44073035333334,31.029816925,16.831,121.44073032492668,31.029816915388988,16.84519080809778,-261.0348192809691,-76.72280026865826,-0.2807874061326139,-261.0375313806096,-76.72386584441628,-0.26659659803483393,0.014486893249840337,0.002913939183348291,0.4130037228061277,0.0027121191358854997,0.0010655755989211627,-0.01419080809777995,0.002913939183348291,0.014486893249840337,4,34
121013.03500008583,39.21500015258789,121.44072191,31.02981435,16.83,121.44072189073378,31.0298143462044,16.845657045772757,-261.8409389227403,-77.00829125897083,-0.2817874061326151,-261.8427783479942,-77.00871207797027,-0.26613036035985616,0.015770342577057877,0.0018869612257530917,0.39886077031401757,0.0018394385257999787,0.000420818936477924,-0.01565704577275895,0.0018869612257530917,0.015770342577057877,4,34
121013.13499999046,39.31500005722046,121.44071335833333,31.029811798333338,16.829,121.44071337275228,31.029811769647466,16.843461388828057,-262.6574015941104,-77.29119527469645,-0.2827874061326128,-262.6560249573166,-77.29437568582613,-0.2683260173045561,0.014870841773695406,0.0034655689607972365,0.4184865278437463,-0.0013766467630968047,0.003180410651424801,-0.014461388828056698,0.0034655689607972365,0.014870841773695406,5,33
121013.2349998951,39.41499996185303,121.44070474833333,31.029809184999998,16.825,121.44070477495511,31.029809142546004,16.838034720088018,-263.47943358537333,-77.58093629373045,-0.2867874061326141,-263.4768918951988,-77.5856431801363,-0.27375268604459535,0.014089676488328654,0.005349304232585911,0.41971995129957235,-0.0025417086485253117,0.004706885692129475,-0.013034720088018759,0.005349304232585911,0.014089676488328654,5,32
121013.33500003815,39.515000104904175,121.440696105,31.029806453333336,16.818,121.44069616142941,31.029806440110157,16.827694860561156,-264.3046480465346,-77.88379696118552,-0.293787406132612,-264.2992605003018,-77.88526301912262,-0.2840925455714576,0.011187748853610435,0.005583493808650106,0.43021778371471264,-0.005387585534999245,0.0014660577117906937,-0.009694860561154428,0.005583493808650106,0.011187748853610435,5,32
121013.43499994278,39.61500000953674,121.44068746333332,31.02980372833333,16.809,121.44068752874826,31.029803735103915,16.81854930096466,-265.1297033871162,-78.1859184949586,-0.30278740613261235,-265.12345795598225,-78.18516783877102,-0.2932381051679549,0.01143497331359014,0.006290426517249126,0.4177970764935436,-0.00624547686187709,-0.0007506560708266228,-0.009549300964657448,0.006290426517249126,0.01143497331359014,5,32
121013.53500008583,39.71500015258789,121.44067883333334,31.02980100166667,16.797,121.44067890326843,31.029801008497333,16.809603541646283,-265.9536448617757,-78.48822481197587,-0.3147874061326128,-265.9469678706369,-78.48746749392099,-0.30218386448633083,0.014283054939896596,0.0067198509199639656,0.4099478684415224,-0.0066770402073687745,-0.0007573179356923422,-0.012603541646281968,0.0067198509199639656,0.014283054939896596,5,32
121013.63499999046,39.81500005722046,121.440670125,31.02979828,16.785,121.44067021667077,31.029798283229105,16.80278976533377,-266.7850651397246,-78.7899767771448,-0.32678740613261326,-266.7763129563893,-78.78961876560389,-0.30899764079884307,0.019829416684688374,0.008759567079735511,0.43536029801398596,-0.008752247894208788,-0.00035801148403919006,-0.01778976533377019,0.008759567079735511,0.019829416684688374,5,33
121013.7349998951,39.91499996185303,121.44066133333332,31.029795523333338,16.781,121.4406614154609,31.029795539779823,16.799555294683366,-267.6244415948487,-79.09560920243102,-0.3307874061326146,-267.61660053904814,-79.09378577614832,-0.3122321114492479,0.02022639141542916,0.008050338434101391,0.41772827191975725,-0.00784111385950958,-0.0018234259913077952,-0.018555294683366697,0.008050338434101391,0.02022639141542916,5,32
121013.83500003815,40.015000104904175,121.44065244666666,31.02979278666667,16.779,121.44065252151964,31.02979279012919,16.796976676747516,-268.4728880882114,-79.39902422314495,-0.3327874061326135,-268.4657415673474,-79.39864033216087,-0.3148107293850977,0.01934894826122115,0.007156877247147519,0.39198489315974344,-0.007146573982715347,-0.00038389092241670016,-0.017976676747515796,0.007156877247147519,0.01934894826122115,5,32
121013.93499994278,40.11500000953674,121.44064347333332,31.029790049999995,16.775,121.44064355799117,31.029790051318802,16.79345178383941,-269.3296090023381,-79.70243924315362,-0.3367874061326148,-269.321526371175,-79.70229302694443,-0.3183356222932048,0.02014496481433193,0.008084013886328862,0.40052705050920384,-0.008082691466426388,-0.00014621618554696745,-0.01845178383941004,0.008084013886328862,0.02014496481433193,5,32
121014.03500008583,40.21500015258789,121.44063448,31.02978727666667,16.773,121.4406345522169,31.029787301445435,16.787166327932013,-270.18823939986135,-80.00991950652374,-0.3387874061326137,-270.18134455532567,-80.00717227756667,-0.32462107820060027,0.01599286418165635,0.007422052118892874,0.38376495088800944,-0.006894896168457669,-0.0027472285091979434,-0.014166327932013445,0.007422052118892874,0.01599286418165635,5,32
121014.13499999046,40.31500005722046,121.440625435,31.029784503333335,16.764,121.44062550845875,31.029784513488483,16.77994204822157,-271.0518026252412,-80.31739977059914,-0.34778740613261405,-271.04478921703446,-80.31627386636454,-0.3318453579110425,0.017452942318004757,0.007103259396691736,0.39705988478992593,-0.0070134609237189815,-0.0011259040492672182,-0.015942048221571525,0.007103259396691736,0.017452942318004757,5,32
121014.2349998951,40.41499996185303,121.44061633666666,31.029781688333333,16.756999999999998,121.44061641825986,31.02978169481347,16.77252023267297,-271.9204578014867,-80.62949962988432,-0.3547874061326155,-271.9126677655242,-80.62878117507283,-0.33926717345964263,0.017380430817046728,0.007823154936656512,0.3912299683845054,-0.0077900947374441335,-0.0007184546920845893,-0.015520232672972867,0.007823154936656512,0.017380430817046728,5,33
121014.33500003815,40.515000104904175,121.44060722499998,31.029778840000002,16.752,121.44060730199519,31.02977886215345,16.76591003496053,-272.7903859690925,-80.94529516463209,-0.3597874061326145,-272.7830349218876,-80.94283900553485,-0.34587737117208306,0.015923583190015432,0.007750576043503793,0.39582400969536286,-0.007351102877694575,-0.0024561586853632726,-0.013910034960531448,0.007750576043503793,0.015923583190015432,5,33
121014.43499994278,40.61500000953674,121.44059807166668,31.029775995,16.746000000000002,121.4405981702423,31.029776016048356,16.75945162874464,-273.66429221921265,-81.26072113218622,-0.3657874061326112,-273.65488080087744,-81.25838749544961,-0.3523357773879745,0.01658216862380496,0.009696494231667754,0.40059296299731567,-0.009411489882511597,-0.0023336363418810283,-0.013451628744636679,0.009696494231667754,0.01658216862380496,5,32
121014.53500008583,40.71500015258789,121.44058890666665,31.02977314166667,16.748,121.44058901006812,31.029773152681653,16.753998475902538,-274.53931234011344,-81.5770710187823,-0.3637874061326123,-274.52944017634644,-81.57584978482069,-0.3577889302300754,0.01161611940176707,0.009947487964445783,0.39354165364949745,-0.009872239103780742,-0.001221233753454319,-0.005998475902536882,0.009947487964445783,0.01161611940176707,5,32
121014.63499999046,40.81500005722046,121.44057968999999,31.02977026333333,16.744,121.4405798042973,31.02977027178517,16.74898904687532,-275.4192652840122,-81.89619266391479,-0.3677874061326136,-275.4083528519337,-81.89525560591585,-0.36279835925729387,0.01203543370405709,0.010952674363853585,0.39667806900186464,-0.010912515673700095,-0.0009370578380576537,-0.004989046875319758,0.010952674363853585,0.01203543370405709,4,32
121014.7349998951,40.91499996185303,121.44057041833334,31.02976736666667,16.745,121.44057053846561,31.02976737031455,16.74381049787137,-276.30446930421493,-82.21734692896486,-0.3667874061326124,-276.2929997837013,-82.21694248746724,-0.3679769082612445,0.011538215297671486,0.011476737207996005,0.3882267843562903,-0.011469608714902924,-0.0004044414276787725,0.001189502128632114,0.011476737207996005,0.011538215297671486,4,33
121014.83500003815,41.015000104904175,121.44056113500001,31.029764476666667,16.743000000000002,121.4405612312634,31.029764465180833,16.737766418373415,-277.19078719033973,-82.53776205962767,-0.3687874061326113,-277.18159652839665,-82.53903549749343,-0.3740209877591987,0.010652773870205353,0.009278535147725472,0.3708718764649469,-0.009190732889987537,0.0012734376437337912,0.00523358162658738,0.009278535147725472,0.010652773870205353,4,32
121014.93499994278,41.11500000953674,121.44055182833333,31.029761530000005,16.740000000000002,121.44055192290513,31.029761543635075,16.731831585336067,-278.07933280587923,-82.86445983963475,-0.3717874061326114,-278.07030364764427,-82.86294811553537,-0.3799558207965461,0.012269281519380278,0.009154904198287551,0.38413072740383636,-0.009029228202367982,-0.0015117238337030042,0.008168414663934698,0.009154904198287551,0.012269281519380278,4,32
121015.03500008583,41.21500015258789,121.440542505,31.029758608333335,16.735,121.44054260433107,31.029758612092298,16.72441604103051,-278.9694696539386,-83.18838586322121,-0.37678740613261397,-278.9599861101393,-83.18796910580272,-0.3873713651021049,0.014217344207395476,0.009492770346094654,0.3915554360617782,-0.009483617567122746,-0.00041675734457221394,0.010583958969490936,0.009492770346094654,0.014217344207395476,5,33
121015.13499999046,41.31500005722046,121.44053316833333,31.029755643333335,16.732,121.44053325306483,31.029755666758287,16.717651588745497,-279.86087949335825,-83.51711626526165,-0.3797874061326141,-279.8527898294159,-83.5145191342539,-0.39413581738711656,0.01667530141476653,0.008496397574559536,0.35888182399040147,-0.008089727108298129,-0.0025971305431663552,0.01434841125450248,0.008496397574559536,0.01667530141476653,5,33
121015.2349998951,41.41499996185303,121.44052375499999,31.029752665,16.722,121.44052385240984,31.029752694438024,16.71227649921011,-280.7596090130583,-83.84732493819239,-0.3897874061326121,-280.75030889483264,-83.8440611359435,-0.39951090692250446,0.013845303313242555,0.009856264821150441,0.3465548009682923,-0.009300191124044847,-0.003263801660776154,0.00972350078989237,0.009856264821150441,0.013845303313242555,5,33
121015.33500003815,41.515000104904175,121.44051433333334,31.029749678333328,16.713,121.44051443128606,31.029749701386272,16.70712089185794,-281.6591341453743,-84.17845753016508,-0.39878740613261243,-281.64978219835876,-84.17590164405705,-0.40466651427467326,0.011338287056299365,0.009694990501542523,0.34550346591258835,-0.0093520206051243,-0.0025558856442200774,0.005879108142060829,0.009694990501542523,0.011338287056299365,5,33
121015.43499994278,41.61500000953674,121.44050488666666,31.02974666,16.705,121.44050499070275,31.029746700708902,16.700805364099136,-282.561046137402,-84.5131010136509,-0.4067874061326151,-282.5511133848443,-84.50858760632065,-0.41098204203347777,0.011688752742341832,0.010910177373938415,0.36027930627816035,-0.009932831019134098,-0.00451340650463984,0.004194635900862664,0.010910177373938415,0.011688752742341832,5,35
121015.53500008583,41.71500015258789,121.44049541000001,31.02974365,16.697,121.44049551118243,31.029743702708952,16.69353982569108,-283.4658223460221,-84.8468205788,-0.4147874061326142,-283.4561620450358,-84.84097672266117,-0.418247580441534,0.011808740125034793,0.01129041793258772,0.3488621033193249,-0.009660377587073572,-0.0058438550604600886,0.003460174308919761,0.01129041793258772,0.011808740125034793,5,34
121015.63499999046,41.81500005722046,121.44048587,31.02974065,16.69,121.44048598552615,31.029740701532695,16.68835250257977,-284.37664525084995,-85.17943144166298,-0.4217874061326121,-284.36561549646495,-85.17371799690102,-0.42343490355284175,0.012530566835591549,0.012421789624348157,0.3464878118877946,-0.011029842181770775,-0.005713443700325893,0.0016474974202296266,0.012421789624348157,0.012530566835591549,5,34
121015.73600006104,41.91600012779236,121.44047631999999,31.029737648333334,16.688,121.4404763336193,31.02973766689817,16.681949366908526,-285.2884228985908,-85.5122270870649,-0.42378740613261456,-285.28712260692856,-85.51016879857629,-0.42983803922408725,0.006522077594653745,0.002434611949173834,0.35417322389619466,-0.0013003020524818333,-0.002058288103102077,0.00605063309147269,0.002434611949173834,0.006522077594653745,5,34
121015.83599996567,42.01600003242493,121.44046674666667,31.029734625,16.683,121.44046675041787,31.02973463998815,16.673434373064538,-286.2024282708878,-85.8474249231043,-0.42878740613261357,-286.20207012872635,-85.84576318286553,-0.4383530330680756,0.009715496184480773,0.0016998963033737287,0.36671138476177195,-0.000358145034063744,-0.0016617399245366729,0.009565626935462035,0.0016998963033737287,0.009715496184480773,4,33
121015.93600010872,42.116000175476074,121.440457115,31.029731598333335,16.676000000000002,121.44045714242174,31.02973161747344,16.664769541136206,-287.1220029679361,-86.18299232633734,-0.43578740613261147,-287.1193849034787,-86.18087025713413,-0.4470178649964076,0.011725218725001537,0.0033700961199510707,0.34287350299284586,-0.0026180855360643123,-0.002122068798027082,0.011230458863796144,0.0033700961199510707,0.011725218725001537,5,33
121016.03600001335,42.21600008010864,121.44044747499998,31.029728598333335,16.668,121.44044752457482,31.029728598838165,16.656607160491266,-288.0423732848884,-86.51560318849506,-0.44378740613261414,-288.0376401709596,-86.5155472178078,-0.4551802456413476,0.012337043987141883,0.0047334831011544756,0.3650829957924776,-0.004733152179287183,-5.597067646521619e-05,0.011392839508733488,0.0047334831011544756,0.012337043987141883,4,32
121016.13599991798,42.31599998474121,121.44043788333332,31.029725531666667,16.66,121.44043793849637,31.029725546036868,16.648070524363067,-288.9581290175729,-86.85560540298845,-0.45178740613261326,-288.9528623744123,-86.85401217504035,-0.46371688176954606,0.013137303508603834,0.0055023953424850535,0.3503606393101096,-0.005266685883728342,-0.001593227638204225,0.011929475636932807,0.0055023953424850535,0.013137303508603834,5,32
121016.23600006104,42.41600012779236,121.44042829666665,31.02972248333333,16.647,121.44042835316527,31.02972248265592,16.639373863885368,-289.87340737880095,-87.193574996859,-0.46478740613261493,-289.8680132249136,-87.19365010119643,-0.47241354224724574,0.009341357648271894,0.0053947206298428,0.3441584229074965,-0.0053941978101258664,7.510432267721976e-05,0.00762613611463081,0.0053947206298428,0.009341357648271894,5,32
121016.33599996567,42.51600003242493,121.44041867666668,31.02971938666667,16.638,121.44041874939761,31.029719392105484,16.633576711887773,-290.7918682099273,-87.53690331891607,-0.4737874061326117,-290.78492428898136,-87.53630031625352,-0.4782106942448401,0.008255175114520282,0.006970110361221993,0.36563258856969094,-0.006943977705923887,-0.0006030025433165455,0.004423288112228363,0.006970110361221993,0.008255175114520282,4,32
121016.43600010872,42.616000175476074,121.44040908000001,31.029716285000003,16.630000000000003,121.44040912400177,31.02971629949482,16.628734390885295,-291.7081013140683,-87.880785994232,-0.48178740613261084,-291.70390028394684,-87.87917894957397,-0.48305301524731803,0.004672611866402126,0.00449794789018415,0.366725866641079,-0.004201064593372897,-0.0016070443382560004,0.001265609114707189,0.00449794789018415,0.004672611866402126,5,32
121016.53600001335,42.71600008010864,121.44039946333332,31.029713191666662,16.628,121.44039948794106,31.0297131865221,16.62106927728667,-292.6262439016058,-88.22374475050597,-0.4837874061326133,-292.6238944990356,-88.22431513004814,-0.4907181288459448,0.007340301995724525,0.0024176674832052953,0.3605630209424951,-0.0023494219220469618,0.0005703794277087727,0.006930722713331505,0.0024176674832052953,0.007340301995724525,4,32
121016.63599991798,42.81599998474121,121.44038980333335,31.029710055000002,16.625,121.44038984640267,31.029710058472464,16.613071633061125,-293.5485236946668,-88.57150788452866,-0.4867874061326134,-293.54441169054326,-88.57112289193154,-0.4987157730714884,0.01262311429851604,0.004130021400060042,0.37897292954343526,-0.004112038123014489,-0.0003849925191862561,0.011928366938875001,0.004130021400060042,0.01262311429851604,4,32
121016.73600006104,42.91600012779236,121.44038016333334,31.02970694166667,16.619,121.44038020906466,31.029706949666174,16.60529915156935,-294.46889400918974,-88.91668404608016,-0.4927874061326136,-294.4645278532967,-88.91579713897927,-0.5064882545632621,0.014407063730134775,0.004455360547089637,0.3659995094535696,-0.004366192130458553,-0.0008869069198538632,0.013700848430648449,0.004455360547089637,0.014407063730134775,5,32
121016.83599996567,43.01600003242493,121.44037054333333,31.029703840000003,16.61,121.44037057412848,31.029703855802737,16.598035656710287,-295.3873548427454,-89.26056672069083,-0.501787406132614,-295.3844147037171,-89.25881466722535,-0.513751749422326,0.012444266228800929,0.0034226088907727877,0.37549910834923916,-0.002940163522063967,-0.0017520531049946342,0.011964343289712076,0.0034226088907727877,0.012444266228800929,5,32
121016.93600010872,43.116000175476074,121.44036088333333,31.029700735,16.604,121.4403609203001,31.029700749168853,16.59215830550425,-296.30963464066497,-89.60481896390564,-0.5077874061326142,-296.30610527133496,-89.6032480587845,-0.5196291006283644,0.01245592736837094,0.003863210850503874,0.3632203895216582,-0.0035293988437449584,-0.0015709047957220754,0.011841694495750232,0.003863210850503874,0.01245592736837094,5,32
121017.03600001335,43.21600008010864,121.44035118666667,31.029697578333337,16.595,121.44035122912499,31.029697623436956,16.585513622422287,-297.2354151520717,-89.95479950391113,-0.5167874061326145,-297.2313614823626,-89.94979885285451,-0.5262737837103266,0.01146430870458955,0.006437314232442674,0.37415591606961224,-0.00405370373535943,-0.005000650013062504,0.00948637757771209,0.006437314232442674,0.01146430870458955,5,32
121017.13599991798,43.31599998474121,121.44034149833332,31.029694463333332,16.586,121.4403415212462,31.02969448992961,16.579034091044768,-298.16040004843313,-90.30016045011735,-0.5257874061326149,-298.1582124629487,-90.29721171272206,-0.5327533150878452,0.007874296605924622,0.0036716017574783713,0.37463591181442885,-0.002187603916245494,-0.0029487367754931332,0.006965908955230304,0.0036716017574783713,0.007874296605924622,5,32
121017.23600006104,43.41600012779236,121.44033180166667,31.029691333333336,16.577,121.44033182979442,31.02969135012611,16.570315702683,-299.0861805598398,-90.64718444904751,-0.5347874061326117,-299.08349509001863,-90.64532262922329,-0.5414717034496128,0.007440300555216976,0.003267757905643139,0.37830622316608037,-0.0026854925324950093,-0.001861819429431,0.006684297317001153,0.003267757905643139,0.007440300555216976,5,34
121017.33599996567,43.51600003242493,121.44032208166666,31.02968819833333,16.569000000000003,121.4403221295357,31.02968821242892,16.561814378972002,-300.0141888030906,-90.99476280053128,-0.5427874061326108,-300.00961855084,-90.99320001857205,-0.5499730271606111,0.008658117359157575,0.004830097995579889,0.3779031418060158,-0.004570291045382692,-0.00156278162498784,0.007185621028000355,0.004830097995579889,0.008658117359157575,5,34
121017.43600010872,43.616000175476074,121.44031232333333,31.02968502166667,16.558,121.44031240318128,31.029685058645565,16.55375581157356,-300.9458568876961,-91.34696074651957,-0.5537874061326136,-300.93823347637397,-91.34286088556803,-0.5580315945590542,0.00964050717001136,0.008655994633542018,0.38896626293115966,-0.007623476275495008,-0.004099860067474619,0.004244188426440587,0.008655994633542018,0.00964050717001136,5,34
121017.53600001335,43.71600008010864,121.44030257333334,31.02968183666667,16.548000000000002,121.44030263504865,31.029681891202102,16.54618201566238,-301.87672934996846,-91.70008261154983,-0.5637874061326116,-301.8708371368358,-91.69403625255897,-0.5656053904702318,0.008636103151433901,0.008442583170474187,0.393931328054332,-0.005892263523767133,-0.006046357676887574,0.0018179843376202598,0.008442583170474187,0.008636103151433901,5,34
121017.63599991798,43.81599998474121,121.44029280166666,31.029678693333334,16.536,121.44029283323007,31.029678740270665,16.537722136241527,-302.80967042350505,-92.04858488207555,-0.575787406132612,-302.80665693465323,-92.04338092699379,-0.5740652698910864,0.0062552506599702655,0.006013518735705615,0.3960471929895888,-0.0030135147188423026,-0.005203953941379886,-0.001722136241525618,0.006013518735705615,0.0062552506599702655,5,33
121017.73600006104,43.91600012779236,121.44028295333334,31.029675526666665,16.531,121.44028302770248,31.02967557135747,16.527572679980484,-303.7499311724634,-92.39967412577771,-0.5807874061326146,-303.74283084687795,-92.39471924385101,-0.5842147261521298,0.009311973939753299,0.00865831023574895,0.39750855280743774,-0.00710038675662961,-0.004954880830530023,0.0034273200195151787,0.00865831023574895,0.009311973939753299,5,33
121017.83599996567,44.01600003242493,121.44027312833332,31.029672346666665,16.52,121.44027320977504,31.02967238791565,16.51663787046809,-304.6879641992949,-92.75224163966489,-0.5917874061326138,-304.6801886224352,-92.74766835310741,-0.5951495356645218,0.009627019094758531,0.009020841516262092,0.40082252907554083,-0.00777564409366688,-0.004573285535601416,0.0033621295319079536,0.009020841516262092,0.009627019094758531,5,33
121017.93600010872,44.116000175476074,121.44026324833334,31.029669166666668,16.515,121.44026336572328,31.029669203818017,16.50668282789288,-305.6312482951426,-93.10480915355207,-0.5967874061326128,-305.6200405956503,-93.10069017305551,-0.6051045782397324,0.01455184018323505,0.011940716094898432,0.39805919388641076,-0.011207796758494842,-0.004118979567713215,0.008317172107119575,0.011940716094898432,0.01455184018323505,5,33
121018.03600001335,44.21600008010864,121.44025340833332,31.029665971666667,16.505000000000003,121.44025351984305,31.029666006222165,16.497148885940224,-306.57071343148493,-93.45903972227897,-0.6067874061326108,-306.5600671396962,-93.45520854418186,-0.6146385201923898,0.013771834094114664,0.011314743582430821,0.40112537922042996,-0.010646384522584665,-0.0038311772255312277,0.007851114059779007,0.011314743582430821,0.013771834094114664,5,34
121018.13599991798,44.31599998474121,121.44024354333332,31.02966277166667,16.497,121.44024366297542,31.02966280232408,16.488780736499127,-307.51256541782175,-93.8138246414437,-0.6147874061326135,-307.5011426950493,-93.8104256454633,-0.6230066696334866,0.014477235159487943,0.011917803714037634,0.4025338337256769,-0.011422822636726896,-0.0033989952009687817,0.008219263500873097,0.011917803714037634,0.014477235159487943,5,33
121018.23600006104,44.41600012779236,121.44023370333335,31.02965956166667,16.484,121.44023377698527,31.029659593679753,16.48197000704868,-308.4520305493055,-94.16971826430509,-0.6277874061326116,-308.4449986979691,-94.16616896444,-0.6298173990839331,0.008134260637472305,0.00787688547180398,0.40748513298152084,-0.007031913041323719,-0.0035492990456114,0.0020299929513214465,0.00787688547180398,0.008134260637472305,5,33
121018.33599996567,44.51600003242493,121.440223785,31.029656344999996,16.477,121.44022385877136,31.029656386849705,16.47579093527931,-309.39897448893726,-94.52635102296426,-0.6347874061326131,-309.3919312345382,-94.52171113324958,-0.6359964708533035,0.00852048768766712,0.008434267777161742,0.415802383212477,-0.007043316433116733,-0.004639888636579186,0.0012090647206903782,0.008434267777161742,0.00852048768766712,5,33
121018.43600010872,44.616000175476074,121.44021384999999,31.02965313166667,16.467,121.44021392204897,31.029653190091366,16.470001091160483,-310.3475096635182,-94.88261421231401,-0.6447874061326146,-310.3406308522618,-94.87613664939931,-0.6417863149721299,0.009913840363155194,0.009448686818420083,0.4075073063487254,-0.00687887206563208,-0.0064775614005003505,-0.003001091160484748,0.009448686818420083,0.009913840363155194,5,33
121018.53699994087,44.717000007629395,121.44020389,31.02964995,16.465,121.44020387881277,31.029649964750366,16.463834729799853,-311.2984316880936,-95.23536651015064,-0.6467874061326135,-311.29949977900327,-95.23373113316204,-0.6479526763327605,0.0022744559155613497,0.001953278032559977,0.40921921553853846,0.0010681003866007475,-0.0016353766039125994,0.001165270200147006,0.001953278032559977,0.0022744559155613497,5,33
121018.63700008392,44.81700015068054,121.44019390166667,31.02964675666666,16.463,121.44019390134154,31.029646763733997,16.45755338264713,-312.2520588135402,-95.58941229563337,-0.6487874061326124,-312.2520898549406,-95.58862873774848,-0.6542340234854827,0.005502778102249089,0.0007841723369292522,0.4286706212430706,3.104167684390522e-05,-0.0007835576994094328,0.00544661735287022,0.0007841723369292522,0.005502778102249089,5,33
121018.73699998856,44.91700005531311,121.44018390166666,31.02964357,16.458000000000002,121.44018390624367,31.029643564392682,16.451341049816737,-313.20679980490877,-95.9427189439078,-0.6537874061326114,-313.2063628178818,-95.94334062885541,-0.6604463563158767,0.006702169097265537,0.0007599033261758135,0.41787891453744547,-0.00043699093261241606,0.0006216847995146701,0.006658950183265233,0.0007599033261758135,0.006702169097265537,5,33
121018.83699989319,45.01699995994568,121.44017393333334,31.029640365,16.453,121.44017394799961,31.02964035509115,16.44542698900356,-314.15851744695874,-96.29805821492087,-0.658787406132614,-314.15711719751727,-96.29915681227006,-0.6663604171290523,0.007779340896508458,0.0017797890975939422,0.43962965157596995,-0.0014002620021552406,0.0010985970859393609,0.007573010996438256,0.0017797890975939422,0.007779340896508458,5,33
121018.93700003624,45.117000102996826,121.44016399166667,31.029637161666663,16.442999999999998,121.44016402363135,31.02963716632692,16.439941659517764,-315.1076891160052,-96.65321270268974,-0.6687874061326156,-315.1046373149038,-96.65269601867244,-0.6718457466148493,0.004351329269151521,0.0030952576473219427,0.4435521262782487,-0.0030518285761545615,-0.0005166838927926713,0.0030583404822337457,0.0030952576473219427,0.004351329269151521,5,33
121019.03699994087,45.217000007629395,121.44015408833333,31.029633936666663,16.439,121.44015413367833,31.02963395803397,16.436313496056872,-316.05320094126756,-97.0107693796856,-0.6727874061326133,-316.04887166920474,-97.00840038060645,-0.6754739100757412,0.0056189316296422626,0.004935087559725025,0.4464008139065324,-0.004329311181000941,-0.002368998505743079,0.0026865039431278603,0.004935087559725025,0.0056189316296422626,5,33
121019.13700008392,45.31700015068054,121.44014418666666,31.029630743333335,16.436999999999998,121.44014423782808,31.02963075983213,16.43453686017101,-316.99855364595015,-97.36481516375781,-0.6747874061326158,-316.9936690564007,-97.36298593743314,-0.6772505459616021,0.005768255625424959,0.0052159098097175885,0.4429312669756958,-0.004884633847199297,-0.0018292258805033242,0.0024631398289862716,0.0052159098097175885,0.005768255625424959,5,34
121019.23699998856,45.41700005531311,121.44013431333333,31.029627535,16.432,121.44013434284675,31.029627574895382,16.433215975971578,-317.94120124976155,-97.72052400266976,-0.6797874061326148,-317.9383834835227,-97.71610079008286,-0.6785714301610355,0.005383618554100858,0.005244497227818963,0.4498069553958532,-0.0028177918859863095,-0.004423211509737072,-0.0012159759715792973,0.005244497227818963,0.005383618554100858,5,34
121019.33699989319,45.51699995994568,121.44012446666666,31.02962433833333,16.429,121.44012446517773,31.02962438136978,16.430307227293195,-318.88130287814016,-98.07493935534612,-0.6827874061326149,-318.8814450325953,-98.07016789198936,-0.6814801788394185,0.004949333580130825,0.004773579337492249,0.466053947458493,0.00014215575370852716,-0.004771462190253685,-0.0013072272931964335,0.004773579337492249,0.004949333580130825,5,34
121019.43700003624,45.617000102996826,121.44011459500001,31.029621150000004,16.424,121.44011458767741,31.029621185160913,16.426330511145554,-319.82379135651325,-98.42843078757001,-0.6877874061326139,-319.82449047551006,-98.42453248724577,-0.685456894987059,0.004595301566419192,0.003960494197291407,0.47133910966140746,0.0006991254061025371,-0.003898299366816364,-0.0023305111455549365,0.003960494197291407,0.004595301566419192,5,35
121019.53699994087,45.717000007629395,121.44010472500001,31.02961794666667,16.416,121.44010470816247,31.029617991783013,16.42065932422617,-320.7661207143065,-98.78358527533888,-0.695787406132613,-320.767728264332,-98.77858321306095,-0.6911280819064451,0.007022405681245841,0.005254034574252336,0.4716310576951493,0.0016075648150982876,-0.005002061042480083,-0.0046593242261678824,0.005254034574252336,0.007022405681245841,5,34
121019.63700008392,45.81700015068054,121.44009484333334,31.029614730000002,16.409,121.44009481659738,31.029614778043634,16.414344809754144,-321.7095639355925,-99.14021803258753,-0.7027874061326145,-321.71211652839696,-99.13489142185136,-0.697442596378469,0.007965902929582968,0.00590665879965394,0.47404617270359867,0.0025526163717242032,-0.005326609412593989,-0.00534480975414553,0.00590665879965394,0.007965902929582968,5,34
121019.73699998856,45.91700005531311,121.44008494333333,31.029611515000003,16.405,121.44008493937882,31.029611555818988,16.40713548662743,-322.65475751726603,-99.49666600659198,-0.7067874061326123,-322.6551350718418,-99.49214039406638,-0.704651919505185,0.005018367435896616,0.00454133334889072,0.4781275524995359,0.0003775580738952038,-0.004525611393677494,-0.002135486627427241,0.00454133334889072,0.005018367435896616,5,34
121019.83699989319,46.01699995994568,121.44007509166667,31.029608300000003,16.4,121.4400750851423,31.029608351400007,16.400520872658966,-323.5953365146718,-99.85311398059645,-0.7117874061326148,-323.5959594245771,-99.84741524751685,-0.7112665334736477,0.0057562900082965334,0.005732675320716758,0.5766053773537096,0.0006229156968613429,-0.005698731645494349,-0.0005208726589671642,0.005732675320716758,0.0057562900082965334,5,34
121019.93700003624,46.117000102996826,121.44006525666667,31.029605131666667,16.398,121.44006524232265,31.02960517425433,16.397768802672793,-324.5343242795577,-100.20438800824803,-0.7137874061326137,-324.5356937621079,-100.19966630225534,-0.7140186034598202,0.004921734031519623,0.004916300811881938,0.4651637626154461,0.001369495328070328,-0.0047217048001018174,0.00023119732720644492,0.004916300811881938,0.004921734031519623,4,33
121020.03699994087,46.217000007629395,121.44005541833333,31.029601909999997,16.398,121.44005539484779,31.029601972117714,16.39797594244132,-325.4736302904617,-100.56157511805027,-0.7137874061326137,-325.4758725518577,-100.55468810912701,-0.7138114636912931,0.007242877673831673,0.007242837719565425,0.47345390685500166,0.002242282392344369,-0.006887007180549625,2.405755867940229e-05,0.007242837719565425,0.007242877673831673,4,33
121020.13700008392,46.31700015068054,121.44004551833335,31.029598680000003,16.398,121.44004550626013,31.0295987418574,16.400073266884505,-326.4188238697059,-100.91968614548395,-0.7137874061326137,-326.4199765483102,-100.91282799854004,-0.7117141392481088,0.007256809505406167,0.006954340272331266,0.5978681385912817,0.0011526894371441069,-0.006858145207333023,-0.002073266884504932,0.006954340272331266,0.007256809505406167,5,33
121020.23699998856,46.41700005531311,121.44003560166666,31.02959542833333,16.401,121.44003558290669,31.029595486863794,16.4024951290404,-327.3656086863286,-101.28019936426038,-0.7107874061326136,-327.36739977853335,-101.27371007502053,-0.7092922770922137,0.0068959652082901555,0.006731933251785925,0.612652388185306,0.001791109099005806,-0.0064892875958736515,-0.001495129040399945,0.006731933251785925,0.0068959652082901555,5,33
121020.33699989319,46.51699995994568,121.44002568333332,31.029592211666667,16.403,121.44002565698217,31.029592251351666,16.402514450757298,-328.3125526259604,-101.63683212150903,-0.7087874061326147,-328.3150684782624,-101.632432234626,-0.7092729553753152,0.005091599499309577,0.005068394952475833,0.5111296537864526,0.002515876117545426,-0.004399885766181556,0.00048554924270050037,0.005068394952475833,0.005091599499309577,4,33
121020.43700003624,46.617000102996826,121.44001574999999,31.029588951666664,16.402,121.44001573857147,31.029589013085307,16.40309495062503,-329.26092867510295,-101.99826925932743,-0.7097874061326124,-329.2620198029197,-101.99145975685042,-0.7086924555075846,0.006982750160983493,0.006896367372716333,0.46300060677005045,0.0010911381826472254,-0.006809500745710781,-0.0010949506250277352,0.006896367372716333,0.006982750160983493,5,33
121020.53699994087,46.717000007629395,121.44000582333335,31.02958568166667,16.402,121.440005804614,31.029585749721917,16.403331448998436,-330.20866822978,-102.36081509802146,-0.7097874061326124,-330.21045544241707,-102.35326979350135,-0.7084559571341771,0.007867562370336095,0.0077540815842815445,0.4765088008466669,0.001787229676729993,-0.007545302598193778,-0.0013314489984352917,0.0077540815842815445,0.007867562370336095,5,34
121020.63700008392,46.81700015068054,121.43999581166666,31.029582433333335,16.413,121.43999582843074,31.029582497330644,16.405022835613693,-331.1645230846413,-102.72095874889901,-0.6987874061326131,-331.16292255039014,-102.71386334892449,-0.7067645705189207,0.010795442820286327,0.007273680914083163,0.4680509483722109,-0.001600549565835066,-0.00709539816551565,0.007977164386307578,0.007273680914083163,0.010795442820286327,4,34
121020.73699998856,46.91700005531311,121.43998581333332,31.029579180000002,16.417,121.43998582347974,31.029579229520987,16.405489327728958,-332.11910495300083,-103.08165675021438,-0.6947874061326118,-332.11813623198344,-103.07616634471282,-0.7062980784036554,0.012789783099726889,0.005575210812757378,0.4531658172658559,-0.0009687303196566054,-0.005490404099377822,0.011510672271043632,0.005575210812757378,0.012789783099726889,4,34
121020.83699989319,47.01699995994568,121.43997580333334,31.02957590833333,16.416,121.43997582039053,31.029575950341936,16.4056111731478,-333.07480068242376,-103.44438737497363,-0.695787406132613,-333.07317216281234,-103.43972986861878,-0.7061762329848129,0.011500965392087947,0.004934012726474804,0.47485980752106377,-0.0016285353053628402,-0.00465750516308915,0.010388826852199884,0.004934012726474804,0.011500965392087947,5,34
121020.93700003624,47.117000102996826,121.43996578166667,31.029572635,16.416,121.4399658211083,31.029572668416996,16.405738877842786,-334.03161027776866,-103.80730278156653,-0.695787406132613,-334.0278446240584,-103.80359782984517,-0.706048528289827,0.011541131239696533,0.005282715434947416,0.46695283221800005,-0.003765690128933234,-0.0037049507715334723,0.010261122157213975,0.005282715434947416,0.011541131239696533,4,33
121021.03699994087,47.217000007629395,121.43995574833335,31.029569331666668,16.418,121.43995582074987,31.02956937600689,16.40641122643696,-334.98953373660623,-104.17354429783892,-0.6937874061326141,-334.98261983433184,-104.16862828479768,-0.705376179695655,0.014362096542075204,0.008483521933044854,0.46515760078379204,-0.006913969379284822,-0.004916011778948964,0.011588773563040888,0.008483521933044854,0.014362096542075204,5,33
121021.13700008392,47.31700015068054,121.43994571666666,31.029566026666664,16.415,121.43994578883105,31.02956607619182,16.407591798549767,-335.94729807486414,-104.53997059806073,-0.6967874061326143,-335.9404082443722,-104.53447972990992,-0.7041956075828466,0.011510940675709609,0.008810238731866534,0.46306549146183706,-0.006889897601960945,-0.005490866739138188,0.0074082014502323545,0.008810238731866534,0.011510940675709609,5,34
121021.23699998856,47.41700005531311,121.43993565999999,31.02956269166667,16.417,121.43993572249012,31.02956274101247,16.408993252048543,-336.9074492655458,-104.9097230065515,-0.6947874061326118,-336.9014830758342,-104.90425202315065,-0.7027941540840708,0.01138577060749395,0.008094921838305855,0.45862720058876305,-0.005966248034090275,-0.005470981992658629,0.008006747951458948,0.008094921838305855,0.01138577060749395,5,32
121021.33800005913,47.51800012588501,121.43992558500001,31.029559355,16.416,121.43992554131566,31.029559371235553,16.41060975944569,-337.86935080932705,-105.27966019899172,-0.695787406132613,-337.8735215341213,-105.27786015835981,-0.7011776466869222,0.0070491222484609225,0.004542623827748432,0.4748784766235804,0.004170765713110877,-0.001800040168098073,0.005390240554309145,0.004542623827748432,0.0070491222484609225,4,34
121021.43799996376,47.61800003051758,121.43991552333334,31.029556043333333,16.416,121.43991547130133,31.02955605392874,16.410870258081516,-338.82997936903587,-105.64682563430605,-0.695787406132613,-338.834947078992,-105.6456509184584,-0.7009171480510972,0.007236907966595032,0.0051047609901652856,0.4657494705358813,0.004967758866574776,-0.0011747155444110531,0.005129741918484143,0.0051047609901652856,0.007236907966595032,4,34
121021.53800010681,47.718000173568726,121.43990544333334,31.029552695,16.412,121.43990541084302,31.029552734249727,16.41235344466489,-339.7923582867029,-106.01805631298186,-0.6997874061326144,-339.7954602719685,-106.01370468478959,-0.6994339614677223,0.005355752421917534,0.00534407717700024,0.4513889392510349,0.0031020159150294034,-0.004351627067734453,-0.0003534446648920664,0.00534407717700024,0.005355752421917534,4,34
121021.63800001144,47.818000078201294,121.43989533833334,31.02954937166667,16.412,121.43989533300343,31.02954942214624,16.415137243605763,-340.75712405679366,-106.38651523453177,-0.6997874061326144,-340.7576329263561,-106.38091855017238,-0.6966501625268506,0.006436156495452398,0.005619769834437056,0.46002208922862764,0.0005088746081660858,-0.005596682912691455,-0.0031372436057637287,0.005619769834437056,0.006436156495452398,5,34
121021.73799991608,47.91799998283386,121.43988525166667,31.029546071666665,16.419,121.43988524555763,31.029546105125405,16.417887317941663,-341.72013947135554,-106.75238718361052,-0.6927874061326129,-341.7207227256167,-106.74867760328077,-0.6939000881909507,0.003916533259507735,0.0037551526480135823,0.4653475914313596,0.00058326006494905,-0.0037095793705646807,0.0011126820583378105,0.0037551526480135823,0.003916533259507735,4,35
121021.83800005913,48.01800012588501,121.43987517833332,31.02954278166667,16.423000000000002,121.43987516562063,31.029542810755963,16.421335671110693,-342.6818818945571,-107.11715042828736,-0.6887874061326116,-342.68309562837476,-107.1139252903991,-0.6904517350219201,0.003826836666578422,0.00344596695005654,0.46701020647666497,0.0012137459376053623,-0.003225137054425509,0.001664328889308564,0.00344596695005654,0.003826836666578422,4,34
121021.93799996376,48.11800003051758,121.43986514000001,31.029539505000002,16.426000000000002,121.43986511601125,31.029539535042456,16.423659412162902,-343.64028272485115,-107.48043540348442,-0.6857874061326115,-343.64257303021145,-107.47710458832341,-0.6881279939697116,0.004671004076913595,0.0040422676387595145,0.46405917661396506,0.0022903283097623454,-0.003330814299366384,0.0023405878371001165,0.0040422676387595145,0.004671004076913595,4,35
121022.03800010681,48.218000173568726,121.43985511333334,31.029536208333337,16.426000000000002,121.43985510007934,31.02953624246444,16.424732208994055,-344.59756969165255,-107.84593778466427,-0.6857874061326115,-344.5988351036445,-107.8421536592667,-0.6870551971385588,0.004186668287729889,0.00399009991312526,0.47188812321608115,0.0012654247154369888,-0.0037841244173895,0.0012677910059473163,0.00399009991312526,0.004186668287729889,5,34
121022.13800001144,48.318000078201294,121.43984508666666,31.029532948333333,16.429000000000002,121.43984510171067,31.029532973322883,16.427749695818736,-345.55485665845396,-108.20737492177742,-0.6827874061326114,-345.55342034385126,-108.20460432339047,-0.6840377103138771,0.003361921066516015,0.0031207775812758074,0.4593254278456486,-0.0014363290943341443,-0.0027705976691975564,0.0012503041812657045,0.0031207775812758074,0.003361921066516015,5,33
121022.23799991608,48.41799998283386,121.43983508333334,31.029529680000003,16.429000000000002,121.43983511250389,31.029529713112648,16.42942523716432,-346.50991589341135,-108.56973597793252,-0.6827874061326114,-346.50713086178433,-108.56606476928128,-0.682362168968293,0.004627650681428571,0.0046080716339276726,0.4646093735884153,-0.0027850598219993873,-0.003671207699285562,-0.00042523716431830394,0.0046080716339276726,0.004627650681428571,5,33
121022.33800005913,48.51800012588501,121.43982512166667,31.02952641333333,16.43,121.43982515746659,31.029526448000897,16.431069369391484,-347.4609970434251,-108.93191225084344,-0.6817874061326137,-347.457579078664,-108.92806864751046,-0.6807180367411299,0.00525352741134466,0.005143539575652862,0.47265567004407294,-0.0034179994812430516,-0.003843602335378811,-0.001069369391483832,0.005143539575652862,0.00525352741134466,4,33
121022.43799996376,48.61800003051758,121.43981520166666,31.029523158333337,16.431,121.43981523129915,31.02952320287278,16.43178035279053,-348.40810010606594,-109.29279503540299,-0.6807874061326125,-348.4052709707745,-109.28785693438572,-0.6800070533420843,0.005744384136841133,0.005691133334750383,0.4807016071170102,-0.002829164126427422,-0.004938099733667109,-0.0007803527905281271,0.005691133334750383,0.005744384136841133,4,33
121022.53800010681,48.718000173568726,121.43980531833334,31.029519925,16.435,121.43980534343781,31.029519966401253,16.43178149449716,-349.35170245036096,-109.65127563214607,-0.6767874061326147,-349.3493056232941,-109.64668546312204,-0.6800059116354547,0.006096992360770461,0.005178275598641131,0.4742824327606542,-0.0023968515767867566,-0.0045901678285588865,0.0032185055028399745,0.005178275598641131,0.006096992360770461,5,33
121022.63800001144,48.818000078201294,121.43979546,31.029516698333335,16.438,121.43979547787069,31.029516741763885,16.43149878378597,-350.29291794466155,-110.00901709238612,-0.6737874061326146,-350.29121175595844,-110.0042019347685,-0.6802886223466444,0.008268172873474028,0.005108509606929083,0.471305441159738,-0.0017062062079263732,-0.004815156360921237,0.006501216214029881,0.005108509606929083,0.008268172873474028,4,34
121022.73799991608,48.91799998283386,121.43978562166667,31.029513483333336,16.438,121.439785641876,31.02951352326992,16.430136764055618,-351.23222395313627,-110.36546506639057,-0.6737874061326146,-351.2302944864434,-110.36103728584746,-0.6816506420769954,0.00922814326674102,0.004829922218265449,0.4699379997877283,-0.0019294865529082676,-0.004427779384368692,0.007863235944380875,0.004829922218265449,0.00922814326674102,5,33
121022.83800005913,49.01800012588501,121.4397758,31.029510303333335,16.438,121.4397758547095,31.029510319203236,16.43025856752791,-352.16993872909114,-110.71803258027775,-0.6737874061326146,-352.16471539036024,-110.71627307999282,-0.6815288386047023,0.009503128291865006,0.0055117756314776905,0.44389974618184047,-0.005223392669745695,-0.0017594998236425694,0.007741432472087695,0.0055117756314776905,0.009503128291865006,4,33
121022.93799996376,49.11800003051758,121.43976605166667,31.029507116666665,16.439,121.43976610403105,31.029507135908403,16.429673076789168,-353.10065207078367,-111.07133922996272,-0.6727874061326133,-353.09565262951025,-111.06920589285207,-0.6821143293434453,0.010795256010612127,0.005435628367898371,0.4578708238084992,-0.004999493066099811,-0.0021333365500833226,0.00932692321083195,0.005435628367898371,0.010795256010612127,4,33
121023.03800010681,49.218000173568726,121.43975630499999,31.02950391333333,16.436,121.43975638794592,31.02950394474835,16.428973656203315,-354.0312062918965,-111.42649371773159,-0.6757874061326135,-354.02328710301083,-111.4230107255206,-0.6828137499292986,0.011145204873348937,0.00865136315962437,0.45920855775770064,-0.007919271189185543,-0.0034829912936786903,0.007026343796685097,0.00865136315962437,0.011145204873348937,5,33
121023.13800001144,49.318000078201294,121.43974660333333,31.029500711666667,16.434,121.43974667780685,31.029500747250538,16.428597790020746,-354.9574641747597,-111.78146342084575,-0.6777874061326123,-354.95035388181896,-111.77751822650502,-0.6831896161118678,0.009762466018630228,0.00813153553180104,0.46528380064640384,-0.007110367074528042,-0.003945193299498816,0.005402209979255446,0.00813153553180104,0.009762466018630228,5,34
121023.23799991608,49.41799998283386,121.43973692,31.029497531666667,16.434,121.43973700171418,31.02949756798183,16.42941945528657,-355.8819716996647,-112.13403093473293,-0.6777874061326123,-355.87417011245327,-112.13000466181407,-0.682367950846043,0.009902438648525056,0.008779345153031949,0.47956508957011545,-0.007801668812985318,-0.0040262718547755625,0.004580544713430612,0.008779345153031949,0.009902438648525056,4,35
121023.33800005913,49.51800012588501,121.43972732333334,31.02949434666667,16.431,121.43972737922957,31.0294943870273,16.427782413333407,-356.79820480137636,-112.4871527997632,-0.6807874061326125,-356.7928681608052,-112.48267800530972,-0.6840049927992062,0.00767182957216019,0.006964488856135069,0.49119423519809796,-0.005336696566281328,-0.00447479326747847,0.0032175866665937747,0.006964488856135069,0.00767182957216019,5,34
121023.43799996376,49.61800003051758,121.43971768499999,31.029491179999997,16.428,121.43971776925945,31.02949123145378,16.426661439649582,-357.71841599531956,-112.8382420441706,-0.6837874061326126,-357.7103713994677,-112.83253734813441,-0.6851259664830316,0.009952495572509823,0.009862069980947902,0.49714197516708836,-0.008044680524280255,-0.0057046945204261125,0.0013385603504190158,0.009862069980947902,0.009952495572509823,5,34
121023.53800010681,49.718000173568726,121.43970808500002,31.029488041666664,16.425,121.4397081604831,31.029488104014934,16.426500791137872,-358.63496734304937,-113.18618996284799,-0.6867874061326127,-358.62776066337796,-113.17927739184768,-0.685286614994741,0.010098183748206896,0.009986037300803337,0.5040433104765684,-0.007206755759700338,-0.006912569160092476,-0.0015007911378717154,0.009986037300803337,0.010098183748206896,5,33
121023.63800001144,49.818000078201294,121.43969850999999,31.029484901666667,16.423000000000002,121.43969857413545,31.02948497560048,16.42743432254249,-359.54913184321396,-113.53432266476956,-0.6887874061326116,-359.5430085686632,-113.52612560168923,-0.6843530835901248,0.011151246977764978,0.010231671063335952,0.5206183856116122,-0.006123339401474971,-0.008197060895385027,-0.004434322542486768,0.010231671063335952,0.011151246977764978,5,33
121023.73799991608,49.91799998283386,121.43968893000002,31.029481840000003,16.425,121.43968899605404,31.02948189941341,16.428001952000372,-360.46377370997646,-113.87377052741462,-0.6867874061326127,-360.4574672600684,-113.86718334624535,-0.6837854541322415,0.009600771002303993,0.00911937980490715,0.579757953287448,-0.006306516901976923,-0.006587179410888075,-0.003001952000371233,0.00911937980490715,0.009600771002303993,4,33
121023.83800005913,50.01800012588501,121.43967935666666,31.029478761666663,16.428,121.43967944190345,31.02947880800287,16.429685325115788,-361.3777790847027,-114.21506622955411,-0.6837874061326126,-361.36964118002396,-114.20992892135557,-0.6821020810168257,0.009770319651382003,0.009623867483723954,0.5254528023317245,-0.008137991393386376,-0.0051373068260956055,-0.0016853251157868954,0.009623867483723954,0.009770319651382003,4,34
121023.93799996376,50.11800003051758,121.43966981833334,31.029475689999995,16.432000000000002,121.43966988667373,31.02947572378067,16.43336114857535,-362.2884428640923,-114.55562279589583,-0.6797874061326112,-362.2819181283746,-114.55187752316276,-0.6784262575572626,0.007645447799054224,0.007523306892842366,0.5279988995444747,-0.006524805456930832,-0.0037452717328780153,-0.0013611485753486363,0.007523306892842366,0.007645447799054224,5,32
121024.03800010681,50.218000173568726,121.43966024499998,31.029472631666668,16.435,121.4396603197172,31.02947264672462,16.437467386974124,-363.2024482412478,-114.89470109134726,-0.6767874061326147,-363.1953146830471,-114.89303161160694,-0.6743200191584897,0.0077307116982520295,0.007326384161468004,0.5069146135426604,-0.00713363468126587,-0.0016694792947652944,-0.0024673869741249632,0.007326384161468004,0.0077307116982520295,5,33
121024.13899993896,50.319000005722046,121.43965065166667,31.029469561666662,16.44,121.43965063832067,31.0294695465512,16.442479947775503,-364.1183630969414,-115.2350728744448,-0.6717874061326121,-364.1196372932269,-115.23674872971765,-0.6693074583571104,0.003253035730357824,0.002105255446203275,0.5170580475323264,0.001274209988803769,0.0016758548261115135,-0.0024799477755017563,0.002105255446203275,0.003253035730357824,5,34
121024.23900008202,50.41900014877319,121.43964102833334,31.02946650166667,16.442999999999998,121.43964102807797,31.029466483803173,16.445874664060238,-365.03714217651515,-115.57433595314042,-0.6687874061326156,-365.0371665568168,-115.5763164841109,-0.6659127420723756,0.0034909581357319332,0.001980680500786973,0.5208423206552202,2.4380564642814333e-05,0.0019805304426505116,-0.002874664060239951,0.001980680500786973,0.0034909581357319332,5,33
121024.33899998665,50.51900005340576,121.43963142666668,31.02946341833333,16.444,121.43963143687259,31.02946340633133,16.447606801076052,-365.95385264968326,-115.91618600642298,-0.6677874061326143,-365.9528782489982,-115.91751667174579,-0.6641806050565613,0.003966000567216331,0.0016492866630585645,0.5286579854599293,-0.0009744112274505753,0.0013306649678867773,-0.0036068010760530456,0.0016492866630585645,0.003966000567216331,4,33
121024.43899989128,50.61899995803833,121.43962184499999,31.029460313333335,16.445,121.43962186675479,31.02946031486863,16.448478803413767,-366.8686536418841,-116.26043824822727,-0.6667874061326131,-366.86657662286547,-116.26026802997178,-0.6633086027188462,0.004055261898413608,0.0020840047680100522,0.5356000298065842,-0.0020770415580973933,-0.0001702182100275549,-0.00347880341376694,0.0020840047680100522,0.004055261898413608,4,33
121024.53900003433,50.71900010108948,121.43961228166667,31.029457261666668,16.453,121.43961231039522,31.029457262401262,16.450098032195324,-367.78170427612673,-116.59877740858619,-0.658787406132614,-367.778961443605,-116.59869596397914,-0.6616893739372891,0.0039939134149148,0.0027440712866952863,0.5370031414124619,-0.0027428623745994326,-8.144458528524684e-05,0.0029019678046751096,0.0027440712866952863,0.0039939134149148,4,34
121024.63899993896,50.819000005722046,121.43960272000001,31.029454191666666,16.459,121.43960275167301,31.029454186533375,16.451080399149678,-368.69459578493104,-116.93914919168373,-0.6527874061326138,-368.69157183314985,-116.93971832080341,-0.6607070069829355,0.00849637978366876,0.0030770752021877135,0.5242209254463692,-0.0030239847913629673,0.0005691289673914269,0.007919600850321729,0.0030770752021877135,0.00849637978366876,4,33
121024.73900008202,50.91900014877319,121.439593165,31.02945104666667,16.46,121.43959318954823,31.029451062990756,16.451660191219105,-369.60685080169907,-117.28783624474836,-0.6517874061326125,-369.60450708122585,-117.28602638904056,-0.6601272149135085,0.00884992273256088,0.0029612027742775982,0.5358236880567349,-0.0023437461345022464,-0.0018098552227720104,0.008339808780895908,0.0029612027742775982,0.00884992273256088,4,33
121024.83899998665,51.01900005340576,121.439583545,31.029447968333336,16.462,121.4395835877325,31.029447964513455,16.451681118254175,-370.52531163282544,-117.6291319461826,-0.6497874061326137,-370.5212317875733,-117.62955545785718,-0.6601062878784383,0.011104241774277821,0.004101812391773177,0.527912277314692,-0.004079890054291815,0.0004235115608749303,0.010318881745824626,0.004101812391773177,0.011104241774277821,4,33
121024.93899989128,51.11899995803833,121.43957397999999,31.029444901666672,16.461,121.43957400447397,31.02944488514718,16.45149313716022,-371.4385213925064,-117.96913416067599,-0.6507874061326149,-371.4361847606861,-117.97096568191027,-0.6602942689723932,0.009959662534929692,0.0029689117122818735,0.5367046540596658,-0.0023366575547704984,0.001831520741640247,0.009506862839778307,0.0029689117122818735,0.009959662534929692,4,33
121025.03900003433,51.21900010108948,121.43956445,31.029441800000004,16.461,121.43956446121372,31.029441813473436,16.45040758467621,-372.3483895544214,-118.31301683599192,-0.6507874061326149,-372.34731893462634,-118.31152303249893,-0.6613798214564035,0.010750672636199759,0.0018378519361205669,0.5502330488670115,-0.0010706316204703267,-0.0014938030902201262,0.010592415323788629,0.0018378519361205669,0.010750672636199759,4,33
121025.13899993896,51.319000005722046,121.43955489333332,31.029438741666663,16.46,121.43955492139598,31.02943877327049,16.451689483075246,-373.2608036941985,-118.6520951321486,-0.6517874061326125,-373.25812443848764,-118.64859120717422,-0.6600979230573678,0.00940854639973086,0.004410901699113785,0.5353131377274447,-0.002679285389906754,-0.003503924028668015,0.008310516924755262,0.004410901699113785,0.00940854639973086,4,35
121025.23900008202,51.41900014877319,121.43954532499998,31.029435695,16.465,121.4395453585348,31.02943573277715,16.456007408477554,-374.17433169989755,-118.9898799406592,-0.6467874061326135,-374.1711299924933,-118.98569157758355,-0.6557799976550598,0.010424022071923462,0.005271957308853646,0.5410749349811295,-0.003201742974557645,-0.004188361946065089,0.008992591522446247,0.005271957308853646,0.010424022071923462,4,35
121025.33899998665,51.51900005340576,121.43953574833334,31.029432648333334,16.464,121.43953576908517,31.02943269131761,16.46180844399392,-375.08865531821266,-119.32766474987503,-0.6477874061326148,-375.08667405673987,-119.32289907104457,-0.6499789621386931,0.005607145861677061,0.005161120710305479,0.5473215657891184,-0.0019812835489912755,-0.0047656775473001395,0.0021915560060783434,0.005161120710305479,0.005607145861677061,4,36
121025.43899989128,51.61899995803833,121.439526165,31.029429610000005,16.465,121.4395261762455,31.029429646584216,16.466569510460282,-376.00361543342257,-119.66452563934365,-0.6467874061326135,-376.00254178188015,-119.6604695375367,-0.6452178956723316,0.004479739892151155,0.004195796279181809,0.5551211289886164,-0.001073663540508535,-0.004056100715980631,-0.0015695104602819754,0.004195796279181809,0.004479739892151155,4,36
121025.53900003433,51.71900010108948,121.43951657333334,31.02942656833333,16.469,121.43951657590121,31.029426613177137,16.46951444175381,-376.91937116610706,-120.00175609741643,-0.6427874061326122,-376.91912600269103,-119.99678425191851,-0.6422729643788045,0.005004397178781522,0.00497788517394041,0.5563670187341264,-0.00024516616358875436,-0.00497184416058739,-0.0005144417538076596,0.00497788517394041,0.005004397178781522,5,36
121025.63899993896,51.819000005722046,121.43950696833332,31.029423501666663,16.47,121.439506980697,31.02942356894474,16.47228149575351,-377.8363998901519,-120.34175831261507,-0.6417874061326145,-377.835219478833,-120.33429917299397,-0.6395059103791034,0.007889065789316781,0.007551962404228398,0.5576440240278735,-0.0011804245860455606,-0.007459137614465787,-0.002281495753511109,0.007551962404228398,0.007889065789316781,5,36
121025.73900008202,51.91900014877319,121.43949735,31.029420481666662,16.476,121.4394973783823,31.02942053101753,16.474318042113968,-378.7547015982692,-120.6765865807556,-0.6357874061326143,-378.75199182345415,-120.67111503596935,-0.6374693640186457,0.00633323090066511,0.006105803084832992,0.5383842275121018,-0.002709805358226739,-0.005471543313479456,0.0016819578860314266,0.006105803084832992,0.00633323090066511,5,36
121025.83899998665,52.01900005340576,121.43948771333335,31.02941746166667,16.481,121.4394877561514,31.02941749418256,16.476222315535598,-379.6747536619155,-121.01141484748561,-0.6307874061326117,-379.670665649408,-121.00780980191058,-0.6355650905970158,0.007248092128770577,0.005450556913356464,0.5462951594880437,-0.004088058716379338,-0.003605044604047619,0.004777684464404075,0.005450556913356464,0.007248092128770577,4,36
121025.93899989128,52.11899995803833,121.43947806333333,31.029414433333333,16.484,121.43947810969682,31.02941446517986,16.4791337644155,-380.59607872178066,-121.34716703537335,-0.6277874061326116,-380.59165220787895,-121.34363620198434,-0.6326536417171127,0.007466022770832443,0.0056622652049090946,0.5554836347713746,-0.004426564079023032,-0.003530832437970854,0.004866235584501055,0.0056622652049090946,0.007466022770832443,4,36
121026.03900003433,52.21900010108948,121.43946843,31.029411366666668,16.487000000000002,121.43946845087714,31.02941143705487,16.480359800921292,-381.5158125394088,-121.68716924986673,-0.6247874061326115,-381.5138193137086,-121.67936528985078,-0.6314276052113215,0.010438727983368036,0.008054489313783372,0.5697584300478051,-0.001993248358049422,-0.0078039579117896215,0.006640199078709941,0.008054489313783372,0.010438727983368036,5,36
121026.13899993896,52.319000005722046,121.43945875,31.029408313333338,16.487000000000002,121.43945878571402,31.029408393949844,16.482588952715243,-382.4400018182957,-122.02569319346983,-0.6247874061326115,-382.43659205479986,-122.01675521875202,-0.62919845341737,0.010534298233811546,0.009566300284358096,0.5652283538689067,-0.003409802365718883,-0.008937972306806935,0.004411047284758496,0.009566300284358096,0.010534298233811546,4,36
121026.23900008202,52.41900014877319,121.43944904833333,31.029405293333337,16.490000000000002,121.43944909021123,31.029405370008753,16.4857062976447,-383.3662597035881,-122.36052146161036,-0.6217874061326114,-383.3622614482933,-122.3520204365535,-0.626081108487913,0.010329069602235877,0.009394349308595614,0.5596664730657513,-0.00399830100161483,-0.008501022763902985,0.004293702355301576,0.009394349308595614,0.010329069602235877,5,35
121026.33899998665,52.51900005340576,121.43943932333335,31.02940225166667,16.484,121.43943936640433,31.029402332064137,16.487418388780483,-384.2947453134367,-122.69775191897787,-0.6277874061326116,-384.29063315140974,-122.68883822911484,-0.6243690173521301,0.01039468470772573,0.009816521192281167,0.5493325450973915,-0.0041122091675685766,-0.008913687456977064,-0.003418388780481507,0.009816521192281167,0.01039468470772573,4,34
121026.43899989128,52.61899995803833,121.43942956666666,31.029399185000003,16.484,121.43942961293162,31.0293992801335,16.488872780733146,-385.22625427503317,-123.03775413417651,-0.6277874061326116,-385.22183716975127,-123.0272066562712,-0.6229146253994671,0.01242998349887764,0.011435055649583237,0.5539377496894216,-0.0044171560600723275,-0.010547475055672415,-0.004872780733144566,0.011435055649583237,0.01242998349887764,4,34
121026.53900003433,52.71900010108948,121.43941978666665,31.02939616333333,16.488,121.43941982979717,31.029396241273563,16.489523699592855,-386.1599909636151,-123.37276718626649,-0.6237874061326139,-386.1558731170618,-123.36412593052529,-0.6222637065397585,0.009692779374896045,0.00957226783793384,0.5655550476360472,-0.004117894022420403,-0.00864125340337019,-0.0015236995928553654,0.00957226783793384,0.009692779374896045,4,35
121026.63899993896,52.819000005722046,121.43940998166666,31.029393111666664,16.489,121.43941002600644,31.029393185536808,16.487002760648416,-387.09611450462074,-123.71110634733066,-0.6227874061326126,-387.09188120388086,-123.70291634317788,-0.6247846454841977,0.009433257448864831,0.009219402424726023,0.5623869933509771,-0.004233349673381175,-0.00819000192990988,0.001997239351585023,0.009219402424726023,0.009433257448864831,4,34
121026.73900008202,52.91900014877319,121.43940014,31.029390055,16.491,121.43940020234297,31.029390118285434,16.48442169504635,-388.03573876154286,-124.04999985883263,-0.6207874061326137,-388.02978662281424,-124.04298338428352,-0.6273657110862629,0.011310780745769486,0.009201068688780895,0.5665062695637546,-0.005952207718798801,-0.007016472638579599,0.006578304953649194,0.009201068688780895,0.011310780745769486,4,35
121026.83899998665,53.01900005340576,121.43939030333334,31.029386984999995,16.490000000000002,121.4393903684673,31.029387047773568,16.481487435401878,-388.97488564700853,-124.39037164122492,-0.6217874061326114,-388.96866704246605,-124.38341191737841,-0.6302999707307357,0.012632237606709564,0.00933325617965819,0.562068385215505,-0.006218676817868512,-0.006959721944879158,0.008512564598124328,0.00933325617965819,0.012632237606709564,4,35
121026.93899989128,53.11899995803833,121.43938047166667,31.029383888333335,16.486,121.43938054609833,31.029383967598996,16.47809979466084,-389.9135551658763,-124.73369996398725,-0.6257874061326127,-389.90644886910894,-124.72491175786328,-0.6336876114717747,0.013789358205504323,0.011301909366066737,0.5549383150641837,-0.007106379584745704,-0.008788203713859648,0.007900205339161914,0.011301909366066737,0.013789358205504323,4,35
121027.03999996185,53.22000002861023,121.43937061,31.029380834999998,16.483,121.43937060330953,31.029380872729625,16.476628520755156,-390.85508890619496,-125.07222390900087,-0.6287874061326129,-390.8557276720417,-125.06804081420267,-0.6351588853774572,0.007648663385141947,0.0042315840783007435,0.5758420185468393,0.0006387733115000654,-0.004183093648036533,0.00637147924484438,0.0042315840783007435,0.007648663385141947,5,34
121027.1400001049,53.32000017166138,121.43936072833334,31.029377753333332,16.483,121.43936072519371,31.029377799696803,16.478565871124385,-391.7985321250517,-125.41388917762873,-0.6287874061326129,-391.79883187935434,-125.4087488466943,-0.6332215350082286,0.0067951704327166,0.005149062276191289,0.5687424069834944,0.00029975781537921315,-0.005140329520197639,0.004434128875615784,0.005149062276191289,0.0067951704327166,5,35
121027.24000000954,53.420000076293945,121.439350815,31.029374665,16.483,121.43935081816764,31.029374711350492,16.47718778680767,-392.74499869565625,-125.75629358205437,-0.6287874061326129,-392.7446962667111,-125.7511546898463,-0.6345996193249448,0.007764115285577485,0.005147782432719988,0.5816007224045447,-0.0003024324989142069,-0.005138890790649382,0.005812213192331939,0.005147782432719988,0.007764115285577485,4,35
121027.33999991417,53.519999980926514,121.43934092166667,31.029371541666666,16.48,121.43934088955035,31.029371602196235,16.475612169852013,-393.68955578043494,-126.10257844659728,-0.631787406132613,-393.6926220576442,-126.09586751591843,-0.6361752362806001,0.008584398439369966,0.007378268303489139,0.5798795666960661,0.003066313338823005,-0.0067109288229297,0.0043878301479871595,0.007378268303489139,0.008584398439369966,5,35
121027.44000005722,53.62000012397766,121.43933097833333,31.029368415,16.475,121.43933094085774,31.029368473468754,16.47197562468927,-394.6388865724905,-126.44923287833383,-0.636787406132612,-394.6424645202274,-126.44275043080205,-0.6398117814433419,0.007998184869414638,0.007404330839797766,0.5643251803200512,0.0035779900104114444,-0.006482445732173636,0.0030243753107299653,0.007404330839797766,0.007998184869414638,5,35
121027.53999996185,53.72000002861023,121.43932100166667,31.029365295,16.466,121.43932097323544,31.029365346314172,16.464468711604905,-395.5913998320151,-126.79514817497785,-0.6457874061326123,-395.59411427834465,-126.78945895794476,-0.6473186945277085,0.0064869414959633906,0.006303615297834686,0.5570518082729263,0.0027144784862579274,-0.0056892154442188545,0.0015312883950961975,0.006303615297834686,0.0064869414959633906,4,35
121027.6400001049,53.82000017166138,121.43931103999999,31.02936213666667,16.459,121.43931100595886,31.029362195127934,16.459123000328088,-396.54248098202885,-127.1453134989328,-0.6527874061326138,-396.5457310297701,-127.13883188219496,-0.6526644058045257,0.007251863367694984,0.007250820175884011,0.5720440534998384,0.003250086347230524,-0.006481614919026924,-0.00012300032808809647,0.007250820175884011,0.007251863367694984,4,34
121027.74000000954,53.920000076293945,121.43930106333333,31.029358993333336,16.456,121.4393010532125,31.029359049407297,16.45265571277359,-397.4949942439827,-127.49381576945851,-0.6557874061326139,-397.4959605211396,-127.48759883323582,-0.6591316933590221,0.00712518385920375,0.006291580721467412,0.5871494989570761,0.0009662886656649254,-0.006216934468799547,0.003344287226408227,0.006291580721467412,0.00712518385920375,4,35
121027.83999991417,54.019999980926514,121.43929108333332,31.029355851666665,16.448999999999998,121.4392910990054,31.02935589343428,16.447286928040768,-398.4478257519547,-127.84213325603478,-0.6627874061326153,-398.4463294753167,-127.83750246908542,-0.6645004780918455,0.005159233315523341,0.004866525749084778,0.5692313185685651,-0.0014962945073494572,-0.00463078563677709,0.0017130719592302057,0.004866525749084778,0.005159233315523341,5,35
121027.94000005722,54.12000012397766,121.43928110666666,31.02935266833333,16.447,121.43928113763658,31.02935272033654,16.445717922119506,-399.40033901390854,-128.19507033782085,-0.6647874061326142,-399.3973821881233,-128.18930472723866,-0.6660694840131072,0.0066052250762020735,0.006479604510742874,0.5818752550540088,-0.0029568611946406333,-0.00576560894366482,0.001282077880492949,0.006479604510742874,0.0066052250762020735,5,33
121028.03999996185,54.22000002861023,121.43927116000002,31.029349479999997,16.445999999999998,121.43927117949649,31.029349525708525,16.444210851722264,-400.3499880495529,-128.54856177074998,-0.6657874061326154,-400.34812664170136,-128.54349405318163,-0.6675765544103491,0.0056875056645289464,0.005398765518554352,0.5817275338289578,-0.0018614302045016485,-0.005067716124458866,0.0017891482777336876,0.005398765518554352,0.0056875056645289464,5,33
121028.1400001049,54.32000017166138,121.43926120833333,31.029346279999995,16.442,121.43926120811172,31.029346331053766,16.443791774543644,-401.30011445908303,-128.90334669061997,-0.6697874061326132,-401.3001356181531,-128.89768634473458,-0.667995631588969,0.0059372048121232885,0.005660383817891549,0.56789956437863,2.1159324884171342e-05,-0.0056603442694609105,-0.001791774543644209,0.005660383817891549,0.0059372048121232885,4,33
121028.24000000954,54.420000076293945,121.43925119166667,31.029343094999998,16.441,121.43925120829813,31.029343136884332,16.445526247805127,-402.2564466829715,-129.25646855565023,-0.6707874061326144,-402.25485881015237,-129.2518248279214,-0.6662611583274867,0.006676265054223805,0.004907707803122138,0.5634694025575049,-0.0015878919935632901,-0.00464372640210462,-0.004526247805127781,0.004907707803122138,0.006676265054223805,5,33
121028.33999991417,54.519999980926514,121.43924119166668,31.02933985166667,16.439999999999998,121.43924121167248,31.029339901099362,16.445269132462847,-403.21118767191075,-129.6160578539742,-0.6717874061326157,-403.2092776370666,-129.610577237454,-0.6665182736697659,0.007838955199416799,0.005803917789511358,0.5581348373462031,-0.001910057973469783,-0.005480614951389206,-0.005269132462849768,0.005803917789511358,0.007838955199416799,4,33
121028.44000005722,54.62000012397766,121.43923115666666,31.029336641666667,16.438,121.43923119617861,31.029336703471845,16.44427565120493,-404.169270258616,-129.97195147754084,-0.6737874061326146,-404.16549789036276,-129.9650991193548,-0.6675117549276841,0.010028444129093258,0.007822141241654998,0.5729430070582945,-0.0037724140595842264,-0.006852356220122479,-0.006275651204930455,0.007822141241654998,0.010028444129093258,5,32
121028.53999996185,54.72000002861023,121.43922118500001,31.029333421666667,16.442,121.43922117359676,31.02933349536949,16.4430075483122,-405.1213061466841,-130.32895380268837,-0.6697874061326132,-405.1223948622212,-130.32078234964266,-0.6687798578204145,0.008305003940876549,0.008243660404005038,0.5749365490913095,0.0010887287931745408,-0.0081714506956521,-0.001007548312198736,0.008243660404005038,0.008305003940876549,5,33
121028.6400001049,54.82000017166138,121.43921116833332,31.029330166666668,16.448999999999998,121.43921116592861,31.02933025270905,16.442083540257055,-406.07763837543115,-130.68983658795318,-0.6627874061326153,-406.07786796227344,-130.6802970443624,-0.6697038658755581,0.011785286005850559,0.0095423032263678,0.5990617803326495,0.00022958964541077768,-0.009539540841081896,0.006916459742942749,0.0095423032263678,0.011785286005850559,5,33
121028.74000000954,54.920000076293945,121.439201125,31.029326941666667,16.451,121.43920115181838,31.029327017353737,16.442222599458542,-407.03651657475245,-131.04739326494905,-0.6607874061326129,-407.0339561134947,-131.03900181794705,-0.6695648066740709,0.012410287054665589,0.008773395267170657,0.5947856206958527,-0.0025604926066407248,-0.008391444579174116,0.008777400541458036,0.008773395267170657,0.012410287054665589,4,33
121028.83999991417,55.019999980926514,121.439191085,31.02932370833333,16.451,121.43919113634111,31.029323767361376,16.44129598977477,-407.9950765280556,-131.40587386169213,-0.6607874061326129,-407.99017478289727,-131.39932940505392,-0.6704914163578444,0.012689578319574488,0.00817664867028159,0.5875667220567794,-0.004901805338390834,-0.006544454744418424,0.009704010225231485,0.00817664867028159,0.012689578319574488,5,33
121028.94000005722,55.12000012397766,121.43918104999999,31.02932048833333,16.451999999999998,121.43918112388896,31.029320516913867,16.44130523887405,-408.9531591123316,-131.76287618683966,-0.6597874061326152,-408.9461046297785,-131.75970745478284,-0.6704821672585624,0.01319794385584547,0.007733550703330201,0.590627451581579,-0.007054569402476876,-0.0031687311382659327,0.010694761125947139,0.007733550703330201,0.01319794385584547,5,33
121029.03999996185,55.22000002861023,121.43917103666666,31.029317253333335,16.451,121.43917110765182,31.029317276585793,16.439361490603613,-409.90917309020193,-132.12154156612166,-0.6607874061326129,-409.90239584734053,-132.11896355959576,-0.6724259155290007,0.013712518717575391,0.00725108740879938,0.5756580177399299,-0.006777326524980559,-0.002578005776534226,0.011638509396387775,0.00725108740879938,0.013712518717575391,5,33
121029.1400001049,55.32000017166138,121.43916106666666,31.029313974999997,16.448,121.43916109223203,31.02931403411147,16.43935306601149,-410.86104985769026,-132.48501132597343,-0.663787406132613,-410.8586090265596,-132.47845761987622,-0.672434340121125,0.011121075042516275,0.006993485733137231,0.5832485923100222,-0.002440861344902347,-0.006553704188819899,0.008646933988512018,0.006993485733137231,0.011121075042516275,4,35
121029.24000000954,55.420000076293945,121.43915105666669,31.029310706666667,16.447,121.43915108556003,31.029310783059596,16.439341867387213,-411.81674558468393,-132.84737238142327,-0.6647874061326142,-411.8139870201142,-132.8389026754647,-0.6724455387454,0.01174703110100026,0.008907622835125757,0.599705387380989,-0.002758598810747849,-0.008469703487973731,0.007658132612785806,0.008907622835125757,0.01174703110100026,4,35
121029.33999991417,55.519999980926514,121.43914105666666,31.02930746166667,16.444,121.43914108786633,31.029307536662344,16.43958990699134,-412.77148657848176,-133.2071464636967,-0.6677874061326143,-412.7685078186846,-133.1988316718945,-0.6721974991412729,0.009872075438772148,0.008832267722606072,0.5829420204026146,-0.002978796872526153,-0.008314789372919644,0.004410093008658578,0.008832267722606072,0.009872075438772148,4,35
121029.44000005722,55.62000012397766,121.43913102666666,31.02930421833333,16.442,121.43913109043564,31.02930428386058,16.439514508858814,-413.7290917913013,-133.56673576343115,-0.6697874061326132,-413.7230035057387,-133.55947073832314,-0.6722728972737997,0.009799304642363598,0.00947885569364427,0.5820885259764009,-0.00608836154775946,-0.007265022981704631,0.0024854911411864578,0.00947885569364427,0.009799304642363598,4,35
121029.53999996185,55.72000002861023,121.43912103,31.029300976666665,16.442,121.4391210931536,31.029301045697835,16.44036585492162,-414.68351453422247,-133.92614027851093,-0.6697874061326132,-414.67748500091125,-133.91848677259964,-0.6714215512109938,0.009879409417266966,0.00974332080436582,0.5826336425204622,-0.006029608767843466,-0.0076535036684862836,0.0016341450783805556,0.00974332080436582,0.009879409417266966,5,35
121029.6400001049,55.82000017166138,121.43911105166666,31.02929773,16.438,121.43911111230055,31.029297802951238,16.440272515476842,-415.6361869191854,-134.28609914473378,-0.6737874061326146,-415.63039795308345,-134.2780110200393,-0.6715148906557715,0.010202696645384327,0.00994639091556558,0.5903174296912663,-0.005789038744036375,-0.008088122320124196,-0.00227251547684304,0.00994639091556558,0.010202696645384327,5,33
121029.74000000954,55.920000076293945,121.43910108999998,31.029294473333334,16.439999999999998,121.43910113300115,31.02929457123859,16.440216411695623,-416.5872680691991,-134.64716671394805,-0.6717874061326157,-416.5831625731294,-134.63631192973267,-0.6715709944369905,0.011607266138615019,0.011605248519124242,0.5908898639973352,-0.004105547725604711,-0.010854781023282663,-0.0002164116956251405,0.011605248519124242,0.011607266138615019,5,34
121029.84100008011,56.021000146865845,121.43909110333334,31.02929122666667,16.442,121.4390910651684,31.029291305636608,16.440125412147548,-417.54073606920736,-135.0071255801709,-0.6697874061326132,-417.54437983355575,-134.99837016008192,-0.6716619939850652,0.009666890349346025,0.009483390185462095,0.5993483764748424,0.003643810318991887,-0.008755417509686619,0.001874587852451981,0.009483390185462095,0.009666890349346025,4,36
121029.94099998474,56.12100005149841,121.43908115333333,31.029287980000003,16.441,121.43908111118044,31.029288061219685,16.43905129194655,-418.4907033557284,-135.36708444639376,-0.6707874061326144,-418.4947278643034,-135.3580795969944,-0.6727361141860619,0.010053944844972948,0.009863282611189189,0.5930755312230892,0.004024559484924584,-0.009004846740533154,0.0019487080534474899,0.009863282611189189,0.010053944844972948,5,35
121030.04099988937,56.22099995613098,121.43907118833334,31.029284741666668,16.442,121.43907115801865,31.029284819917706,16.437715456535763,-419.4421027517603,-135.7261193942799,-0.6697874061326132,-419.4449970186049,-135.71744367892643,-0.6740719495968506,0.010099618710661867,0.009145763248838906,0.5803123359236001,0.0028943035543857977,-0.008675712785637966,0.004284543464237345,0.009145763248838906,0.010099618710661867,5,34
121030.14100003242,56.32100009918213,121.43906122333334,31.02928150833333,16.442,121.43906122344733,31.029281572233966,16.43547109786708,-420.39350214779216,-136.0845999903177,-0.6697874061326132,-420.39349126459655,-136.07751530885463,-0.6763163082655339,0.009634280624080605,0.0070846877194608105,0.5730340626979035,-1.0883334040375922e-05,-0.00708467936009238,0.0065289021329206776,0.0070846877194608105,0.009634280624080605,5,35
121030.24099993706,56.4210000038147,121.43905129166666,31.02927828833333,16.441,121.43905131203675,31.02927833901338,16.43461918781044,-421.34171907635493,-136.4416023161705,-0.6707874061326144,-421.33977425901185,-136.435983404194,-0.6771682183221728,0.008721773223876253,0.005945970397698648,0.5692874440017698,-0.0019448421411876779,-0.0056189103050475146,0.006380812189558327,0.005945970397698648,0.008721773223876253,4,34
121030.34100008011,56.521000146865845,121.43904138666667,31.029275065,16.436,121.43904141811142,31.02927511089953,16.43200149507355,-422.2873900246264,-136.79897420851168,-0.6757874061326135,-422.2843878659586,-136.79388531486592,-0.6797859110590636,0.007134287059298534,0.005908469361656061,0.5641878273919191,-0.0030021970478550813,-0.0050888921273179516,0.003998504926450153,0.005908469361656061,0.007134287059298534,5,33
121030.44099998474,56.62100005149841,121.43903147,31.029271836666666,16.433,121.43903151682566,31.029271880005542,16.43072620931205,-423.23417484124906,-137.15690045340642,-0.6787874061326136,-423.22970420181935,-137.15209545996746,-0.6810611968205649,0.006945876583280299,0.006563160627132902,0.5636533768986722,-0.00447069673312023,-0.004804992001868021,0.002273790687951305,0.006563160627132902,0.006945876583280299,4,33
121030.54099988937,56.72099995613098,121.4390216,31.029268611666666,16.435,121.43902159784597,31.02926865833787,16.428133314783516,-424.17650419661305,-137.5144571304023,-0.6767874061326147,-424.1767098525714,-137.5092826804952,-0.6836540913490978,0.008600498654082762,0.005178533695614152,0.5691634254482414,0.00020565860113906496,-0.005174448354789977,0.006866685216483148,0.005178533695614152,0.008600498654082762,5,33
121030.64100003242,56.82100009918213,121.43901169166665,31.02926541333333,16.435,121.43901168429912,31.02926544887333,16.426070329658838,-425.1224933957612,-137.86905726632284,-0.6767874061326147,-425.12319680487485,-137.86511693685193,-0.6857170764737752,0.009785703680927484,0.004002622156676225,0.5643637747870098,0.0007034181765442157,-0.003940328285564876,0.008929670341160545,0.004002622156676225,0.009785703680927484,4,33
121030.74099993706,56.9210000038147,121.43900176833334,31.02926221333333,16.435,121.43900177903204,31.02926225083151,16.423291035005825,-426.0699147044201,-138.22384218619283,-0.6767874061326147,-426.06889325577754,-138.2196847522078,-0.6884963711267886,0.012467056285571893,0.0042810782745503016,0.5622945691259678,-0.0010214618368225646,-0.004157432730513106,0.011708964994173954,0.0042810782745503016,0.012467056285571893,5,33
121030.84100008011,57.021000146865845,121.43899184166666,31.029258990000002,16.43,121.4389918698837,31.02925903959431,16.418273459047942,-427.01765426152645,-138.58121407853397,-0.6817874061326137,-427.0149602649158,-138.5757155435232,-0.6935139470846714,0.013228886474359691,0.006123044557343189,0.559887607052243,-0.0026940314976435825,-0.0054985333445305516,0.011726540952057718,0.006123044557343189,0.013228886474359691,5,33
121030.94099998474,57.12100005149841,121.43898190166668,31.029255780000003,16.427,121.43898194177338,31.029255833967273,16.415033808789598,-427.9666668027053,-138.93710770139538,-0.6847874061326138,-427.96283765235046,-138.93112433464063,-0.6967535973430152,0.013915931919861018,0.007103761617222121,0.5608174731633381,-0.0038292000682580555,-0.0059833649355166985,0.011966191210401433,0.007103761617222121,0.013915931919861018,5,33
121031.04099988937,57.22099995613098,121.43897198,31.02925263666667,16.424,121.43897201664808,31.029252656202086,16.414217108695077,-428.9139289907844,-139.28560997121582,-0.6877874061326139,-428.91043004824587,-139.283444074458,-0.6975702974375366,0.010613151547967437,0.004115097021479707,0.5622827060219154,-0.0034989880807384335,-0.0021658960979330307,0.009782891304922714,0.004115097021479707,0.010613151547967437,5,34
121031.14100003242,57.32100009918213,121.43896207000002,31.02924945166667,16.418,121.4389620991432,31.029249475729678,16.410970854252984,-429.8600773105123,-139.63873183695134,-0.6937874061326141,-429.8572948903664,-139.6360639643323,-0.7008165518796297,0.00801676329978339,0.0038548156728911848,0.5734957767021704,-0.0027824564528176406,-0.0026678718035432272,0.007029145747015519,0.0038548156728911848,0.00801676329978339,5,35
121031.24099993706,57.4210000038147,121.43895210166666,31.029246258333334,16.413,121.43895215679211,31.029246292945114,16.408809636805426,-430.8117949549916,-139.9927776217288,-0.6987874061326131,-430.80653190231385,-139.9889402035087,-0.7029777693271875,0.007745021722281953,0.006513541108811406,0.5844150065836206,-0.0052631215269242195,-0.0038374170439245967,0.004190363194574331,0.006513541108811406,0.007745021722281953,5,34
121031.34100008011,57.521000146865845,121.43894209166668,31.029243088333335,16.409,121.43894216988446,31.029243116233282,16.407782782878357,-431.7674906844145,-140.3442364326246,-0.7027874061326145,-431.7600229125071,-140.34114315753422,-0.7040046232542565,0.008174291555963933,0.008083156866019906,0.5746881746198648,-0.007467869844472238,-0.003093274140244759,0.0012172171216420224,0.008083156866019906,0.008174291555963933,5,33
121031.44099998474,57.62100005149841,121.43893211499999,31.029239918333328,16.404,121.43893219704384,31.02923995207422,16.403593084516018,-432.7200039487977,-140.69569524422562,-0.7077874061326135,-432.7121708853439,-140.69195438217625,-0.7081943216165953,0.008690116044014025,0.008680583888617503,0.5867872380823469,-0.007833166435340556,-0.003740860896047846,0.0004069154839818623,0.008680583888617503,0.008690116044014025,5,32
121031.54099988937,57.72099995613098,121.43892216666667,31.029236725,16.397,121.43892225075246,31.029236780683593,16.399011442539194,-433.6698121074511,-141.04974102829783,-0.7147874061326149,-433.66178409389687,-141.04356737234954,-0.712775963593419,0.010325241193529169,0.010127423394727044,0.5887710769734306,-0.008028119358999325,-0.006173654037417785,-0.00201144253919594,0.010127423394727044,0.010325241193529169,5,35
121031.64100003242,57.82100009918213,121.43891221500002,31.029233550000004,16.391,121.43891230299475,31.02923360708469,16.394509315751435,-434.61993851455196,-141.4017541903367,-0.7207874061326152,-434.6115372972709,-141.39542519496143,-0.7172780903811784,0.011088452165628518,0.010518482513468834,0.5900850245802468,-0.008401328277048481,-0.0063289934087037295,-0.003509315751436759,0.010518482513468834,0.011088452165628518,4,36
121031.74099993706,57.9210000038147,121.43890226166668,31.029230405,16.393,121.4389023542021,31.029230442312304,16.39362897020037,-435.5702240470911,-141.75044124481187,-0.7187874061326127,-435.56138931180175,-141.74630441917154,-0.7181584359322422,0.009775660308441037,0.009755405217266751,0.594856349161186,-0.00883485230387314,-0.004136824352304895,-0.00062897020037056,0.009755405217266751,0.009775660308441037,5,34
121031.84100008011,58.021000146865845,121.43889232333335,31.029227248333335,16.392,121.43889241571236,31.02922728576972,16.392427492990986,-436.5190774676902,-142.1004217855226,-0.7197874061326139,-436.51025766521406,-142.09627120241402,-0.7193599131416271,0.00975710310903995,0.00974773362495581,0.5919239665102275,-0.008819919581992722,-0.0041505818134660935,-0.00042749299098687743,0.00974773362495581,0.00975710310903995,4,34
121031.94099998474,58.12100005149841,121.43888241833335,31.029224128333333,16.392,121.43888249883635,31.029224160219222,16.39258223744442,-437.4647484183908,-142.44633708216662,-0.7197874061326139,-437.4570624675623,-142.44280188464097,-0.7192051686881946,0.008480095925466674,0.008460084305929377,0.605560839847746,-0.007686053130761405,-0.003535196420928451,-0.0005822374444193201,0.008460084305929377,0.008480095925466674,4,34
121032.04099988937,58.22099995613098,121.43887251833333,31.029221005,16.391,121.43887260131788,31.02922104555317,16.391704041801784,-438.4099420000644,-142.79262194670954,-0.7207874061326152,-438.4020191259537,-142.78812580480096,-0.7200833643308293,0.009136988756672258,0.009109823745874197,0.6041977566986482,-0.007922979823159372,-0.0044961405007742875,-0.0007040418017858485,0.009109823745874197,0.009136988756672258,5,33
121032.14100003242,58.32100009918213,121.43886262,31.029217851666665,16.386,121.43886271744772,31.029217898551053,16.38792274259991,-439.35497645629954,-143.1422329195214,-0.7257874061326142,-439.3456727232982,-143.13703483430217,-0.7238646635327051,0.01082953255270741,0.010657477947649917,0.6018270346451045,-0.009303857438585214,-0.005198083586008104,-0.0019227425999090997,0.010657477947649917,0.01082953255270741,5,34
121032.24099993706,58.4210000038147,121.43885269666667,31.029214686666666,16.381,121.43885281006712,31.029214734654044,16.3809895670193,-440.30239776495847,-143.49313737927412,-0.7307874061326132,-440.2915709603085,-143.48781700513467,-0.7307978391133148,0.012063553125878397,0.012063548614475103,0.5993240290981764,-0.010826949804409541,-0.005320372459386687,1.0432980701580163e-05,0.012063548614475103,0.012063553125878397,4,33
121032.34100008011,58.521000146865845,121.43884285333334,31.02921156,16.375,121.43884295545428,31.029211607825875,16.37407061573371,-441.24218114731895,-143.83979181101066,-0.7367874061326134,-441.2324312421651,-143.83448934266715,-0.7377167903989026,0.011137464400886976,0.011098619651407054,0.5962914110501273,-0.00975003617830991,-0.00530246666073882,0.0009293842662891905,0.011098619651407054,0.011137464400886976,5,32
121032.44099998474,58.62100005149841,121.43883310666666,31.029208426666667,16.369,121.4388332275626,31.029208501549633,16.36774090518683,-442.1727353660024,-144.18718537854497,-0.7427874061326136,-442.1611929353659,-144.17888308250446,-0.7440465009457817,0.014273916404369,0.014218275907098147,0.6197167883651377,-0.01154258611312663,-0.008302293393480134,0.0012590948131681046,0.014218275907098147,0.014273916404369,4,32
121032.54099988937,58.72099995613098,121.4388234,31.029205348333335,16.37,121.43882356196163,31.02920542177163,16.365375905988934,-443.0994706203221,-144.5284810799792,-0.7417874061326124,-443.08400747958893,-144.5203389550884,-0.7464115001436795,0.01807737754634771,0.017475964452069864,0.6116683793292894,-0.0154633495135505,-0.008142122287941088,0.004624094011067115,0.017475964452069864,0.01807737754634771,5,32
121032.64100003242,58.82100009918213,121.43881370333332,31.029202296666668,16.377,121.43881387194888,31.02920235272016,16.370260687586132,-444.02525113415817,-144.86682024033811,-0.7347874061326145,-444.00915271603105,-144.86060557363575,-0.7415267185464813,0.01852583252788792,0.01725653902263286,0.6074918452656657,-0.016098636013311487,-0.006214664717469559,0.006739312413866827,0.01725653902263286,0.01852583252788792,4,32
121032.742000103,58.92200016975403,121.43880400333335,31.029199284999997,16.384,121.43880406206762,31.029199288739353,16.380159142351054,-444.95134989158305,-145.2007245894367,-0.7277874061326131,-444.9457422910212,-145.2003100063287,-0.731628263781559,0.006809559743351244,0.00562298109714086,0.6126783840395723,-0.005607676646774767,-0.0004145829760377649,0.003840857648945928,0.00562298109714086,0.006809559743351244,4,32
121032.84200000763,59.0220000743866,121.43879436166665,31.029196250000002,16.387999999999998,121.43879439039519,31.029196248049118,16.38517131588407,-445.8718793339736,-145.53721591171168,-0.7237874061326153,-445.86913650145186,-145.5374322065896,-0.7266160902485446,0.003946083141082493,0.002751384801990589,0.6198294174513896,-0.002742869826324325,0.0002162948091479789,0.002828684115929292,0.002751384801990589,0.003946083141082493,4,32
121032.94199991226,59.121999979019165,121.43878471666667,31.02919317,16.395,121.43878474487583,31.029193173564497,16.385513073318805,-446.79272701509444,-145.87869639709535,-0.7167874061326138,-446.7900337715621,-145.87830120011992,-0.7262743328138086,0.009869737428353845,0.0027221203225213024,0.6260334507015818,-0.0026932802491262393,-0.00039519684962051755,0.009486926681194774,0.0027221203225213024,0.009869737428353845,4,33
121033.04200005531,59.22200012207031,121.43877508333335,31.029190094999997,16.398,121.43877511520675,31.029190093211383,16.384181231974043,-447.71246083515194,-146.21962253133597,-0.7137874061326137,-447.7094177503241,-146.21982083508172,-0.72760617415857,0.014151264694734524,0.0030495807425363086,0.6237719620239599,-0.0030431264112366504,0.00019830368247273936,0.013818768025956274,0.0030495807425363086,0.014151264694734524,4,33
121033.14199995995,59.32200002670288,121.43876549,31.02918704833333,16.399,121.43876553673158,31.02918704117995,16.382502477120685,-448.6283756932747,-146.55740733984655,-0.7127874061326125,-448.62391403733994,-146.55820043775674,-0.7292849290119285,0.017108599709688935,0.0045316578503690865,0.6328116952782935,-0.004461717043924669,0.0007930976565114072,0.01649752287931605,0.0045316578503690865,0.017108599709688935,5,35
121033.242000103,59.42200016975403,121.43875600000001,31.029183976666666,16.387999999999998,121.4387560283895,31.02918399981008,16.37793074809064,-449.53442489082585,-146.89796390618827,-0.7237874061326153,-449.53171443095255,-146.89539798919537,-0.7338566580419723,0.010738740812089392,0.0037323880043671808,0.6477569727945172,-0.0027104970813496814,-0.0025659161691565227,0.010069251909357035,0.0037323880043671808,0.010738740812089392,4,35
121033.34200000763,59.5220000743866,121.43874650666666,31.029180909999997,16.383,121.43874654302901,31.02918095642194,16.37572983353047,-450.4407923392537,-147.23796612068168,-0.7287874061326143,-450.43732067758265,-147.23281930701546,-0.7360575726021423,0.009560217611408711,0.006208255816478515,0.6648183677898343,-0.00347170943766442,-0.005146812009707671,0.00727016646952805,0.006208255816478515,0.009560217611408711,5,35
121033.44199991226,59.621999979019165,121.438737035,31.029177866666668,16.377000000000002,121.43873706942074,31.029177933830415,16.372675470051753,-451.3450911788465,-147.5753813619986,-0.734787406132611,-451.34180489103545,-147.56793489797997,-0.7391119360808602,0.009216904865157236,0.008139396539059528,0.6647433047442927,-0.0032863331293401256,-0.007446461614958863,0.004324529948249278,0.008139396539059528,0.009216904865157236,4,35
121033.54200005531,59.72200012207031,121.438727615,31.029174884999996,16.371000000000002,121.43872762660129,31.02917493986121,16.371553654172622,-452.244457193012,-147.90595960282823,-0.7407874061326112,-452.2433495703518,-147.89987712404772,-0.7402337519599911,0.006207247296228528,0.006182506453993939,0.6602397693801304,-0.0011076379689197273,-0.006082476813230289,-0.0005536541726200994,0.006182506453993939,0.006207247296228528,4,36
121033.64199995995,59.82200002670288,121.43871821666669,31.029171913333336,16.364,121.43871823963438,31.029171973111023,16.370240399027395,-453.1417545983427,-148.23542913925593,-0.7477874061326126,-453.13956177774975,-148.22880157007543,-0.7415470071052184,0.009363536733458584,0.006980919720045848,0.6785850674967261,-0.002192850967980089,-0.006627567032475325,-0.006240399027394261,0.006980919720045848,0.009363536733458584,5,36
121033.742000103,59.92200016975403,121.43870887333333,31.029168968333337,16.366,121.43870891051745,31.02916902291911,16.37158121750895,-454.0338009322279,-148.5619421360188,-0.7457874061326137,-454.0302508119477,-148.55589019561597,-0.740206188623663,0.008965469966226542,0.007016385311048163,0.6707121412715003,-0.0035501695667434674,-0.006051938439910054,-0.005581217508950687,0.007016385311048163,0.008965469966226542,5,36
121033.84200000763,60.0220000743866,121.43869955333334,31.029166041666667,16.37,121.43869960081796,31.029166079640348,16.375597185405898,-454.9236195342691,-148.88642251074836,-0.7417874061326124,-454.9190859836525,-148.88221235802084,-0.7361902207267157,0.008343111657624268,0.0061870047408744445,0.6515189775584681,-0.004533613698449086,-0.004210151362699167,-0.00559718540589671,0.0061870047408744445,0.008343111657624268,4,35
121033.94199991226,60.121999979019165,121.43869025166666,31.029163086666667,16.372,121.43869028803876,31.02916312660945,16.378308864137562,-455.8116877783521,-149.2140442097974,-0.7397874061326135,-455.8082151862651,-149.20961574233297,-0.7334785419950514,0.008454129772986221,0.005627658794940772,0.6637824304992908,-0.0034726405147907833,-0.004428466028695243,-0.0063088641375621535,0.005627658794940772,0.008454129772986221,4,35
121034.04200005531,60.22200012207031,121.43868096666665,31.029160143333335,16.379,121.4386809838282,31.02916017639733,16.383524603041515,-456.6981647899152,-149.54037242261086,-0.7327874061326121,-456.69652630537786,-149.53670660777297,-0.7282628030910985,0.006049374267880273,0.004015332657404364,0.6661588566587565,-0.001638507439043453,-0.0036658136507216593,-0.004524603041513586,0.004015332657404364,0.006049374267880273,5,36
121034.14199995995,60.32200002670288,121.43867173166667,31.029157216666665,16.383,121.43867174055576,31.02915725433955,16.38824871618274,-457.5798680917722,-149.86485279734038,-0.7287874061326143,-457.57901941386035,-149.86067599344375,-0.7235386899498728,0.006761285044021578,0.004262153666814187,0.6732488734694184,-0.0008486898006891773,-0.004176802545218505,-0.005248716182741475,0.004262153666814187,0.006761285044021578,5,36
121034.242000103,60.42200016975403,121.43866255166668,31.029154291666668,16.383,121.43866256098184,31.02915433521384,16.388918609334286,-458.4563203197546,-150.18914838741523,-0.7287874061326143,-458.4554309634696,-150.18432030030226,-0.7228687967983269,0.007689689417138218,0.004909316335309254,0.6843037834787574,-0.0008893687707302139,-0.004828085549136853,-0.005918609334287339,0.004909316335309254,0.007689689417138218,4,35
121034.34200000763,60.5220000743866,121.43865336666667,31.029151363333334,16.385,121.43865339409423,31.029151413732855,16.391016753171353,-459.3332499191933,-150.51381354609418,-0.7267874061326118,-459.33063129842964,-150.50822573670177,-0.7207706529612601,0.008618716839765866,0.0061709773325699675,0.6796850003514081,-0.002618657607875704,-0.005587807581852389,-0.006016753171351752,0.0061709773325699675,0.008618716839765866,4,36
121034.44199991226,60.621999979019165,121.43864421666667,31.02914843333333,16.388,121.43864424374704,31.02914849777513,16.39447848276624,-460.20683792572464,-150.8386634887226,-0.7237874061326117,-460.20425245255126,-150.83151880813847,-0.7173089233663745,0.009985090214171339,0.007598110793658379,0.6725647165910169,-0.0025855096313724246,-0.007144678269788527,-0.0064784827662371924,0.007598110793658379,0.009985090214171339,5,36
121034.54200005531,60.72200012207031,121.43863513666665,31.029145531666668,16.394,121.43863514784987,31.029145592993377,16.398202570179443,-461.07374274644127,-151.160372105621,-0.717787406132615,-461.0726750393586,-151.15357279553297,-0.7135848359531707,0.00806425535829657,0.006882631645719528,0.6742014442480813,-0.0010677221714877779,-0.0067993078864817804,-0.004202570179444365,0.006882631645719528,0.00806425535829657,4,36
121034.64199995995,60.82200002670288,121.43862610666665,31.029142628333336,16.398,121.43862610875529,31.029142698808435,16.400883391235343,-461.9358738598809,-151.48226550646885,-0.7137874061326137,-461.9356744496137,-151.47445191192304,-0.7109040148972703,0.008331022193186403,0.007816136242882996,0.6676341286619101,-0.0001994130913749116,-0.007813592015603157,-0.0028833912353434243,0.007816136242882996,0.008331022193186403,5,36
121034.742000103,60.92200016975403,121.43861709166667,31.029139729999997,16.402,121.4386170957901,31.02913981161737,16.402997101745203,-462.7965728613805,-151.8036045568789,-0.7097874061326124,-462.79617918121266,-151.79455561545316,-0.70879030438741,0.009112216428542657,0.00905749834945152,0.6674694600418783,-0.0003936857554433362,-0.00904893849444663,-0.0009971017452024,0.00905749834945152,0.009112216428542657,5,35
121034.84200000763,61.0220000743866,121.43860806666667,31.029136825000002,16.407,121.43860808428157,31.0291369177265,16.404198218949485,-463.65822660336386,-152.12568274097092,-0.7047874061326134,-463.65654483868946,-152.11540212776484,-0.7075891871831281,0.010787461670721294,0.010417262223936645,0.662002313515284,-0.0016817885950264908,-0.01028060987314937,0.0028017810505147622,0.010417262223936645,0.010787461670721294,5,36
121034.94199991226,61.121999979019165,121.43859905333332,31.029133963333333,16.407,121.43859908640405,31.029134035963068,16.405031235444827,-464.5187664842837,-152.44295654731422,-0.7047874061326134,-464.5156090870331,-152.43490406777076,-0.7067561706877861,0.008870617801743213,0.008649383001746381,0.6469622015929122,-0.0031574422555182722,-0.008052476930359187,0.0019687645551726973,0.008649383001746381,0.008870617801743213,5,36
121035.04200005531,61.22200012207031,121.43859011333333,31.029131141666667,16.405,121.438590147152,31.0291311974252,16.405856389529532,-465.372304928512,-152.75579554169192,-0.7067874061326123,-465.3690761224365,-152.74961357709884,-0.7059310166030812,0.007026773863086009,0.0069743922958676674,0.6351941277571826,-0.0032288521944784394,-0.00618196258504288,-0.0008563895295310431,0.0069743922958676674,0.007026773863086009,5,36
121035.14199995995,61.32200002670288,121.438581255,31.02912831,16.403,121.4385812751609,31.029128384099245,16.40446929590867,-466.2180463234328,-153.06974323835576,-0.7087874061326147,-466.2161214796688,-153.06152783433527,-0.7073181102239445,0.008564857227494433,0.008437887701322455,0.6485816283867468,-0.001924871313859804,-0.008215401346569038,-0.0014692959086701762,0.008437887701322455,0.008564857227494433,4,36
121035.242000103,61.42200016975403,121.43857240500002,31.029125486666665,16.4,121.4385724370435,31.02912558045259,16.403878438099238,-467.0629920984496,-153.38276701738818,-0.7117874061326148,-467.05993277385346,-153.3723689448688,-0.7079089680333759,0.011511813895569312,0.01083879961419135,0.6548633252814439,-0.00305936847306245,-0.010398069129536797,-0.0038784380992389345,0.01083879961419135,0.011511813895569312,5,36
121035.34200000763,61.5220000743866,121.43856356666666,31.02912269333334,16.398,121.43856362528427,31.02912278418515,16.40546592174983,-467.9068240124032,-153.69246468603583,-0.7137874061326137,-467.9012275476827,-153.68239191942183,-0.7063214843827836,0.013730326516802763,0.011523101955785665,0.6364875671156192,-0.0055965451497823225,-0.010072763328396003,-0.007465921749830073,0.011523101955785665,0.013730326516802763,4,36
121035.44199991226,61.621999979019165,121.43855483333333,31.029119910000002,16.397,121.4385548838588,31.029119993928866,16.408049993581784,-468.7406311427759,-154.00105365310264,-0.7147874061326149,-468.73580726833995,-153.99174843572163,-0.7037374125508293,0.01523022675365727,0.010481290417229871,0.6343514412020986,-0.004823943904586834,-0.00930521434550082,-0.0110499935817856,0.010481290417229871,0.01523022675365727,5,36
121035.54299998283,61.723000049591064,121.43854619999999,31.029117131666666,16.394,121.43854615693343,31.029117197103908,16.408267610734892,-469.56489086345357,-154.3090882683211,-0.717787406132615,-469.56900260521434,-154.30183322261414,-0.703519795397721,0.016525957707450113,0.00833921831264578,0.6457018221945103,0.004111801094249011,-0.00725504333738258,-0.01426761073489402,0.00833921831264578,0.016525957707450113,5,36
121035.64299988747,61.82299995422363,121.43853763666667,31.02911436833333,16.39,121.4385375955791,31.0291144520062,16.407937216341775,-470.3824673983164,-154.6154598294051,-0.7217874061326128,-470.3863901951686,-154.606182994428,-0.7038501897908382,0.020571633895455178,0.010072159204312403,0.6395995473876743,0.003922853571494377,-0.009276831942728556,-0.017937216341774587,0.010072159204312403,0.020571633895455178,5,36
121035.74300003052,61.92300009727478,121.43852911666666,31.02911161833333,16.394,121.43852909743153,31.029111711342846,16.408369775072657,-471.1959067227972,-154.9203531195988,-0.717787406132615,-471.19774317946525,-154.91004112805274,-0.7034176310599562,0.01778201918961473,0.010474243209942202,0.632564960016709,0.0018364832738154697,-0.01031198816940828,-0.014369775072658797,0.010474243209942202,0.01778201918961473,4,36
121035.84299993515,62.02300000190735,121.438520665,31.02910892,16.4,121.43852066820052,31.029108994082705,16.407791068140988,-472.002821982043,-155.21951811229656,-0.7117874061326148,-472.0025164144619,-155.21130454124167,-0.7039963379916259,0.011325052858961472,0.0082192505425214,0.6065998546509052,-0.0003055720166431748,-0.008213568361156005,-0.007791068140988955,0.0082192505425214,0.011325052858961472,4,36
121035.9430000782,62.123000144958496,121.438512315,31.029106261666666,16.4,121.43851232148634,31.029106317880746,16.408387080655952,-472.8000307085847,-155.51424829232346,-0.7117874061326148,-472.7994114304601,-155.5080158213823,-0.703400325476661,0.010467583628018261,0.006263160949559009,0.5839094710162381,-0.0006192871313107898,-0.006232468895154933,-0.008387080655953838,0.006263160949559009,0.010467583628018261,4,35
121036.04299998283,62.223000049591064,121.43850408166666,31.029103611666663,16.402,121.43850408383618,31.02910367006116,16.40759644313488,-473.5861007904821,-155.8080545547189,-0.7097874061326124,-473.5858936575187,-155.80158033966404,-0.7041909629977319,0.008560287033061947,0.006477525633022026,0.5871729155140893,-0.00020713598161541455,-0.006474212926030285,-0.005596443134880502,0.006477525633022026,0.008560287033061947,5,35
121036.14299988747,62.32299995422363,121.43849594333332,31.02910098166667,16.402,121.43849594972845,31.02910105058525,16.408091123050536,-474.363100834141,-156.09964340972104,-0.7097874061326124,-474.3624902650022,-156.09200238687674,-0.7036962830820777,0.00979080064383958,0.007665376522432158,0.5945845225401278,-0.0006105780524252564,-0.007641020329285266,-0.006091123050534719,0.007665376522432158,0.00979080064383958,5,35
121036.24300003052,62.42300009727478,121.43848789333333,31.02909839666667,16.402,121.43848789620235,31.029098470667837,16.407577684259376,-475.1316673291682,-156.386243103025,-0.7097874061326124,-475.1313934127381,-156.37803857196747,-0.7042097218732373,0.009924710554961273,0.008209099701092619,0.5860928368631579,-0.0002739204364234613,-0.008204528353110158,-0.005577684259375104,0.008209099701092619,0.009924710554961273,5,35
121036.34299993515,62.52300000190735,121.438479935,31.029095828333332,16.4,121.43847993990067,31.02909590431708,16.408115130267486,-475.8914820344043,-156.67099495824505,-0.7117874061326148,-475.8910141468754,-156.66257061800886,-0.7036722758651273,0.01170656764373614,0.008437321064122026,0.5918645292201956,-0.00046789438464855975,-0.00842433745667228,-0.008115130267487558,0.008437321064122026,0.01170656764373614,5,35
121036.4430000782,62.623000144958496,121.43847208166666,31.029093264999997,16.396,121.43847208404175,31.02909334615147,16.40871347901598,-476.6412719584888,-156.95519246161678,-0.7157874061326126,-476.64104519933403,-156.9461951746992,-0.703073927116634,0.015576748323181898,0.00900014108967304,0.5853917226072111,-0.00022676248351268628,-0.008997283946285798,-0.012713479015978635,0.00900014108967304,0.015576748323181898,5,35
121036.54299998283,62.723000049591064,121.43846431333334,31.029090741666664,16.399,121.43846433336886,31.029090810160117,16.40797675215027,-477.3829465823891,-157.23495515372815,-0.7127874061326125,-477.38103371014034,-157.22736126468806,-0.7038106539823445,0.01191253036236722,0.007831111062102285,0.5666281983259595,-0.0019129003792713374,-0.007593886528383497,-0.008976752150267941,0.007831111062102285,0.01191253036236722,5,35
121036.64299988747,62.82299995422363,121.43845670500001,31.02908822333333,16.402,121.43845671927562,31.02908828624894,16.40723981161507,-478.1093453536925,-157.5141634939912,-0.7097874061326124,-478.1079824010597,-157.50718802243827,-0.7045475945175426,0.008830090119827843,0.00710738107623763,0.5525343043463531,-0.0013629727120475989,-0.00697546924221406,-0.0052398116150698115,0.00710738107623763,0.008830090119827843,4,35
121036.74300003052,62.92300009727478,121.43844922000001,31.02908572833333,16.403,121.43844924015961,31.029085788203446,16.408739735228437,-478.82396898345684,-157.79078486107778,-0.7087874061326147,-478.82204426358635,-157.7841470444982,-0.7030476709041764,0.008983863097789603,0.0069112398068110915,0.5719029511681245,-0.0019247482763938724,-0.006637814379731407,-0.005739735228438292,0.0069112398068110915,0.008983863097789603,4,34
121036.84299993515,63.02300000190735,121.43844180666669,31.02908326,16.406,121.43844189224917,31.02908331697712,16.410703284230802,-479.53175030196803,-158.06444968708908,-0.7057874061326146,-479.5235793930268,-158.05813261762697,-0.7010841219018111,0.011348654095489902,0.010328168628723836,0.5662006883358518,-0.00817102974480198,-0.00631706736808438,-0.004703284230803462,0.010328168628723836,0.011348654095489902,5,34
121036.9430000782,63.123000144958496,121.438434575,31.029080798333332,16.407,121.43843465900538,31.029080844133492,16.412372983001315,-480.22218716390597,-158.33737537800786,-0.7047874061326134,-480.2141668268915,-158.33229750119767,-0.699414423131298,0.010907862915795395,0.009492761824535591,0.5406341670464383,-0.00802045580118584,-0.005077875126328404,-0.00537298300131539,0.009492761824535591,0.010907862915795395,5,35
121037.04299998283,63.223000049591064,121.43842742,31.029078303333335,16.41,121.43842750486188,31.02907836606194,16.41643766300314,-480.90530434313416,-158.6139967443892,-0.7017874061326133,-480.8972022315368,-158.60704200671694,-0.6953497431294728,0.01246828012535085,0.010677757458484254,0.5694263945648186,-0.008102231810172658,-0.006954735367822589,-0.006437663003140415,0.010677757458484254,0.01246828012535085,5,34
121037.14299988747,63.32299995422363,121.43842037499999,31.029075805,16.413999999999998,121.43842047082984,31.029075863637843,16.420322057339703,-481.57791936975445,-158.8909876793747,-0.6977874061326155,-481.5687701028234,-158.8844864853794,-0.6914653487929101,0.01288198269966695,0.011223950697860183,0.5735325940425426,-0.009149402925551997,-0.006501191842569841,-0.006322057339705367,0.011223950697860183,0.01288198269966695,5,36
121037.24300003052,63.42300009727478,121.43841347833335,31.02907334666667,16.413999999999998,121.43841353916932,31.02907335813668,16.42617460882345,-482.23637240484123,-159.16354380239457,-0.6977874061326155,-482.2305641453599,-159.1622721192108,-0.6856127973091617,0.01354899110601604,0.0059459280172890665,0.5617296693007984,-0.005808345972486033,-0.0012716827633841635,-0.01217460882345378,0.0059459280172890665,0.01354899110601604,5,35
121037.34299993515,63.52300000190735,121.43840670333333,31.029070793333336,16.415,121.43840674270729,31.02907081426887,16.4287978589369,-482.8832094286859,-159.44663260348017,-0.6967874061326143,-482.8794502344437,-159.4443114744946,-0.6829895471957137,0.014487943623285723,0.00441809904697699,0.6070356463989851,-0.003759250321985189,-0.002321128218249316,-0.013797858936900553,0.00441809904697699,0.014487943623285723,5,36
121037.4430000782,63.623000144958496,121.43839998666665,31.02906821166666,16.415,121.43840004192117,31.029068242735782,16.431106643605595,-483.5244771277791,-159.7328627295905,-0.6967874061326143,-483.51920175133984,-159.72941808719506,-0.6806807625270181,0.017295084563214075,0.006300474729021286,0.6091530050334408,-0.005275455281231164,-0.003444641256613825,-0.016106643605596105,0.006300474729021286,0.017295084563214075,5,36
121037.54299998283,63.723000049591064,121.43839339,31.029065598333332,16.421999999999997,121.43839343848003,31.029065635106786,16.43528960214951,-484.15428793135146,-160.0226037465087,-0.6897874061326164,-484.1496593446864,-160.01852666327557,-0.6764978039831036,0.014651299535708017,0.006168229307727031,0.6322562146236751,-0.00462865596965042,-0.004077081886266479,-0.013289602149512802,0.006168229307727031,0.014651299535708017,5,36
121037.64299988747,63.82299995422363,121.43838689666667,31.029062955000004,16.424999999999997,121.43838694284202,31.029062985587707,16.438598070207775,-484.7742330816399,-160.31567087240114,-0.6867874061326162,-484.7698245322988,-160.3122796053434,-0.6731893359248389,0.014691633280412682,0.0055620657197202415,0.6396796771330758,-0.004408615475385253,-0.0033912659377702448,-0.013598070207777369,0.0055620657197202415,0.014691633280412682,5,36
121037.74300003052,63.92300009727478,121.43838055333332,31.02906027,16.435,121.43838059116452,31.029060285417604,16.441474755548292,-485.37985711738577,-160.61335759491388,-0.6767874061326147,-485.3762452179652,-160.61164824059017,-0.6703126505843215,0.007608584577254813,0.003996010492864992,0.6207347258439776,-0.0036119537074556294,-0.001709353759256594,-0.006474755548293132,0.003996010492864992,0.007608584577254813,5,35
121037.84299993515,64.02300000190735,121.43837435666667,31.029057555,16.445,121.43837441166515,31.029057555493846,16.442153066328448,-485.9714782821778,-160.9143704249903,-0.6667874061326131,-485.9662273516309,-160.91431567228364,-0.6696343398041655,0.00597336849734605,0.005251295066444778,0.6175122556990262,-0.005251009618917509,-5.475268854639522e-05,0.0028469336715524207,0.005251295066444778,0.00597336849734605,4,35
121037.9430000782,64.1230001449585,121.43836831499999,31.02905479,16.455,121.43836839596754,31.029054813578956,16.444983446569776,-486.54830096582947,-161.2209267700237,-0.6567874061326151,-486.5405706611202,-161.21831256401398,-0.6668039595628379,0.012919939059182733,0.008160482992598403,0.6547670875993092,-0.007730421342238873,-0.0026142051457270004,0.010016553430222785,0.008160482992598403,0.012919939059182733,5,35
121038.04299998283,64.22300004959106,121.43836243166668,31.029052060000005,16.464,121.43836253574975,31.029052090544383,16.447246205564536,-487.11000691260546,-161.52360265352937,-0.6477874061326148,-487.1000696755881,-161.52021618998404,-0.6645412005680775,0.019771429406825226,0.010498561463521093,0.6797676856568489,-0.009937387234160473,-0.0033864624258471616,0.016753794435462765,0.010498561463521093,0.019771429406825226,4,36
121038.14299988747,64.32299995422363,121.43835671500001,31.029049309999998,16.47,121.4383568434104,31.029049361627532,16.449038925200043,-487.6558005123189,-161.82849594513357,-0.6417874061326145,-487.64354064587843,-161.82277198567974,-0.6627484809325708,0.024948731930141178,0.013530431188719952,0.720285175319172,-0.012260052120384241,-0.005723957560826905,0.020961074799956236,0.013530431188719952,0.024948731930141178,5,36
121038.24300003052,64.42300009727478,121.43835120833334,31.02904654,16.477,121.43835134111436,31.029046582897944,16.45215881009863,-488.1815445497293,-162.1356066413101,-0.6347874061326131,-488.16886740261975,-162.13085053353626,-0.6596285960339827,0.028291698398917688,0.013540143373665329,0.7341609534891574,-0.012677339483599028,-0.00475610620118961,0.02484118990136963,0.013540143373665329,0.028291698398917688,4,36
121038.34299993515,64.52300000190735,121.43834589833332,31.029043726666668,16.483999999999998,121.43834603450188,31.029043754339405,16.455799703941757,-488.68851201862634,-162.44752171594055,-0.6277874061326152,-488.6755114486929,-162.44445363196152,-0.6559877021908562,0.03120400277566316,0.013357884991687463,0.7097100496093063,-0.01300076760700032,-0.003068082964966951,0.028200296058241037,0.013357884991687463,0.03120400277566316,4,36
121038.44400000572,64.62400007247925,121.43834075000001,31.02904089833333,16.488999999999997,121.43834083120075,31.029040891875297,16.461424242448658,-489.1800445022002,-162.76109984611602,-0.6227874061326162,-489.1722919355255,-162.7618158501559,-0.6503631636839557,0.0286537813812782,0.007785678063972608,0.7196501856597616,-0.007752684791035977,0.0007160038035260041,0.027575757551339564,0.007785678063972608,0.0286537813812782,4,36
121038.54399991035,64.72399997711182,121.43833578166665,31.02903805,16.494999999999997,121.43833587830342,31.029038040213056,16.465119179050227,-489.6543916522098,-163.0768953808638,-0.616787406132616,-489.6451653453717,-163.0779804626482,-0.6466682270823867,0.03129166341501082,0.009290034372706528,0.7203595379520175,-0.00922644768825597,0.0010850814264122457,0.029880820949770737,0.009290034372706528,0.03129166341501082,5,34
121038.6440000534,64.82400012016296,121.43833105833333,31.029035174999997,16.493,121.43833109829458,31.029035183049622,16.469043179175326,-490.10534764700895,-163.3956474580974,-0.6187874061326148,-490.1015323824458,-163.39475499356328,-0.6427442269572872,0.024275140482766414,0.00391831359548868,0.7588320040986377,-0.0038153229238491668,-0.0008924642398115869,0.02395682082467232,0.00391831359548868,0.024275140482766414,5,36
121038.74399995804,64.92400002479553,121.43832647666667,31.029032241666663,16.499,121.43832651828144,31.02903225285402,16.472013373087584,-490.5427781423109,-163.72086696791945,-0.6127874061326146,-490.53880501067886,-163.71962662217067,-0.639774033045029,0.027305727376508826,0.004162296895990903,0.753041553929637,-0.003973192531009587,-0.001240345339776442,0.02698662691241438,0.004162296895990903,0.027305727376508826,5,35
121038.84400010109,65.02400016784668,121.43832208,31.029029253333338,16.497999999999998,121.43832214799104,31.0290292850643,16.474534642557693,-490.96254593016283,-164.05218434243105,-0.6137874061326158,-490.9560545485248,-164.04866632146457,-0.6372527635749208,0.02459956896447595,0.0073834811127863505,0.801555775979195,-0.006491481339889979,-0.0035180198061882727,0.023465357442304935,0.0073834811127863505,0.02459956896447595,5,35
121038.94400000572,65.12400007247925,121.43831790499999,31.029026276666666,16.494,121.43831798414737,31.02902631702846,16.477210089839904,-491.3611502946483,-164.38220823141233,-0.6177874061326136,-491.35359377125224,-164.37773330789665,-0.6345773162927095,0.018948055676607668,0.008782239505942235,0.7995536249006802,-0.007556639694942812,-0.004474922039605506,0.0167899101600959,0.008782239505942235,0.018948055676607668,5,34
121039.04399991035,65.22399997711182,121.43831391500001,31.029023291666665,16.494999999999997,121.43831399574111,31.02902335717103,16.48066815182482,-491.74209194925453,-164.71315604014083,-0.616787406132616,-491.7343832651794,-164.70589355184595,-0.6311192543077944,0.017820527955519173,0.010591002997689862,0.8321490906133213,-0.007708802958321953,-0.0072624858999410374,0.014331848175178408,0.010591002997689862,0.017820527955519173,5,35
121039.1440000534,65.32400012016296,121.43831008666666,31.02902030833333,16.496,121.4383101386482,31.029020403405696,16.485610959897354,-492.10759862582546,-165.04391906421463,-0.6157874061326147,-492.1026357355703,-165.03337836383895,-0.6261764462352595,0.015609916284274699,0.01165063655547214,0.8758431886772006,-0.004962966949868056,-0.010540696903062013,0.010389040102644742,0.01165063655547214,0.015609916284274699,5,36
121039.24399995804,65.42400002479553,121.43830643000001,31.02901728833333,16.494,121.43830644955189,31.029017391385576,16.490138255071866,-492.45671557901886,-165.37874733235518,-0.6177874061326136,-492.45484888261444,-165.3673218998943,-0.6216491510607476,0.012204022215962163,0.01157692033131997,0.8962668471067019,-0.001866725311731944,-0.011425428699539854,0.003861744928133959,0.01157692033131997,0.012204022215962163,5,35
121039.34400010109,65.52400016784668,121.43830295666666,31.029014189999998,16.493,121.43830296583604,31.029014270129476,16.49225739113313,-492.78832895262997,-165.72226043906696,-0.6187874061326148,-492.78745351371737,-165.71337646101918,-0.6195300149994836,0.008957840083983804,0.00892700571530426,0.8912008818537992,-0.000875452498292709,-0.008883975121774485,0.0007426088668687214,0.00892700571530426,0.008957840083983804,4,36
121039.44400000572,65.62400007247925,121.438299625,31.02901103,16.488999999999997,121.43829964907553,31.029011074195438,16.491771103524563,-493.1064168243145,-166.07261054697133,-0.6227874061326162,-493.1041182350932,-166.06771058630795,-0.6200163026080503,0.006080484368203621,0.005412326247382646,0.8484081546754947,-0.0022986249690714797,-0.004899959046733783,-0.0027711035245658877,0.005412326247382646,0.006080484368203621,4,37
121039.54399991035,65.72399997711182,121.43829644666667,31.029007815,16.485,121.4382964759519,31.029007852020264,16.49248133158415,-493.40986533543827,-166.4290585209758,-0.626787406132614,-493.407069355025,-166.42495407373133,-0.6193060745484651,0.008979674185812008,0.004966309113552539,0.8444227542013165,-0.002796023990970491,-0.004104445888700747,-0.007481331584148876,0.004966309113552539,0.008979674185812008,5,37
121039.6440000534,65.82400012016296,121.43829341,31.02900458,16.482999999999997,121.4382934283046,31.02900463201985,16.49565355565854,-493.69978834949416,-166.78772390096304,-0.6287874061326164,-493.69804073419834,-166.7819564454259,-0.6161338504740748,0.014015357535093628,0.006026423154134995,0.8862913058649632,-0.0017476425934530079,-0.005767453632084373,-0.012653555658541649,0.006026423154134995,0.014015357535093628,4,37
121039.74399995804,65.92400002479553,121.43829054999999,31.02900131166667,16.488,121.43829054115972,31.02900139231091,16.50028001801768,-493.9728442735746,-167.15008495711814,-0.6237874061326139,-493.9736882921183,-167.1411439067701,-0.6115073881149335,0.015213597887100921,0.008980797189328387,0.9336785965897383,0.0008440317564725765,-0.008941047396693212,-0.012280018017680305,0.008980797189328387,0.015213597887100921,5,37
121039.84400010109,66.02400016784668,121.43828787,31.02899802333333,16.49,121.438287864632,31.028998097816118,16.503486281124886,-494.2287148592322,-167.51466341925607,-0.621787406132615,-494.22922736300455,-167.5064054909978,-0.6083011250077277,0.015822003066492077,0.008273814262877457,0.9461805745246117,0.0005125118132871938,-0.008257925532349846,-0.013486281124887256,0.008273814262877457,0.015822003066492077,4,37
121039.94400000572,66.12400007247925,121.43828536166666,31.028994641666667,16.49,121.43828541648477,31.028994746917075,16.50490309081889,-494.46819572394156,-167.88958977409968,-0.621787406132615,-494.4629620145942,-167.87792063126577,-0.6068843153137244,0.019638317021781423,0.01278911175539142,1.0190444030312948,-0.005233791645830042,-0.011669138978516397,-0.014903090818890519,0.01278911175539142,0.019638317021781423,5,36
121040.04399991035,66.22399997711182,121.438283065,31.028991273333336,16.491,121.4382831573965,31.028991341838488,16.50456976422682,-494.6874679057682,-168.26303785875828,-0.6207874061326137,-494.6786464319443,-168.2554426727487,-0.6072176419057946,0.01787865114656812,0.011640775989994055,1.018322210087342,-0.008821612852237476,-0.007595183495772874,-0.013569764226819103,0.011640775989994055,0.01787865114656812,5,36
121040.1440000534,66.32400012016296,121.43828094833334,31.028987823333335,16.491999999999997,121.43828106706863,31.028987873273632,16.50694464891026,-494.8895547467427,-168.64554035059228,-0.6197874061326161,-494.8782186012491,-168.6400034551871,-0.6048427572223538,0.019557913390792617,0.012616237361065393,1.0215685163901833,-0.0113363245686653,-0.005536893571725734,-0.01494464891026226,0.012616237361065393,0.019557913390792617,5,37
121040.24399995804,66.42400002479553,121.43827901000002,31.02898429833333,16.494999999999997,121.43827913808799,31.028984336485948,16.50937524414951,-495.0746153747328,-169.03635811380394,-0.616787406132616,-495.0623862897593,-169.03212812216822,-0.6024121619831035,0.01934155415361863,0.01294017282416549,1.0251098009219155,-0.01222927861065129,-0.004229990234307639,-0.014375244149512412,0.01294017282416549,0.01934155415361863,5,33
121040.34400010109,66.52400016784668,121.43827723000001,31.028980721666667,16.494999999999997,121.43827732396947,31.02898075696583,16.512644617632375,-495.2445592707057,-169.43290417521678,-0.616787406132616,-495.2355876209283,-169.42899054681465,-0.599142788500238,0.020177761604297764,0.009788234364125735,1.041888640347852,-0.008971792175884629,-0.003913627105357287,-0.0176446176323779,0.009788234364125735,0.020177761604297764,4,33
121040.44400000572,66.62400007247925,121.438275635,31.028977071666667,16.488999999999997,121.43827566037457,31.02897711393595,16.514721701332526,-495.39684045922854,-169.83758072405777,-0.6227874061326162,-495.39441784530413,-169.83289431622913,-0.5970657048000874,0.026257143184253443,0.005275570941478464,1.040627530715779,-0.0024226524692938503,-0.0046864062747052114,-0.025721701332528824,0.005275570941478464,0.026257143184253443,5,33
121040.54399991035,66.72399997711182,121.43827418333333,31.028973358333328,16.488999999999997,121.43827419022834,31.028973396801028,16.516923182754613,-495.5354370276744,-170.24927905874608,-0.6227874061326162,-495.53477873280764,-170.2450141335647,-0.5948642233779999,0.02825468237009331,0.00431543053323343,1.0450232032623914,-0.0006583053663435038,-0.00426492376623624,-0.02792318275461625,0.00431543053323343,0.02825468237009331,4,34
121040.6440000534,66.82400012016296,121.438272905,31.028969604999997,16.497999999999998,121.43827295820397,31.028969629144605,16.51878428142187,-495.65748474973367,-170.6654122039895,-0.6137874061326158,-495.6524051493517,-170.66273528432055,-0.5930031247107443,0.02156282480444806,0.005741868974799743,1.068953544578616,-0.0050796816011792105,-0.0026769187799425796,-0.020784281421871498,0.005741868974799743,0.02156282480444806,4,34
121040.74399995804,66.92400002479553,121.43827185,31.028965791666664,16.505,121.43827194325716,31.0289658290995,16.520905415051995,-495.7582099229882,-171.08819756647605,-0.6067874061326144,-495.7493062810372,-171.08404737690145,-0.590881991080618,0.018694482380822688,0.009823514824675368,1.1195930073031672,-0.008903784670275736,-0.0041501881952484415,-0.015905415051996386,0.009823514824675368,0.018694482380822688,5,34
121040.84400010109,67.02400016784668,121.43827098166666,31.028961963333337,16.512999999999998,121.43827108655354,31.028962025534028,16.524504820982195,-495.8411132682129,-171.51264598239183,-0.5987874061326153,-495.83109928766135,-171.50574977408291,-0.5872825851504189,0.01673922318049082,0.012158975567616482,1.1658213706313147,-0.01001414147236968,-0.006896206016735592,-0.011504820982196406,0.012158975567616482,0.01673922318049082,5,33
121040.94400000572,67.12400007247925,121.43827026,31.028958135,16.517,121.43827034145795,31.02895821691122,16.52923201588857,-495.91001374248395,-171.93709440042338,-0.5947874061326139,-495.9022366181698,-171.92801287960327,-0.5825553902440426,0.017105022353610055,0.01195657045390681,1.1977953866390296,-0.007777249604695114,-0.009081517802961517,-0.012232015888571368,0.01195657045390681,0.017105022353610055,5,34
121041.04399991035,67.22399997711182,121.43826972333333,31.02895429333333,16.522,121.43826976151463,31.02895438821819,16.533446361362106,-495.9612515093049,-172.36302108793473,-0.5897874061326149,-495.9576061829264,-172.35250117644975,-0.5783410447705073,0.015967983160373695,0.01113361117418905,1.2152841121185853,-0.0036453852534521053,-0.010519907990659482,-0.011446361362107638,0.01113361117418905,0.015967983160373695,5,34
121041.1440000534,67.32400012016296,121.438269385,31.028950415,16.528,121.43826942431643,31.02895052354419,16.537432727994503,-495.9935535797449,-172.7930130188075,-0.5837874061326147,-495.98979987811555,-172.78097869336906,-0.5743546781381106,0.0157445858057293,0.012606174073670045,1.237687059940051,-0.003753762408538738,-0.012034321441440407,-0.00943272799450412,0.012606174073670045,0.0157445858057293,5,36
121041.24499988556,67.42499995231628,121.43826931833334,31.028946526666665,16.531,121.4382693559473,31.02894659669432,16.53944846539253,-495.9999185171123,-173.22411365337695,-0.5807874061326146,-495.99632735892493,-173.21634966738577,-0.5723389407400816,0.01202301300475028,0.008554313194147567,1.2711837400299528,-0.0035912164831553876,-0.007763983410252768,-0.008448465392532967,0.008554313194147567,0.01202301300475028,5,36
121041.34500002861,67.52500009536743,121.43826940666668,31.02894262166667,16.529,121.43826949577968,31.0289427038548,16.54152028693005,-495.99148497090994,-173.65706212532504,-0.5827874061326135,-495.98297698899387,-173.64794990391792,-0.5702671192025619,0.017668565897345532,0.012466781303047755,1.2988126171331098,-0.008508120376182243,-0.009112218375478806,-0.012520286930051583,0.012466781303047755,0.017668565897345532,5,36
121041.44499993324,67.625,121.43826969499999,31.028938714999995,16.532,121.43826980373424,31.02893881685024,16.546039460058456,-495.963956610176,-174.09019538192786,-0.5797874061326134,-495.9535753047668,-174.07890321643362,-0.5657479460741577,0.020794094694782,0.015339098260412447,1.3143723727301089,-0.010381474785064697,-0.01129216173855361,-0.014039460058455688,0.015339098260412447,0.020794094694782,5,36
121041.5450000763,67.72500014305115,121.43827021500002,31.028934800000002,16.535,121.43827026871733,31.02893492939679,16.551860972651014,-495.91431007587494,-174.52425255686737,-0.5767874061326133,-495.9091814622441,-174.5099062975975,-0.5599264334815999,0.022724677230889254,0.01523543752275842,1.3472924115488698,-0.005128697519608639,-0.014346254502908953,-0.016860972651013384,0.01523543752275842,0.022724677230889254,5,35
121041.64499998093,67.82500004768372,121.438270855,31.028930908333336,16.541,121.4382709008709,31.028931043061473,16.558287146064803,-495.8532066533408,-174.95572275863046,-0.570787406132613,-495.84882717039164,-174.94078541132706,-0.5535002600678105,0.023262633457626736,0.015566139415991278,1.3484422096518474,-0.004379554766517745,-0.014937342346118635,-0.017287146064802528,0.015566139415991278,0.023262633457626736,5,35
121041.74499988556,67.92499995231628,121.43827171333332,31.028927031666665,16.544999999999998,121.43827172596013,31.02892716883593,16.562882574806775,-495.77125805345827,-175.38552990625905,-0.5667874061326152,-495.7700525184766,-175.37032191054715,-0.5489048313258387,0.02350580405378492,0.015255698689177474,1.3521264133789577,-0.0012055548004122226,-0.015207990666691453,-0.017882574806776574,0.015255698689177474,0.02350580405378492,5,35
121041.84500002861,68.02500009536743,121.43827273000001,31.028923171666666,16.551,121.438272755304,31.02892329996962,16.56752537641462,-495.67419271669996,-175.81348921580374,-0.560787406132615,-495.67177684161146,-175.7992642305878,-0.544262029717995,0.021937975764842632,0.014428676828245283,1.3218530500304249,-0.0024159149044423686,-0.014224980498701417,-0.01652537641462004,0.014428676828245283,0.021937975764842632,5,37
121041.94499993324,68.125,121.43827400666666,31.028919323333337,16.552999999999997,121.43827402574809,31.028919456600395,16.570477454460498,-495.5523041176497,-176.24015503840758,-0.5587874061326161,-495.5504823362909,-176.22537968111433,-0.5413099516721154,0.022958472285852197,0.014887244045872484,1.3056960082597844,-0.0018218114575444203,-0.014775352391551463,-0.017477454460500752,0.014887244045872484,0.022958472285852197,5,37
121042.0450000763,68.22500014305115,121.43827546833333,31.02891551333333,16.552999999999997,121.43827546988278,31.028915659211247,16.56916641103517,-495.41275281114963,-176.6625708337005,-0.5587874061326161,-495.412604877426,-176.64639730731275,-0.5426209950974439,0.022868264313448055,0.01617419756747094,1.3089539550346374,-0.00014793617348020155,-0.01617352100935844,-0.016166411035172246,0.01617419756747094,0.022868264313448055,5,37
121042.14499998093,68.32500004768372,121.43827703500001,31.02891176166667,16.552,121.43827699699295,31.02891188782496,16.568788603548548,-495.26317672106853,-177.07851919499447,-0.5597874061326138,-495.2668054092759,-177.0645319889316,-0.5429988025840657,0.022151000597263347,0.014450246307576934,1.3211233542175795,0.0036287484448504705,-0.013987201402483492,-0.016788603548548053,0.014450246307576934,0.022151000597263347,5,37
121042.24499988556,68.42499995231628,121.43827863833333,31.028907991666664,16.552,121.43827857907883,31.028908141717075,16.570545215686977,-495.1100999150711,-177.49650017902704,-0.5597874061326138,-495.1157571872179,-177.47986404710196,-0.5412421904456366,0.025547828067481154,0.017571752732413255,1.346333734586937,0.0056573662825933485,-0.01663612637706412,-0.0185452156869772,0.017571752732413255,0.025547828067481154,5,37
121042.34500002861,68.52500009536743,121.43828037833333,31.028904335,16.551,121.43828028322389,31.02890444859672,16.574712527298868,-494.94397498346206,-177.90191586296058,-0.560787406132615,-494.9530554724836,-177.88932136235832,-0.5370748788337458,0.0283436645828743,0.015526730856392995,1.3477834121633792,0.009080640475128063,-0.012594496403125151,-0.02371252729886919,0.015526730856392995,0.0283436645828743,5,37
121042.44499993324,68.625,121.43828221333334,31.02890074,16.551,121.43828213358684,31.028900847542747,16.578914850768136,-494.7687800111852,-178.30049454640678,-0.560787406132615,-494.7763937369491,-178.28857125114948,-0.5328725553644773,0.031294960083345855,0.014146930169150184,1.3313871435291165,0.007613853044769178,-0.011923291283176417,-0.02791485076813771,0.014146930169150184,0.031294960083345855,5,37
121042.5450000763,68.72500014305115,121.438284195,31.02889725,16.558,121.4382841365068,31.028897357189095,16.582021770336954,-494.57958217281316,-178.68743184950114,-0.5537874061326136,-494.58516675833124,-178.67554776376892,-0.529765635795659,0.027376367365266403,0.013130881158423277,1.3188011341151549,0.005584679083649014,-0.011884081770557144,-0.024021770336954518,0.013130881158423277,0.027376367365266403,5,37
121042.64499998093,68.82500004768372,121.43828624999999,31.028893846666666,16.566,121.43828623950849,31.028893957242296,16.582644605177734,-494.38338290017884,-179.06476039427702,-0.5457874061326144,-494.3843845671558,-179.05250084257304,-0.5291428009548795,0.020696443162898724,0.012300401541104958,1.2898930657546028,0.0010016837948283513,-0.012259547611865438,-0.016644605177734917,0.012300401541104958,0.020696443162898724,5,36
121042.74499988556,68.92499995231628,121.43828841333334,31.02889055166667,16.570999999999998,121.43828842641972,31.028890624532476,16.58212020726641,-494.17684059794567,-179.43007799080218,-0.5407874061326154,-494.17559118765234,-179.42199933842818,-0.5296671988662034,0.013801618339498632,0.008174696272108317,1.2755239848929065,-0.0012494313141919724,-0.008078649672583788,-0.011120207266412052,0.008174696272108317,0.013801618339498632,5,37
121042.84500002861,69.02500009536743,121.43829076666667,31.02888731666667,16.567,121.43829071860802,31.0288873641565,16.584122796528757,-493.9521582192353,-179.78874337078943,-0.5447874061326132,-493.95674657451565,-179.7834781598168,-0.5276646096038569,0.018492330925287286,0.006983991844578954,1.31491344308292,0.004588432635378098,-0.0052652092110136075,-0.017122796528756368,0.006983991844578954,0.018492330925287286,5,37
121042.94499993324,69.125,121.43829318000002,31.02888413166667,16.579,121.43829312087934,31.02888420519833,16.588135730296326,-493.7217473903351,-180.14186523652495,-0.5327874061326128,-493.72739188444433,-180.13371275985685,-0.5236516758362875,0.013482796059436565,0.009915857075067293,1.313558023786603,0.005644589459339848,-0.008152473941612545,-0.009135730296325306,0.009915857075067293,0.013482796059436565,5,36
121043.0450000763,69.22500014305115,121.43829572000001,31.02888113,16.583,121.43829564011786,31.028881171467372,16.591909375022272,-493.47924318116577,-180.47466088263212,-0.528787406132615,-493.48686985744655,-180.4700633831562,-0.5198780311103413,0.012596908771931882,0.00890534375085315,1.3153082606331499,0.007626805361518755,-0.004597497938919387,-0.008909375022273736,0.00890534375085315,0.012596908771931882,5,36
121043.14499998093,69.32500004768372,121.43829825666666,31.02887821833333,16.584,121.43829823508392,31.02887824215656,16.594957337988294,-493.23705721801446,-180.79747820322717,-0.5277874061326138,-493.23911781020973,-180.79483691530933,-0.5168300681443192,0.011458003193332207,0.0033500121475433203,1.269092144300697,0.002060627134631898,-0.002641287034895402,-0.010957337988294569,0.0033500121475433203,0.011458003193332207,5,36
121043.24499988556,69.42499995231628,121.43830087500001,31.028875398333337,16.585,121.43830086746003,31.02887540104893,16.59734572818046,-492.98707420069707,-181.11013241295018,-0.5267874061326125,-492.9877940730735,-181.1098313347737,-0.5144416779521528,0.01237036321846813,0.0007803088177324033,1.246323161549983,0.0007198846041587807,-0.00030107807579778524,-0.012345728180459759,0.0007803088177324033,0.01237036321846813,5,37
121043.34500002861,69.52500009536743,121.43830355333333,31.028872638333336,16.588,121.43830352669447,31.028872650220638,16.599516669027807,-492.73136274047783,-181.41613440613526,-0.5237874061326124,-492.73390606070234,-181.41481645802514,-0.5122707371048065,0.011867575550450664,0.0028645565013856243,1.2257939884268598,0.0025433634994758334,-0.001317947669357433,-0.011516669027805904,0.0028645565013856243,0.011867575550450664,5,37
121043.44499993324,69.625,121.438306265,31.028869973333332,16.593,121.43830620322828,31.02887000175903,16.602530660105053,-492.47246880793085,-181.7116037226652,-0.5187874061326134,-492.47836640678776,-181.70845215729392,-0.5092567460275603,0.011642538278146002,0.0066869436606004145,1.2133706153766866,0.005897699371190029,-0.003151564317463442,-0.009530660105053101,0.0066869436606004145,0.011642538278146002,4,36
121043.5450000763,69.72500014305115,121.43830899833334,31.028867441666662,16.594,121.43830892488195,31.028867463931547,16.607862395980696,-492.2115062689783,-181.99229033381852,-0.5177874061326122,-492.21851897512175,-181.98982182001126,-0.5039250101519173,0.015730203594953435,0.00743460038018848,1.1871533706853123,0.007012825854530857,-0.00246851298297624,-0.013862395980694941,0.00743460038018848,0.015730203594953435,5,36
121043.64499998093,69.82500004768372,121.43831162666666,31.028864970000004,16.602999999999998,121.43831156765255,31.028864995569673,16.618804852878593,-491.9605685136065,-182.26632472702343,-0.5087874061326154,-491.9662028338712,-182.2634898105153,-0.49298255325401996,0.017016955403595494,0.006307408080496368,1.156898860794863,0.0056344166008141065,-0.0028349155653001872,-0.015804852878595455,0.006307408080496368,0.017016955403595494,5,36
121043.74499988556,69.92499995231628,121.43831422666666,31.028862636666666,16.616999999999997,121.43831419438916,31.028862656440612,16.63075472289924,-491.7123358566767,-182.52502206441395,-0.49478740613261607,-491.7154175209755,-182.5228297218908,-0.4810326832333729,0.014265193468500038,0.003781976025673818,1.068614455181609,0.003081717070458057,-0.002192341797352534,-0.013754722899243177,0.003781976025673818,0.014265193468500038,4,35
121043.84500002861,70.02500009536743,121.43831699166667,31.028860500000004,16.627,121.43831696858572,31.028860518232825,16.637195686279874,-491.44834997083484,-182.76191491199108,-0.4847874061326145,-491.4505536041742,-182.75989343373973,-0.4745917198527394,0.010625185022996414,0.0029904076737585212,1.04980708381323,0.002203671126740221,-0.002021477583463476,-0.010195686279875105,0.0029904076737585212,0.010625185022996414,5,36
121043.94499993324,70.125,121.43831982166667,31.028858409999998,16.622,121.43831984745668,31.028858448087323,16.63350184855541,-491.17815827306396,-182.99363381321533,-0.4897874061326135,-491.1756959937782,-182.98941106034798,-0.4782855575772018,0.012497486852196128,0.004888216180693005,1.0114159270783376,-0.002462321560069854,-0.004222751468415358,-0.011501848555411698,0.004888216180693005,0.012497486852196128,5,36
121044.0450000763,70.22500014305115,121.43832261000001,31.02885621333333,16.621,121.4383226360424,31.028856263593084,16.62638554155349,-490.91194465780734,-183.23717887803562,-0.49078740613261473,-490.9094582848757,-183.23160656457247,-0.48540186457912426,0.008138610286430238,0.00610187836407901,0.9597605243068804,-0.0024864156737568342,-0.005572311608956546,-0.005385541553490469,0.00610187836407901,0.008138610286430238,5,37
121044.14599990845,70.32599997520447,121.43832536666666,31.02885408666667,16.613999999999997,121.43832536118363,31.028854043441925,16.624716314842086,-490.6487543942987,-183.4729630219161,-0.4977874061326162,-490.6492778808674,-183.4777553616156,-0.4870710912905274,0.011750742780790304,0.004820845579929201,1.050351163596776,0.0005234955797023177,0.0047923381019659966,-0.010716314842088792,0.004820845579929201,0.011750742780790304,4,37
121044.2460000515,70.42600011825562,121.43832803833332,31.02885203,16.616999999999997,121.43832803594928,31.0288519574318,16.629544019605543,-490.3936794261157,-183.70098624626723,-0.49478740613261607,-490.3939070403787,-183.70903190384985,-0.48224338652707033,0.014904254450937432,0.008048874012802803,1.0352487470902598,0.00022761818618878153,0.008045654904063958,-0.012544019605545742,0.008048874012802803,0.014904254450937432,5,36
121044.34599995613,70.52600002288818,121.43833074666667,31.028850003333332,16.613999999999997,121.43833072554754,31.028850002811456,16.641595761336433,-490.1351037395869,-183.92568336234947,-0.4977874061326162,-490.13712007021417,-183.92574122312823,-0.4701916447961807,0.02766938960539709,0.0020171954287447865,0.9831683760856706,0.0020163654257721875,5.786075958201691e-05,-0.027595761336435487,0.0020171954287447865,0.02766938960539709,5,35
121044.44600009918,70.62600016593933,121.43833341833333,31.028847976666665,16.63,121.43833343174191,31.028848066613335,16.662491650889045,-489.8800287738331,-184.15038047843169,-0.4817874061326144,-489.87874860150714,-184.14040806509757,-0.44929575524356835,0.034011692661867536,0.010054245880705696,0.7678647982381287,-0.001280194449727212,-0.009972410059788711,-0.03249165088904604,0.010054245880705696,0.034011692661867536,4,35
121044.54600000381,70.7260000705719,121.43833626166666,31.028846148333333,16.663,121.43833625594576,31.028846213274228,16.68100481323935,-489.60856408470187,-184.35308832075108,-0.44878740613261314,-489.6091102826536,-184.34588830491714,-0.43078259289326226,0.019398758634262502,0.007220701958014138,0.7810716384177998,0.0005462074031788044,-0.00720001348881944,-0.01800481323935088,0.007220701958014138,0.019398758634262502,4,35
121044.64599990845,70.82599997520447,121.43833902333333,31.02884445833333,16.666999999999998,121.43833904883392,31.02884447724225,16.68098225578067,-489.3448964473074,-184.5404591065508,-0.44478740613261536,-489.34246180113564,-184.5383626692452,-0.43080515035194367,0.01434664527216186,0.0032129042701452048,0.784031470633114,-0.002434688345189178,-0.0020964366222037986,-0.013982255780671693,0.0032129042701452048,0.01434664527216186,4,35
121044.7460000515,70.92600011825562,121.43834165499999,31.028842734999998,16.658,121.43834166096458,31.028842726870415,16.664814337317758,-489.0936404459175,-184.73152556851835,-0.45378740613261215,-489.09307098027654,-184.73242689744058,-0.4469730688148559,0.0068972377611180745,0.001066159300117657,0.9425985809230417,-0.0005694755143453406,0.000901328625856564,-0.006814337317756269,0.001066159300117657,0.0068972377611180745,5,35
121044.84599995613,71.02600002288818,121.43834412666665,31.028840925,16.643,121.43834415390064,31.028840875121386,16.651444542117645,-488.85766029712454,-184.93220078809912,-0.4687874061326127,-488.8550601559299,-184.93773084461728,-0.4603428640149687,0.010423663718493695,0.006110848855893778,0.8706071850445286,-0.002600186320682681,0.005530054686647589,-0.008444542117644005,0.006110848855893778,0.010423663718493695,4,35
121044.94600009918,71.12600016593933,121.43834669833335,31.028838993333338,16.642,121.43834668046031,31.028838946657096,16.653362098655638,-488.61213273620734,-185.14636522611565,-0.46978740613261394,-488.61383914840457,-185.15154023458712,-0.4584253074769755,0.012601187427359013,0.005449095220215048,0.8105138246516225,0.0017064418473230847,0.005175006757548733,-0.01136209865563842,0.005449095220215048,0.012601187427359013,4,35
121045.04600000381,71.2260000705719,121.438349285,31.02883711333333,16.644,121.43834929859072,31.02883704781256,16.66427759469609,-488.36517306820855,-185.3548013673415,-0.46778740613261505,-488.3638755070623,-185.36206567449685,-0.4475098114365217,0.02157857024488787,0.00737928500293399,0.7907930977359872,-0.0012975837201447055,0.007264304759833657,-0.02027759469609336,0.00737928500293399,0.02157857024488787,5,35
121045.14599990845,71.32599997520447,121.438351885,31.028835229999995,16.653,121.43835195364655,31.02883521536637,16.674807682244186,-488.1169404112787,-185.56360707576098,-0.4587874061326147,-488.1103864439777,-185.56522950985433,-0.43697972388842743,0.022829000838388673,0.006751908946047012,0.7225158650497197,-0.006554081457935298,0.001622433560568318,-0.021807682244187276,0.006751908946047012,0.022829000838388673,4,36
121045.2460000515,71.42600011825562,121.43835452333333,31.02883345333333,16.657,121.43835459310236,31.02883345373649,16.67949841568144,-487.86504791299393,-185.76058661917392,-0.45478740613261337,-487.8583867777967,-185.7605419213309,-0.4322889904511733,0.023463865316635694,0.006661401310711673,0.6904405024921106,-0.006661251348394852,-4.4697828347148147e-05,-0.022498415681440065,0.006661401310711673,0.023463865316635694,5,36
121045.34599995613,71.52600002288818,121.43835717833332,31.02883162,16.662,121.43835721068847,31.028831723068368,16.679292341279975,-487.6115641821894,-185.9638488126364,-0.44978740613261436,-487.6084751037136,-185.9524215930517,-0.4324950648526382,0.020955883842512953,0.011837398391442627,0.5977738295462358,-0.0030891323962477647,-0.011427215833972028,-0.017292341279976142,0.011837398391442627,0.020955883842512953,5,34
121045.44600009918,71.62600016593933,121.4383598,31.028829961666663,16.662,121.43835982730424,31.02883001706098,16.677437938580308,-487.3612629164246,-186.1477087062177,-0.44978740613261436,-487.358656070404,-186.1415671225833,-0.4343494675523054,0.01681799203232322,0.006671949369554282,0.631287551123423,-0.00260689156926199,-0.006141581615187292,-0.015437938580308952,0.006671949369554282,0.01681799203232322,5,32
121045.54600000381,71.7260000705719,121.43836241666668,31.02882829,16.657,121.43836244215365,31.028828319529687,16.677421467681565,-487.1114390245455,-186.3330468699841,-0.45478740613261337,-487.1090056780411,-186.3297729049671,-0.4343659384510481,0.020824902508489312,0.004079242848724432,0.6369053970990973,-0.002433389064747824,-0.003273963939696821,-0.020421467681565275,0.004079242848724432,0.020824902508489312,5,33
121045.64599990845,71.82599997520447,121.43836501166668,31.028826615000003,16.654,121.43836503426719,31.02882663105332,16.67979651165006,-486.8636837366428,-186.51875460094408,-0.4577874061326135,-486.8615259730579,-186.5169747652493,-0.4319908944825528,0.025947715372547857,0.002797127051644123,0.6290677091509679,-0.002157801364031551,-0.0017798351093353908,-0.025796511650060694,0.002797127051644123,0.025947715372547857,5,34
121045.7460000515,71.92600011825562,121.4383676,31.028824953333334,16.659,121.43836760982234,31.02882496628852,16.68234599892209,-486.616564945635,-186.7029840624243,-0.4527874061326145,-486.61562716641737,-186.70154771700774,-0.42944140721052193,0.023408934472906887,0.0017153855212464761,0.6326618270917479,-0.0009377956533538187,-0.001436344944312726,-0.023345998922092548,0.0017153855212464761,0.023408934472906887,5,34
121045.84599995613,72.02600002288818,121.43837016666666,31.028823345,16.666,121.4383701665062,31.02882333723803,16.685238586179175,-486.3715147586035,-186.88130044104864,-0.44578740613261303,-486.371530077673,-186.88216101310968,-0.42654881995343885,0.019257830008627307,0.0008607081199075366,0.6398185607998548,1.5319338326132528e-05,0.0008605717782660642,-0.019238586179174177,0.0008607081199075366,0.019257830008627307,5,32
121045.94600009918,72.12600016593933,121.43837267833332,31.02882170166667,16.668,121.43837269454794,31.02882173260533,16.68814971036976,-486.13171564544666,-187.06349727979023,-0.44378740613261414,-486.1301675715995,-187.0600671015316,-0.42363769576285293,0.020498135523791452,0.00376334053288547,0.6272747223142714,-0.00154810103284601,-0.0034301771322425632,-0.02014971036976121,0.00376334053288547,0.020498135523791452,5,35
121046.04600000381,72.2260000705719,121.43837521166667,31.028820171666666,16.671999999999997,121.4383752521879,31.02882019485219,16.68884466136766,-485.88984792831343,-187.2331288198433,-0.43978740613261635,-485.8859792000516,-187.2305582340423,-0.42294274476495275,0.017473354232486707,0.004644942576900435,0.6220548931003214,-0.003868796262912687,-0.0025705849565371853,-0.016844661367663605,0.004644942576900435,0.017473354232486707,5,34
121046.14599990845,72.32599997520447,121.43837778000001,31.028818638333338,16.673,121.43837784529039,31.028818692106643,16.68775308599821,-485.64463861584363,-187.40312992709,-0.43878740613261513,-485.63840507605846,-187.3971680650629,-0.42403432013440323,0.017089637426801713,0.008625668722418331,0.5864029997119828,-0.006233649449619732,-0.00596186006613385,-0.014753085998211901,0.008625668722418331,0.017089637426801713,5,34
121046.2460000515,72.42600011825562,121.43838039166667,31.02881725166667,16.669999999999998,121.43838045772262,31.028817243073618,16.685042047093678,-485.39529209542104,-187.55687005877505,-0.44178740613261525,-485.38898546331666,-187.55782277279684,-0.42674535903893585,0.01633847769245795,0.006378296993592969,0.6280974883136391,-0.006306743147570327,0.0009527137078114466,-0.0150420470936794,0.006378296993592969,0.01633847769245795,5,32
121046.34599995613,72.52600002288818,121.43838299833332,31.028815805,16.666999999999998,121.43838306769324,31.02881583609044,16.683739171275903,-485.14642294402563,-187.71726240840854,-0.44478740613261536,-485.13980086929774,-187.71381540198817,-0.4280482348567105,0.0183285329375612,0.007465605443578419,0.6184049239185948,-0.006622191421204945,-0.003447005282866178,-0.01673917127590485,0.007465605443578419,0.0183285329375612,5,33
121046.44600009918,72.62600016593933,121.43838562166665,31.028814420000003,16.673,121.4383856860103,31.02881448618237,16.6839514989539,-484.895962557681,-187.87081775614416,-0.43878740613261513,-484.8898194067225,-187.86348009792283,-0.42783590717871434,0.014543595042940796,0.009569787219983623,0.6101173212511882,-0.0061432592991007605,-0.007337655798671255,-0.010951498953900796,0.009569787219983623,0.014543595042940796,5,35
121046.54600000381,72.7260000705719,121.43838828499999,31.028813121666666,16.674,121.43838831659605,31.028813185236896,16.685018978516513,-484.6416832094019,-188.01476434626656,-0.4377874061326139,-484.6386666037778,-188.00771629661048,-0.4267684276160999,0.013423601953781622,0.007666498670590929,0.6149133388151096,-0.0030166588665026437,-0.0070480473288226046,-0.01101897851651401,0.007666498670590929,0.013423601953781622,4,34
121046.64599990845,72.82599997520447,121.43839093333332,31.02881189666667,16.674999999999997,121.43839096442402,31.02881194720908,16.686167527287466,-484.38883596820426,-188.15058044755025,-0.43678740613261624,-484.3858676130336,-188.14497679665212,-0.42561987884514707,0.012842351499954162,0.006341318974157218,0.6092982864243309,-0.002968407600308797,-0.005603649047757659,-0.01116752728746917,0.006341318974157218,0.012842351499954162,5,34
121046.7460000515,72.92600011825562,121.43839359833333,31.028810696666664,16.666,121.43839361082068,31.028810749644244,16.687406976361416,-484.13439749448673,-188.2836247931186,-0.44578740613261303,-484.133205276844,-188.27775115393345,-0.4243804297711975,0.022230152599288112,0.005993417026157338,0.6156885684195202,-0.0011922387158618839,-0.005873637245679433,-0.02140697636141553,0.005993417026157338,0.022230152599288112,5,33
121046.84599995613,73.02600002288818,121.43839623333334,31.028809536666667,16.673,121.43839624732324,31.028809562093876,16.68816269515991,-483.8828232422201,-188.41223432672135,-0.43878740613261513,-483.88148757045496,-188.40941520446663,-0.42362471097270316,0.015480272986181844,0.003119539583703548,0.598191047667242,-0.0013356953907118494,-0.002819121323661758,-0.015162695159911976,0.003119539583703548,0.015480272986181844,5,33
121046.9470000267,73.12700009346008,121.43839892333332,31.028808328333337,16.686,121.43839892035558,31.028808382066934,16.689706382891085,-483.6259979185082,-188.54620258992114,-0.42578740613261346,-483.62628221527206,-188.5402451308199,-0.4220810232415282,0.0070220650203924396,0.005964237001938259,0.5659277339244604,0.0002843017961199606,-0.005957457134047415,-0.003706382891085269,0.005964237001938259,0.0070220650203924396,5,32
121047.04699993134,73.22699999809265,121.43840149333333,31.028807195,16.682,121.43840153037827,31.02880721488183,16.688003167094394,-483.3806294830293,-188.6718555831538,-0.4297874061326148,-483.37709265093656,-188.6696512787493,-0.4237842390382198,0.007307981544441252,0.004167562727862346,0.5216359877103244,-0.0035368947392085213,-0.002204303675636939,-0.006003167094394968,0.004167562727862346,0.007307981544441252,5,33
121047.14700007439,73.3270001411438,121.43840413166666,31.02880600833333,16.682000000000002,121.43840411228598,31.028806034580292,16.687490662834893,-483.12873698474453,-188.80342165783188,-0.42978740613261124,-483.1305873393506,-188.80051164968094,-0.42429674329772027,0.006483783906222282,0.0034484888539959265,0.5079305481034307,0.001850387403266508,-0.002910007187957921,-0.005490662834890969,0.0034484888539959265,0.006483783906222282,5,33
121047.24699997902,73.42700004577637,121.43840672166668,31.028804811666667,16.681,121.43840666733638,31.02880482827298,16.6887436266739,-482.88145906829834,-188.93609643479607,-0.43078740613261246,-482.88664620339864,-188.9342552882003,-0.4230437794587125,0.0095005735446797,0.005504284114499647,0.5140272735572664,0.005187227107943881,-0.001841145986538091,-0.007743626673899939,0.005504284114499647,0.0095005735446797,4,33
121047.34699988365,73.52699995040894,121.43840920333332,31.028803611666664,16.682000000000002,121.43840919337744,31.028803592426573,16.690811777942656,-482.64452418145106,-189.06914077965916,-0.42978740613261124,-482.64547470955495,-189.07127393410798,-0.42097562818995726,0.009115992055473171,0.0023353545008856437,0.4973565930982248,0.0009505449766266189,0.0021331537432207584,-0.008811777942653976,0.0023353545008856437,0.009115992055473171,5,33
121047.4470000267,73.62700009346008,121.43841168666668,31.02880236,16.684,121.43841167997203,31.028802326247927,16.69193707363061,-482.4074301643068,-189.20791342272344,-0.42778740613261235,-482.40806933098554,-189.21165552461645,-0.4198503325020049,0.008798238669686495,0.0037962963360467948,0.4586526488683567,0.0006391780330854426,0.0037421006551271903,-0.007937073630607472,0.0037962963360467948,0.008798238669686495,4,33
121047.54699993134,73.72699999809265,121.438414125,31.028801075,16.685000000000002,121.43841412334757,31.02880102479153,16.69214494128653,-482.1746324902708,-189.35038174195557,-0.4267874061326111,-482.1747902528804,-189.35594836962852,-0.4196424648460848,0.00905882989418165,0.005568861020335375,0.4581514922525898,0.0001577654142974039,0.005566625830596333,-0.0071449412865263184,0.005568861020335375,0.00905882989418165,5,33
121047.64700007439,73.8270001411438,121.43841646499999,31.028799703333334,16.68,121.43841651849372,31.028799679699567,16.693962022460926,-481.9512230980622,-189.50245881950616,-0.4317874061326137,-481.9461158329856,-189.50507910201904,-0.417825383671687,0.0150959939012522,0.005740292733582655,0.4484600322417904,-0.005107355946436186,0.002620281645858847,-0.013962022460926704,0.005740292733582655,0.0150959939012522,5,33
121047.74699997902,73.92700004577637,121.43841877333334,31.02879829333333,16.684,121.4384188601441,31.028798295113436,16.696346160805398,-481.7308370527429,-189.65878592507292,-0.42778740613261235,-481.7225488725101,-189.65858856425714,-0.4154412453272158,0.014871550557032062,0.008290677254461866,0.42287874362221917,-0.008288327821208136,-0.00019736075050154459,-0.012346160805396522,0.008290677254461866,0.014871550557032062,5,32
121047.84699988365,74.02699995040894,121.43842104833332,31.028796864999997,16.689,121.43842115270247,31.028796880125505,16.698541511368113,-481.51363347732195,-189.81714565196776,-0.42278740613261334,-481.50366892785627,-189.8154686830925,-0.4132458947645006,0.01389778569556469,0.010104850718937781,0.4182731463573712,-0.0099647270561125,-0.0016769683208686203,-0.009541511368112765,0.010104850718937781,0.01389778569556469,4,33
121047.9470000267,74.12700009346008,121.43842329333332,31.028795443333333,16.692,121.43842341516348,31.02879545702473,16.699707810933578,-481.2992941257812,-189.97476624377012,-0.41978740613261323,-481.2876625015261,-189.97324827461094,-0.41207959519903525,0.0140361706909473,0.011730461980571089,0.41172815233375204,-0.011631831731639454,-0.0015179686572684265,-0.007707810933577974,0.011730461980571089,0.0140361706909473,4,33
121048.04699993134,74.22699999809265,121.43842554333332,31.028793985,16.702,121.43842565895395,31.028794027670347,16.70086808287193,-481.084477402784,-190.13645207963918,-0.40978740613261166,-481.07343862846477,-190.13172120599742,-0.41091932326068203,0.012063219980477205,0.01200999749844126,0.40181835359139967,-0.011038971387778377,-0.004730872077363292,0.00113191712807037,0.01200999749844126,0.012063219980477205,5,34
121048.14700007439,74.3270001411438,121.43842777833333,31.028792551666665,16.703,121.43842788590777,31.02879258145037,16.702642823255083,-480.8710927892977,-190.29536615838236,-0.408787406132614,-480.8608222179747,-190.29206403029673,-0.40914458287753064,0.01079444407076582,0.01078853315190634,0.4026788957494665,-0.010270754835261511,-0.00330212699388355,0.000357176744916643,0.01078853315190634,0.01079444407076582,5,35
121048.24699997902,74.42700004577637,121.43843002333332,31.028791071666667,16.702,121.43843009704753,31.02879110905228,16.70418282268755,-480.65675344018626,-190.4594541834784,-0.40978740613261166,-480.6497156419607,-190.45530923044464,-0.4076045834450639,0.00845444939706864,0.008167802625083508,0.4059239120222726,-0.0070379240852800635,-0.004144951663428151,-0.0021828226875477696,0.008167802625083508,0.00845444939706864,5,35
121048.34699988365,74.52699995040894,121.43843218333335,31.028789571666668,16.697,121.43843229623542,31.02878961104403,16.705710908806193,-480.4505293839712,-190.6257596145573,-0.4147874061326142,-480.43975015929215,-190.62139383536277,-0.4060764973264206,0.014530512441711788,0.011629955270288848,0.41009126175112703,-0.010779417619527562,-0.004365777751184556,-0.008710908806193629,0.011629955270288848,0.014530512441711788,5,35
121048.4470000267,74.62700009346008,121.438434365,31.028788060000004,16.698,121.43843449463174,31.02878809980024,16.707017149739713,-480.2422367237797,-190.793358532577,-0.413787406132613,-480.22986025167177,-190.78894586853434,-0.40477025639290076,0.015936220719333285,0.013139792288575754,0.4192267923159276,-0.012376693835972253,-0.00441266258369268,-0.009017149739712238,0.013139792288575754,0.015936220719333285,5,35
121048.54699993134,74.72699999809265,121.43843653999998,31.02878657333333,16.699,121.43843669320633,31.028786576003355,16.708971470352033,-480.0345805604831,-190.95818569347082,-0.4127874061326118,-480.0199533244825,-190.95788966705757,-0.4028159357805805,0.017705410437363272,0.014630493422098028,0.4408276276079142,-0.01462749828899839,-0.0002960263153889981,-0.009971470352031275,0.014630493422098028,0.017705410437363272,5,35
121048.64700007439,74.8270001411438,121.43843878833334,31.028785051666667,16.705,121.43843889884242,31.028785040271682,16.710758722640236,-479.8199229604949,-191.12689331377666,-0.4067874061326151,-479.8093722051872,-191.12815667914734,-0.4010286834923775,0.012086414311219179,0.010626312834434102,0.4578151398349458,-0.010550944671000624,0.0012633649531083313,-0.005758722640237579,0.010626312834434102,0.012086414311219179,5,35
121048.74699997902,74.92700004577637,121.43844103166666,31.028783439999998,16.709,121.43844110852217,31.028783497719118,16.712439201866253,-479.60574273196323,-191.30557926100514,-0.40278740613261377,-479.5984050215315,-191.2991799253104,-0.3993482042663601,0.010325865997480655,0.009736292883900132,0.46608922972954464,-0.007337842247892709,-0.006399333579844486,-0.0034392018662536827,0.009736292883900132,0.010325865997480655,5,35
121048.84699988365,75.02699995040894,121.43844327000001,31.028781919999997,16.712,121.43844334704437,31.028781982009075,16.71496630544773,-479.3920398724588,-191.4741020980668,-0.39978740613261365,-479.3846841318757,-191.46722713354006,-0.39682110068488186,0.010496329801544258,0.010068464197361123,0.495021520607573,-0.007355872842524832,-0.0068749622557617305,-0.0029663054477317985,0.010068464197361123,0.010496329801544258,5,34
121048.9470000267,75.12700009346008,121.43844558,31.028780456666663,16.717,121.43844563336681,31.028780553974773,16.71746650337586,-479.1714947041304,-191.63634228507894,-0.39478740613261465,-479.16639955632604,-191.6255537069605,-0.39432090275675336,0.011940369838386611,0.011931253348989061,0.4943523224771163,-0.005095239495402362,-0.010788574556550768,-0.00046650337586129353,0.011931253348989061,0.011940369838386611,5,35
121049.04699993134,75.22699999809265,121.438447915,31.02877913666667,16.719,121.4384479625844,31.028779238853865,16.71886851083524,-478.9485626833783,-191.78269106372306,-0.3927874061326122,-478.9440196051069,-191.77136154000607,-0.3929188952973739,0.012207195251786549,0.012206487066916112,0.5032797510794494,-0.004543160090964988,-0.011329519976709222,0.00013148916476168893,0.012206487066916112,0.012207195251786549,5,34
121049.14700007439,75.3270001411438,121.43845022166667,31.028777903333335,16.72,121.4384503092144,31.028778026640364,16.71926837320359,-478.7283357610681,-191.919431084754,-0.39178740613261454,-478.71997722146136,-191.905759999316,-0.3925190329290231,0.01604061825597027,0.016023924496344318,0.5454868620083058,-0.008358690247999852,-0.013671080922975172,0.000731626796408591,0.016023924496344318,0.01604061825597027,5,34
121049.24699997902,75.42700004577637,121.438452575,31.02877678166667,16.721,121.4384526549493,31.028776900101757,16.719576548615613,-478.50365338235764,-192.04379059034056,-0.3907874061326133,-478.49602029519434,-192.03065965849638,-0.392210857517,0.015254953037195668,0.015188396173504723,0.5780656499706642,-0.00763322482034751,-0.013130927505906186,0.0014234513843867092,0.015188396173504723,0.015254953037195668,5,33
121049.34699988365,75.52699995040894,121.43845496333333,31.028775765,16.725,121.43845500991051,31.028775858283783,16.7207492204966,-478.27562941073984,-192.15650871628057,-0.386787406132612,-478.27118249570486,-192.14616631682958,-0.3910381856360132,0.01203370471403476,0.011257927107511678,0.5987784747904793,-0.0044469952810141,-0.010342396034221692,0.0042507795034012474,0.011257927107511678,0.01203370471403476,4,33
121049.4470000267,75.62700009346008,121.43845737166666,31.02877476333333,16.724,121.43845737310342,31.028774907598443,16.722810985029273,-478.04569595572553,-192.26756378808608,-0.3877874061326132,-478.04555878130407,-192.25156907352283,-0.3889764211033402,0.016039429513476932,0.01599529751261857,0.6250754394890617,-0.00013717689819596853,-0.0159947092820027,0.001189014970726987,0.01599529751261857,0.016039429513476932,5,34
121049.54699993134,75.72699999809265,121.43845969166665,31.02877390333333,16.721,121.43845974690977,31.028774056185686,16.723762377035598,-477.82419604691347,-192.36291223547306,-0.3907874061326133,-477.8189217587938,-192.34596545078858,-0.3880250290970153,0.017962270697490103,0.01774858985167871,0.6501129336895171,-0.005274383397736012,-0.01694677908916025,-0.002762377035598007,0.01774858985167871,0.017962270697490103,5,34
121049.64700007439,75.8270001411438,121.43846205666665,31.028773155,16.719,121.43846211936105,31.028773319871824,16.72536438964885,-477.5983998022811,-192.4458801667104,-0.3927874061326122,-477.59241411027165,-192.42760078006458,-0.3864230164837643,0.020260084280894895,0.019234488801800845,0.6672306564080114,-0.005985800186309406,-0.01827938061303447,-0.00636438964884789,0.019234488801800845,0.020260084280894895,4,33
121049.74699997902,75.92700004577637,121.43846443166667,31.028772534999998,16.72,121.43846449469633,31.028772708178103,16.726560844142448,-477.37164881473586,-192.51461974512475,-0.39178740613261454,-477.36563111447066,-192.49541943889935,-0.3852265619901658,0.02116388947310487,0.020121270878557727,0.6871758701682642,-0.006017809060104051,-0.019200299890481526,-0.00656084414244873,0.020121270878557727,0.02116388947310487,5,34
121049.84800004959,76.02800011634827,121.43846684833333,31.028772000000004,16.732,121.43846688641167,31.028772224751886,16.727501707234385,-477.14091974224687,-192.57393534846483,-0.3797874061326141,-477.1372842471838,-192.54901704221587,-0.3842856988982284,0.025580725495451744,0.025182114269228402,0.7273926129479932,-0.0036355608087036144,-0.024918298029253425,0.004498292765614309,0.025182114269228402,0.025580725495451744,5,34
121049.94799995422,76.12800002098083,121.43846922166668,31.028771656666663,16.737000000000002,121.43846923613467,31.028771873869502,16.72854623684844,-476.91432788014,-192.61200081454507,-0.3747874061326115,-476.9129465621145,-192.58791947325537,-0.3832411692841724,0.025559437313660564,0.02412091881268737,0.7517561323761301,-0.001381343011003408,-0.02408133334876222,0.008453763151560878,0.02412091881268737,0.025559437313660564,5,34
121050.04800009727,76.22800016403198,121.43847154833333,31.028771461666665,16.737000000000002,121.43847154573737,31.02877164802673,16.72964635786728,-476.69219147686243,-192.633620520409,-0.3747874061326115,-476.69243932463803,-192.6129587263185,-0.382141048265332,0.021932782244020555,0.020663273805171852,0.7743124264663445,0.0002478522593731523,-0.02066178728002553,0.007353642132720495,0.020663273805171852,0.021932782244020555,5,35
121050.14800000191,76.32800006866455,121.43847383333332,31.028771418333335,16.740000000000002,121.43847381499901,31.028771548729477,16.731757251659793,-476.4740331633871,-192.638424898863,-0.3717874061326114,-476.4757836136581,-192.6239678414419,-0.38003015447281996,0.01673360268588495,0.014562642570943134,0.78095579920299,0.0017504819403358024,-0.014457052660400855,0.00824274834020855,0.014562642570943134,0.01673360268588495,5,34
121050.24799990654,76.42799997329712,121.43847608166668,31.028771453333334,16.743000000000002,121.43847604779715,31.028771572321016,16.731940880975714,-476.25937556096966,-192.63454443874573,-0.3687874061326113,-476.26260922318534,-192.62135224043178,-0.3798465251568999,0.017515565792363855,0.01358274388454871,0.7718133092150296,0.0032337207186428187,-0.013192193970188035,0.011059119024288577,0.01358274388454871,0.017515565792363855,5,34
121050.34800004959,76.52800011634827,121.43847827833333,31.028771624999997,16.745,121.43847824110672,31.028771691736996,16.732230708752702,-476.0496507912674,-192.61551170676347,-0.3667874061326124,-476.0532049684532,-192.60811255638984,-0.37955669737991116,0.01518007976541728,0.0082085335307892,0.768343420718851,0.003554241483150159,-0.0073991479378064315,0.012769291247298753,0.0082085335307892,0.01518007976541728,5,34
121050.44799995422,76.62800002098083,121.43848042500001,31.028771865,16.746000000000002,121.43848039292969,31.028771883281788,16.73143869365083,-475.84469972398335,-192.58890283779087,-0.3657874061326112,-475.8477616090458,-192.58687593046326,-0.3803487124817835,0.015017172586970972,0.003672033484654919,0.7693462344003148,0.003061940447413812,-0.0020269066601395955,0.014561306349172298,0.003672033484654919,0.015017172586970972,5,35
121050.54800009727,76.72800016403198,121.43848255333333,31.02877214,16.745,121.43848249207065,31.02877213680575,16.73138521679595,-475.64149901708686,-192.5584135079957,-0.3667874061326124,-475.64734801810255,-192.55876765613317,-0.3804021893366638,0.014822273539228848,0.005859818357116832,0.769489239198847,0.005849106799993344,0.00035414802085432086,0.013614783204051406,0.005859818357116832,0.014822273539228848,4,35
121050.64800000191,76.82800006866455,121.43848459500002,31.02877247166667,16.746000000000002,121.43848452550561,31.02877243322746,16.73104463252951,-475.4465727309544,-192.52164152956155,-0.3657874061326112,-475.4532076468814,-192.52590329589225,-0.38074277360310305,0.01690708011237998,0.007885831709400628,0.7691661661035198,0.006635035904385019,0.004261764927410955,0.014955367470491865,0.007885831709400628,0.01690708011237998,5,35
121050.74799990654,76.92799997329712,121.43848650833334,31.028772913333334,16.733,121.43848649132954,31.028772774363446,16.728665010587463,-475.2638989553881,-192.47267381963246,-0.37878740613261286,-475.26552237836006,-192.48808145061727,-0.3831223955451506,0.016087966519160505,0.015492918818441382,0.7607870290919246,0.0016234523215029387,0.015407625906499087,0.0043349894125377375,0.015492918818441382,0.016087966519160505,5,34
121050.84800004959,77.02800011634827,121.43848836500001,31.028773306666668,16.73,121.43848836773927,31.028773166318825,16.726876444495062,-475.0866353791348,-192.42906483930045,-0.38178740613261297,-475.08637384962753,-192.44462524539406,-0.38491096163755145,0.015872966869206508,0.015562598698112601,0.7179928396195425,-0.00026153423428094193,0.015560400961504657,0.00312355550493848,0.015562598698112601,0.015872966869206508,5,35
121050.94799995422,77.12800002098083,121.43849013333332,31.028773743333332,16.732,121.43849013451337,31.028773604176887,16.725321842107956,-474.91780534908395,-192.3806514812197,-0.3797874061326141,-474.91769268371627,-192.39607979601183,-0.3864655640246575,0.0168119965203551,0.015428721080159899,0.6889394895204206,-0.00011266740350411789,0.015428309700856995,0.0066781578920434015,0.015428721080159899,0.0168119965203551,5,36
121051.04800009727,77.22800016403198,121.43849177333335,31.028774189999996,16.729,121.43849176524941,31.028774065244463,16.72372109253645,-474.7612278223114,-192.3311294194423,-0.3827874061326142,-474.7619996303663,-192.34496110130058,-0.3880663135961626,0.014824907078888975,0.013853194789974809,0.6622526581743666,0.0007718219971946759,0.013831677291407274,0.005278907463548421,0.013853194789974809,0.014824907078888975,5,34
121051.14800000191,77.32800006866455,121.43849324833333,31.028774693333336,16.727,121.43849324615654,31.028774531087855,16.72107791482347,-474.6204035293094,-192.2753247076154,-0.3847874061326131,-474.6206113570483,-192.2933129108548,-0.390709491309142,0.018939100523896985,0.01798939787253068,0.6435316216106601,0.0002078314920314399,0.017988197293979498,0.005922085176528924,0.01798939787253068,0.018939100523896985,5,36
121051.24799990654,77.42799997329712,121.43849458666666,31.028775141666664,16.719,121.43849455512677,31.028774979303204,16.719380647237024,-474.4926273594897,-192.2256178625938,-0.3927874061326122,-474.49563860368244,-192.2436191462538,-0.3924067588955893,0.01825537757485,0.018251408660190673,0.6152147680035657,0.0030112985586102634,0.01800127770665724,-0.00038064723702291303,0.018251408660190673,0.01825537757485,5,35
121051.34800004959,77.52800011634827,121.43849571500002,31.02877553,16.713,121.43849567422478,31.028775392572932,16.71679235703162,-474.38490074954365,-192.18256323411012,-0.39878740613261243,-474.38879372935503,-192.19779981251918,-0.39499504910099503,0.01617686553902194,0.015726061389055357,0.5728406423169062,0.0038930500779721807,0.015236573364859255,-0.0037923570316173993,0.015726061389055357,0.01617686553902194,5,35
121051.44799995422,77.62800002098083,121.43849663,31.02877589166667,16.705,121.43849659494454,31.02877575722471,16.71526752763698,-474.29754195034815,-192.14246514670174,-0.4067874061326151,-474.3008888390962,-192.1573707651519,-0.39651987849563497,0.018406561507908193,0.015276759563737873,0.5456068921950197,0.003346949144510534,0.014905613512778226,-0.010267527636980134,0.015276759563737873,0.018406561507908193,5,36
121051.54800009727,77.72800016403198,121.43849734333335,31.02877622833333,16.698,121.43849731909577,31.02877605693176,16.71477346322652,-474.22943709112235,-192.1051388171245,-0.413787406132613,-474.2317511524582,-192.12414215818387,-0.39701394290609215,0.02545252195485942,0.01914371451028127,0.5257917624423043,0.002314103086831424,0.01900333476405315,-0.016773463226520846,0.01914371451028127,0.02545252195485942,5,35
121051.64800000191,77.82800006866455,121.43849788333334,31.028776461666666,16.699,121.43849784074128,31.028776282988783,16.71445190436795,-474.1778810782833,-192.0792690832444,-0.4127874061326118,-474.1819475187423,-192.09907915132527,-0.3973355017646618,0.0254506664071312,0.020223132100908738,0.48909547545967247,0.0040665138171417795,0.019810061517971125,-0.015451904367949965,0.020223132100908738,0.0254506664071312,5,36
121051.74799990654,77.92799997329712,121.43849816666668,31.028776575,16.698,121.43849816337386,31.028776427541985,16.71333511797104,-474.15083008414734,-192.0667037838506,-0.413787406132613,-474.1511444627441,-192.0830524963314,-0.39845228816157174,0.02241751331560843,0.016351729574259986,0.44771241735460154,0.00031438426764469603,0.016348707062088616,-0.015335117971041257,0.016351729574259986,0.02241751331560843,5,35
121051.84800004959,78.02800011634827,121.43849827833334,31.028776628333336,16.7,121.43849829571889,31.028776496248618,16.713377151739888,-474.1401688109596,-192.06079070099472,-0.4117874061326141,-474.1385089414286,-192.07543497197915,-0.3984102543927257,0.01990371787981973,0.014738039108628266,0.4176239463487161,-0.001659899470853971,0.014644266130950876,-0.013377151739888404,0.014738039108628266,0.01990371787981973,5,36
121051.94799995422,78.12800002098083,121.43849823000001,31.028776598333334,16.701,121.43849826010394,31.02877649365064,16.713599325002352,-474.144783392798,-192.0641168099689,-0.4107874061326129,-474.14190924528964,-192.07572301064002,-0.39818808113026094,0.017369738546189197,0.011956789980930497,0.392660865759346,-0.002874199351031071,0.011606196824912651,-0.012599325002351947,0.011956789980930497,0.017369738546189197,5,36
121052.04800009727,78.22800016403198,121.43849810666667,31.028776505000003,16.703,121.43849816046936,31.028776441133523,16.715521282340546,-474.15655853190776,-192.0744647033799,-0.408787406132614,-474.1514217680265,-192.08154559831266,-0.39626612379206705,0.01527445077293269,0.008747933182360917,0.386226862628652,-0.005136856540355757,0.0070808925882868395,-0.012521282340546946,0.008747933182360917,0.01527445077293269,5,37
121052.14800000191,78.32800006866455,121.43849793833333,31.028776421666667,16.704,121.43849806537965,31.02877639668736,16.71802830702294,-474.17263000440863,-192.08370389450477,-0.4077874061326128,-474.1605003719231,-192.08647335742629,-0.39375909910967266,0.018750909582638753,0.012441993901558663,0.3512914792569173,-0.012129851295285982,0.0027694620056378993,-0.014028307022940112,0.012441993901558663,0.018750909582638753,4,37
121052.24799990654,78.42799997329712,121.43849782500001,31.028776368333336,16.704,121.43849799334225,31.02877637254914,16.71983476837244,-474.1834504006054,-192.08961697595012,-0.4077874061326128,-474.1673780778549,-192.08914956901617,-0.3919526377601734,0.02256739323135023,0.01607940757147434,0.3369505124723734,-0.0160726126921561,-0.00046740677950697716,-0.015834768372439356,0.01607940757147434,0.02256739323135023,4,37
121052.34800004959,78.52800011634827,121.43849778166665,31.028776338333333,16.705,121.43849795483928,31.02877635902697,16.720172508178443,-474.18758761341667,-192.09294308492434,-0.4067874061326151,-474.17105411525114,-192.0906487754909,-0.39161489795417026,0.022557377531785612,0.016692222041613594,0.33467647967052716,-0.016533796429987167,-0.002294308675456355,-0.015172508178444843,0.016692222041613594,0.022557377531785612,5,37
121052.44799995422,78.62800002098083,121.43849775666668,31.028776333333333,16.703,121.4384979399655,31.028776347565195,16.718837277407193,-474.1899744658405,-192.09349743677268,-0.408787406132614,-474.1724741755096,-192.0919195460708,-0.39295012872542046,0.023655449787980887,0.017571594947507815,0.33158855324340886,-0.01750060603460412,-0.0015778901802280323,-0.01583727740719354,0.017571594947507815,0.023655449787980887,5,37
121052.54800009727,78.72800016403198,121.43849778166665,31.02877636166667,16.71,121.43849794086513,31.02877634585095,16.71744165591429,-474.18758761341667,-192.0903561117479,-0.40178740613261255,-474.1723882832891,-192.092109604645,-0.3943457502183243,0.017014139693604293,0.015300415248182644,0.3268729058676721,-0.015199604319223136,0.001753492317027183,-0.007441655914288248,0.015300415248182644,0.017014139693604293,5,37
121052.64899992943,78.8289999961853,121.43849783833333,31.02877638,16.71,121.43849795183446,31.0287763517378,16.71504554635746,-474.1821774141036,-192.08832348971455,-0.40178740613261255,-474.17134099677395,-192.09145692783883,-0.39674185977515464,0.012357513634735149,0.011280540997106847,0.3232548931236233,-0.010836612810843102,0.0031334370865360476,-0.0050455463574579085,0.011280540997106847,0.012357513634735149,5,37
121052.74900007248,78.92900013923645,121.43849789333332,31.028776373333336,16.711,121.43849795321202,31.028776354394118,16.71466788719566,-474.17692634022893,-192.08906262480707,-0.4007874061326149,-474.1712094752981,-192.09116242125663,-0.39711951893695385,0.007109589472674951,0.006090391283807337,0.33728880485227253,-0.005716968058443712,0.0020997957540224528,-0.0036678871956610237,0.006090391283807337,0.007109589472674951,5,37
121052.84899997711,79.02900004386902,121.43849792333334,31.028776356666672,16.711,121.43849792992074,31.028776347864127,16.71429247378078,-474.17406211391943,-192.09091046218572,-0.4007874061326149,-474.17343318910514,-192.09188640317527,-0.3974949323518331,0.003491189549982368,0.0011610430124549863,0.337674447941797,-0.0006289361595779058,0.0009759406662015599,-0.0032924737807817905,0.0011610430124549863,0.003491189549982368,5,37
121052.94899988174,79.12899994850159,121.43849787666667,31.028776363333336,16.712,121.43849785943671,31.02877633666241,16.713838368839205,-474.17851757274883,-192.09017132779846,-0.39978740613261365,-474.18016258963286,-192.0931283406914,-0.397949037293408,0.0038509346428934337,0.0033837992899807944,0.32933933162653745,0.0016450465589084283,0.0029570119130463554,-0.0018383688392056285,0.0033837992899807944,0.0038509346428934337,5,37
121053.0490000248,79.22900009155273,121.43849778666666,31.028776334999996,16.714,121.43849771580987,31.02877631460729,16.71331351617975,-474.18711024438954,-192.09331265282322,-0.39778740613261476,-474.1938752315094,-192.09557359861537,-0.39847388995286437,0.007165879877338501,0.007132921868419726,0.32524012486128695,0.006765109156164546,0.0022609450427108994,0.000686483820249606,0.007132921868419726,0.007165879877338501,5,37
121053.14899992943,79.3289999961853,121.43849760833334,31.028776309999998,16.713,121.4384975021594,31.02877628008592,16.712445370178315,-474.204136457374,-192.0960844099491,-0.39878740613261243,-474.2142733184355,-192.09940099229792,-0.39934203595429807,0.010680214651052152,0.010665803802501055,0.3327881737762982,0.010137043926710403,0.003316581249025825,0.0005546298216856371,0.010665803802501055,0.010680214651052152,5,37
121053.24900007248,79.42900013923645,121.43849735333333,31.028776265,16.711,121.43849724219875,31.028776242777393,16.712669825511554,-474.2284823530681,-192.10107357235253,-0.4007874061326149,-474.2390928274826,-192.10353739972024,-0.3991175806210592,0.011020208157051348,0.010892964269917475,0.3402365886060099,0.010610665827997618,0.002463826550766591,-0.0016698255115557004,0.010892964269917475,0.011020208157051348,5,37
121053.34899997711,79.52900004386902,121.43849708333333,31.02877625833333,16.711,121.4384969272007,31.02877620330839,16.712572467554228,-474.25426035827303,-192.1018127081503,-0.4007874061326149,-474.269166981453,-192.1079133395671,-0.3992149385783854,0.016183502876457635,0.016106927427141655,0.3378489279682719,0.014906892102055636,0.006100629393831385,-0.001572467554229462,0.016106927427141655,0.016183502876457635,5,37
121053.44899988174,79.62899994850159,121.43849664166667,31.028776195,16.707,121.43849654049377,31.02877615855571,16.712457570083952,-474.2964280844261,-192.10883449329233,-0.40478740613261266,-474.3060874768599,-192.11287508153856,-0.39932983604866124,0.011807567173525057,0.010470605108400609,0.33060097887963186,0.009659566697784165,0.004040586906270432,-0.005457570083951424,0.010470605108400609,0.011807567173525057,5,36
121053.5490000248,79.72900009155273,121.43849611166667,31.02877610666667,16.705,121.43849606361958,31.0287761060831,16.71228151762873,-474.3470293592109,-192.118628034855,-0.4067874061326151,-474.351616611596,-192.11869273522606,-0.39950588850388513,0.008606295884482886,0.004587791393880251,0.3332048403336645,0.004587335145650764,6.470034960484408e-05,-0.007281517628729972,0.004587791393880251,0.008606295884482886,5,36
121053.64899992943,79.8289999961853,121.43849551666666,31.02877602333333,16.7,121.43849549418218,31.028776044822298,16.712252328299407,-474.40383644835396,-192.12786722597986,-0.4117874061326141,-474.40598313440046,-192.12548473813573,-0.39953507783320674,0.012665078783293912,0.0032069723775834053,0.33971328504581,0.0021467247770937774,-0.002382487053898642,-0.012252328299407367,0.0032069723775834053,0.012665078783293912,5,36
121053.74900007248,79.92900013923645,121.43849489333334,31.028775956666664,16.7,121.4384948384087,31.028775976622114,16.712358481246074,-474.463348635939,-192.1352585783155,-0.4117874061326141,-474.4685925167016,-192.1330461119599,-0.39942892488653925,0.013606114088503483,0.0056915974804784795,0.33597936537160367,0.0052439753767650026,-0.0022124656218055275,-0.01235848124607486,0.0056915974804784795,0.013606114088503483,5,37
121053.84899997711,80.02900004386902,121.438495125,31.02877599,16.701,121.43849409948727,31.028775908548923,16.712513278467746,-474.4412304696597,-192.1315629021477,-0.4107874061326129,-474.53914037397993,-192.1405934060129,-0.39927412766486725,0.09899899412127176,0.09832723557564174,0.3355786653894411,0.09791167095898608,0.009030500870216958,-0.011513278467745636,0.09832723557564174,0.09899899412127176,5,37
121053.94899988174,80.12899994850159,121.43849336,31.028775850000002,16.699,121.43849328624084,31.02877584386112,16.71273323092067,-474.6097422561217,-192.14708474191153,-0.4127874061326118,-474.61678434446407,-192.14776536174585,-0.3990541752119441,0.015448549202826458,0.007075029395823509,0.33663057452264894,0.0070422154113709825,0.0006806196086036559,-0.013733230920667694,0.007075029395823509,0.015448549202826458,5,37
121054.0490000248,80.22900009155273,121.43849244666666,31.028775785,16.695,121.43849240936632,31.028775784279613,16.711959491407804,-474.6969419323082,-192.15429131100302,-0.4167874061326131,-474.70050314956114,-192.15437118006363,-0.39982791472480983,0.017329554347897475,0.003562177014885545,0.34967756252606835,0.0035612815141133733,7.986903413246375e-05,-0.016959491407803284,0.003562177014885545,0.017329554347897475,5,36
121054.14899992943,80.3289999961853,121.43849148333332,31.02877570666667,16.691000000000003,121.4384914856324,31.02877572715278,16.71216991621113,-474.7889153157715,-192.16297614957426,-0.4207874061326109,-474.7886958128902,-192.1607048484786,-0.39961748992148216,0.021292541907545703,0.0022818826653398967,0.3427213968766701,-0.0002195068422885295,-0.0022713003422196788,-0.021169916211128736,0.0022818826653398967,0.021292541907545703,5,37
121054.24900007248,80.42900013923645,121.43849049833334,31.028775658333334,16.689,121.43849052061951,31.028775673392428,16.71227763226509,-474.88295730078187,-192.16833488058185,-0.42278740613261334,-474.88082954858066,-192.16666527460032,-0.39950977386752484,0.023434232203845815,0.002704639553632811,0.3501332104530358,-0.002127790598487497,-0.001669605427657478,-0.0232776322650885,0.002704639553632811,0.023434232203845815,5,37
121054.34899997711,80.52900004386902,121.43848946333334,31.028775568333337,16.687,121.43848952057529,31.028775619025723,16.712380302938488,-474.9817729930691,-192.17831320609395,-0.42478740613261223,-474.9763078700573,-192.17269292662212,-0.3994071031941253,0.026563432481303852,0.007839398442445748,0.35010290829651747,-0.00546522163818118,-0.005620277607465403,-0.02538030293848692,0.007839398442445748,0.026563432481303852,4,37
121054.44899988174,80.62899994850159,121.43848844666667,31.028775506666662,16.685000000000002,121.43848849498775,31.028775560623888,16.712560862561396,-475.078838327398,-192.1851502079918,-0.4267874061326111,-475.07422491647486,-192.1791679548395,-0.399226543571217,0.02857748769108185,0.0075545785855915685,0.36871503233567576,-0.004613494182163585,-0.005982251167998671,-0.027560862561394117,0.0075545785855915685,0.02857748769108185,5,37
121054.5490000248,80.72900009155273,121.43848743833333,31.028775439999997,16.693,121.43848745738453,31.028775486347097,16.71272214198806,-475.17510804425245,-192.19254156032747,-0.418787406132612,-475.1732891488838,-192.18740304402192,-0.39906526414455357,0.020461566818932516,0.005450947815609903,0.38147457264784757,-0.0018189281959590845,-0.005138514601170984,-0.01972214198805844,0.005450947815609903,0.020461566818932516,5,36
121054.64899992943,80.8289999961853,121.43848639000001,31.028775355,16.7,121.43848640662387,31.028775401070263,16.712900315777222,-475.2751967230414,-192.20196553399126,-0.4117874061326141,-475.2736095765784,-192.19685771122013,-0.39888709035539094,0.013965210636929118,0.00534873452152237,0.3742634118066602,-0.0015871751091659858,-0.0051078210769925254,-0.01290031577722317,0.00534873452152237,0.013965210636929118,4,36
121054.74900007248,80.92900013923645,121.43848534333334,31.028775254999996,16.703,121.43848533999144,31.02877530638366,16.713099078686586,-475.3751262812506,-192.2130525632,-0.408787406132614,-475.37544534593764,-192.20735564192827,-0.39868832744602756,0.011599486485021245,0.005705847561784844,0.379889276454026,0.00031907044616297616,-0.005696919382325101,-0.010099078686586438,0.005705847561784844,0.011599486485021245,4,37
121054.84899997711,81.02900004386902,121.43848425333333,31.028775160000002,16.705,121.43848425887877,31.028775193625783,16.712255575046434,-475.4791930498418,-192.22358523985517,-0.4067874061326151,-475.47866360423757,-192.21985714015497,-0.39953183108617907,0.008174497548683943,0.0037655067280479657,0.3710941614163017,-0.000529455161151711,-0.003728098463198674,-0.007255575046436036,0.0037655067280479657,0.008174497548683943,5,36
121054.94899988174,81.12899994850159,121.43848311666667,31.02877504666667,16.704,121.4384831608659,31.02877505659452,16.71152805179086,-475.5877152748331,-192.23615053924897,-0.4077874061326128,-475.5834953934621,-192.23504983599932,-0.4002593543417525,0.008700066225263592,0.004361145326413476,0.37991148779396816,-0.004219957549389264,-0.0011007028842747106,-0.007528051790860246,0.004361145326413476,0.008700066225263592,5,36
121055.0490000248,81.22900009155273,121.43848201166665,31.028774918333337,16.702,121.43848205251231,31.02877489621464,16.710875640706988,-475.69321415536433,-192.25037889277723,-0.40978740613261166,-475.6893144537221,-192.2528311990499,-0.4009117654256258,0.009999951101742574,0.004606736814463984,0.37859663745594113,-0.003899772046782953,0.002452305458312253,-0.008875640706985877,0.004606736814463984,0.009999951101742574,4,37
121055.14899992943,81.3289999961853,121.43848088333334,31.028774746666667,16.701,121.43848094024733,31.028774716987705,16.710176024598354,-475.8009407628811,-192.26941162617,-0.4107874061326129,-475.79550695092036,-192.27270214077177,-0.40161138153425924,0.011160389117078654,0.006352547348506456,0.3835194766909234,-0.005433910071439549,0.003290513508637254,-0.00917602459835365,0.006352547348506456,0.011160389117078654,5,36
121055.24900007248,81.42900013923645,121.43847976,31.028774491666663,16.7,121.43847982478184,31.02877451533058,16.70956753604821,-475.90819000137066,-192.29768354927708,-0.4117874061326141,-475.90200501327035,-192.29505992454645,-0.4022198700844051,0.011690877107947313,0.00671854608671751,0.3788028417731735,-0.006185099786361214,-0.002623623858730824,-0.009567536048209035,0.00671854608671751,0.011690877107947313,4,36
121055.34899997711,81.52900004386902,121.43847867000001,31.028774248333335,16.697,121.43847871031882,31.028774285753638,16.709784617457967,-476.01225676753256,-192.32466198544333,-0.4147874061326142,-476.0084073666601,-192.3205131859323,-0.4020027886746469,0.013981322962908362,0.005659589052801061,0.3713727722160292,-0.0038494703927207555,-0.004148798132248895,-0.012784617457967329,0.005659589052801061,0.013981322962908362,5,36
121055.45000004768,81.63000011444092,121.43847755,31.02877400166667,16.695,121.43847759051933,31.028774026302607,16.70911332779192,-476.11918776000397,-192.35200998950847,-0.4167874061326131,-476.1153192139385,-192.34927859641505,-0.402674078340695,0.014886662283252087,0.004735682904658266,0.3756725802637035,-0.003868615941601427,-0.002731392185289372,-0.014113327791918095,0.004735682904658266,0.014886662283252087,5,36
121055.54999995232,81.73000001907349,121.43847638500002,31.028773753333333,16.689,121.43847649008684,31.028773748746293,16.708443922039276,-476.2304150834371,-192.3795427782283,-0.42278740613261334,-476.2203820135661,-192.38005134472576,-0.4033434840933374,0.021885860094460884,0.010046131982254443,0.38636956935515965,-0.010033251122871687,0.000508566328289252,-0.019443922039275918,0.010046131982254443,0.021885860094460884,5,36
121055.65000009537,81.83000016212463,121.43847525499999,31.02877345333333,16.685000000000002,121.43847540494309,31.028773454363233,16.707694419218434,-476.3383008188215,-192.41280386444407,-0.4267874061326111,-476.32398513615954,-192.41268967893856,-0.40409298691417916,0.026832738920141888,0.01431639669381103,0.38806907344492886,-0.014315941323348885,-0.00011418546753051207,-0.02269441921843196,0.01431639669381103,0.026832738920141888,4,35
121055.75,81.9300000667572,121.43847418166666,31.028773098333332,16.688000000000002,121.438474336649,31.028773140630857,16.70795457934251,-476.4407763500342,-192.45216281605468,-0.423787406132611,-476.425979552388,-192.4474732775857,-0.40383282679010435,0.02528102306544087,0.01552239963726484,0.38565572173845303,-0.01479706504967956,-0.0046895369083216855,-0.019954579342506662,0.01552239963726484,0.02528102306544087,5,36
121055.84999990463,82.02999997138977,121.43847311333333,31.028772721666662,16.69,121.43847328868105,31.028772806403733,16.707250097248917,-476.5427745122197,-192.4939239583028,-0.4217874061326121,-476.52603334664815,-192.4845291350689,-0.40453730888369677,0.02580901502183528,0.019197380063443088,0.3919885376948278,-0.016741468169806897,-0.009394820105761714,-0.017250097248915353,0.019197380063443088,0.02580901502183528,5,36
121055.95000004768,82.13000011444092,121.43847209666667,31.028772335,16.693,121.43847225780021,31.028772455231444,16.707477879388367,-476.6398398465487,-192.53679380213177,-0.418787406132612,-476.6244557668873,-192.52346370753753,-0.40430952674424603,0.024979566842961747,0.020356074476134182,0.3907764856041177,-0.015384357787142445,-0.013330090155550754,-0.014477879388365977,0.020356074476134182,0.024979566842961747,4,36
121056.04999995232,82.23000001907349,121.4384711,31.02877197333333,16.689,121.43847124292202,31.028772085093287,16.706738505507204,-476.7349956974811,-192.57689188954015,-0.42278740613261334,-476.7213503467919,-192.56450103148688,-0.40504890062540966,0.025581050953793667,0.01843191770466363,0.3768632528599857,-0.013645597432007071,-0.012390853925177813,-0.017738505507203683,0.01843191770466363,0.025581050953793667,4,34
121056.15000009537,82.33000016212463,121.43847010833333,31.028771604999996,16.69,121.43847025352873,31.028771697950972,16.707081847415754,-476.8296741793863,-192.61772911274628,-0.4217874061326121,-476.81581177939336,-192.60742361098457,-0.4047055587168593,0.024293330192473404,0.01727357463600048,0.38368422420251974,-0.013862650717320233,-0.010305498328322603,-0.017081847415752804,0.01727357463600048,0.024293330192473404,4,34
121056.25,82.4300000667572,121.43846914166667,31.028771198333335,16.692,121.43846929186918,31.028771293666317,16.70635045963648,-476.92196580886775,-192.6628163618528,-0.41978740613261323,-476.9076253596479,-192.65224676705589,-0.4054369464961347,0.022875923501343206,0.0178149427240479,0.38341027191841776,-0.014340708649466422,-0.010569591273659838,-0.014350459636478519,0.0178149427240479,0.022875923501343206,4,35
121056.34999990463,82.52999997138977,121.43846821000001,31.028770783333336,16.687,121.43846836091846,31.028770879611542,16.706554873888084,-477.0109158430124,-192.70882753141183,-0.42478740613261223,-476.99650704100793,-192.69815313879892,-0.40523253224452915,0.02653218353852882,0.017932196478494936,0.3732842877177676,-0.014409062733549787,-0.0106743890543662,-0.01955487388808308,0.017932196478494936,0.02653218353852882,4,35
121056.45000004768,82.63000011444092,121.43846729666666,31.028770431666665,16.682000000000002,121.43846747170761,31.02877047242239,16.70687005469185,-477.0981155216282,-192.74781691653405,-0.42978740613261124,-477.08140364594277,-192.74329831709423,-0.404917351440762,0.030302380212401177,0.017312268082528965,0.35854556893805645,-0.016712178160784005,-0.0045185979333821355,-0.02487005469184922,0.017312268082528965,0.030302380212401177,4,33
121056.54999995232,82.73000001907349,121.43846649666666,31.028770084999998,16.689,121.43846665941585,31.028770084833102,16.707307396622046,-477.1744948016179,-192.78625194910268,-0.42278740613261334,-477.15895646966334,-192.78627045295744,-0.40448000951056784,0.02401269696030444,0.015538624270846211,0.3573444877731077,-0.015538613253380056,1.8503848590230174e-05,-0.018307396622045502,0.015538624270846211,0.02401269696030444,4,35
121056.65000009537,82.83000016212463,121.43846575166666,31.028769765,16.697,121.43846594509569,31.02876972655527,16.707659553930835,-477.2456230053037,-192.82173044130127,-0.4147874061326142,-477.22715554383916,-192.8259928190907,-0.4041278522017784,0.02174519317633999,0.018953293546820446,0.3579468626051194,-0.01846779586105903,0.0042623763684353985,-0.010659553930835841,0.018953293546820446,0.02174519317633999,5,35
121056.75,82.9300000667572,121.43846511666668,31.02876947166667,16.701,121.43846534356796,31.028769410985536,16.70689802114276,-477.3062490563814,-192.85425239171926,-0.4107874061326129,-477.28458586112384,-192.86098012658104,-0.40488938498985405,0.023438431406772917,0.02268421066313679,0.34819194952358723,-0.021663587589161887,0.006727732617775464,-0.005898021142758836,0.02268421066313679,0.023438431406772917,4,35
121056.84999990463,83.02999997138977,121.43846463,31.028769216666667,16.702,121.4384648661278,31.028769148942814,16.70710470925453,-477.35271311835476,-192.88252431482636,-0.40978740613261166,-477.33016903044046,-192.89003287822447,-0.40468269687808345,0.024304132466872522,0.02376200324875874,0.3383685809631153,-0.022544496261857793,0.007508560893613431,-0.005104709254528217,0.02376200324875874,0.024304132466872522,5,36
121056.95000004768,83.13000011444092,121.43846426833333,31.028769023333332,16.701,121.43846452116907,31.028768954865978,16.707319278855877,-477.3872429182095,-192.90395923744612,-0.4107874061326129,-477.36310365504613,-192.91155023281252,-0.4044681272767363,0.02608220840925667,0.02530510443063949,0.35915717401963704,-0.024139700454503643,0.007590992834432599,-0.0063192788558765756,0.02530510443063949,0.02608220840925667,5,36
121057.04999995232,83.23000001907349,121.43846409666666,31.028768891666665,16.702,121.43846431270026,31.02876883161219,16.70845240909792,-477.4036326391577,-192.91855715887326,-0.40978740613261166,-477.3830070254227,-192.92521541594613,-0.403334997034694,0.022614095102380306,0.02167403317642128,0.3580072321214335,-0.020625987405315245,0.006658254853066767,-0.006452409097917666,0.02167403317642128,0.022614095102380306,5,35
121057.15000009537,83.33000016212463,121.43846403833335,31.02876881666667,16.698,121.43846423107522,31.028768783173422,16.708455112483893,-477.4092019590505,-192.92687242954563,-0.413787406132613,-477.39080010284977,-192.93058583590016,-0.40333229364872025,0.021488120821280977,0.018773117998327263,0.33985922224090837,-0.018402189593085375,0.0037134051165014816,-0.010455112483892748,0.018773117998327263,0.021488120821280977,5,36
121057.25,83.4300000667572,121.43846407499998,31.02876882666667,16.696,121.43846426100028,31.028768794883984,16.708255606312786,-477.40570124556336,-192.92576372655424,-0.4157874061326119,-477.3879430356423,-192.92928748267897,-0.40353179981982734,0.021862803603002575,0.018104758912769258,0.3522261001690548,-0.017758531649410256,0.0035237549498215908,-0.01225560631278455,0.018104758912769258,0.021862803603002575,4,36
121057.34999990463,83.52999997138977,121.43846416166667,31.028768823333333,16.692,121.43846432613398,31.028768804727775,16.708619385857965,-477.39742682237,-192.92613329515837,-0.41978740613261323,-477.3817244529634,-192.92819609870884,-0.4031680202746486,0.022957188004722844,0.01583756593635132,0.33922337921236556,-0.015702653888356316,0.0020628028627971123,-0.01661938585796463,0.01583756593635132,0.022957188004722844,5,36
121057.45000004768,83.63000011444092,121.43846421666667,31.028768829999997,16.688000000000002,121.43846435111622,31.028768798856774,16.70721019125561,-477.3921757460661,-192.92539416006585,-0.423787406132611,-477.3793392961804,-192.92884701801202,-0.4045772148770048,0.023360952126673093,0.013292954381466278,0.3325413502935198,-0.012836682443125498,0.003452856794322212,-0.01921019125560619,0.013292954381466278,0.023360952126673093,4,35
121057.54999995232,83.73000001907349,121.43846426166668,31.028768853333336,16.684,121.4384643574648,31.028768795541097,16.706392844405904,-477.3878794102458,-192.92280718618417,-0.42778740613261235,-477.3787331726327,-192.92921462811464,-0.40539456172670896,0.025023018580167578,0.011167451736023454,0.33998541909456664,-0.00914640331420232,0.006407439792176128,-0.02239284440590339,0.011167451736023454,0.025023018580167578,4,35
121057.65000009537,83.83000016212463,121.43846427666668,31.02876885,16.679000000000002,121.43846435727228,31.02876879864244,16.70761784793248,-477.3864472983056,-192.92317675408304,-0.43278740613261135,-477.378751552601,-192.92887078168113,-0.40416955820013456,0.030176643233788374,0.009573326306617754,0.33343428634293204,-0.007695885128601246,0.00569402569895445,-0.028617847932476792,0.009573326306617754,0.030176643233788374,4,35
121057.75,83.9300000667572,121.43846430500001,31.028768845,16.683,121.43846436627449,31.02876880609469,16.70867734302097,-477.3837421998638,-192.92373110522612,-0.42878740613261357,-477.37789207408923,-192.92804454863324,-0.40311006311164377,0.02668626871457216,0.007268493192526666,0.32452816682128827,-0.0058502317619292836,0.0043134419691842705,-0.0256773430209698,0.007268493192526666,0.02668626871457216,4,36
121057.84999990463,84.02999997138977,121.43846430666666,31.02876884666667,16.688000000000002,121.43846438535195,31.02876882103213,16.70857405849835,-477.38358307928394,-192.9235463212767,-0.423787406132611,-477.37607067169876,-192.92638843000617,-0.40321334763426364,0.022086370738266067,0.008032178365469477,0.3293171270272855,-0.007512543687075644,0.0028421077819983927,-0.02057405849834737,0.008032178365469477,0.022086370738266067,4,35
121057.95000004768,84.13000011444092,121.43846430999999,31.02876886,16.692,121.43846440915586,31.02876883846596,16.708525049359775,-477.38326483083654,-192.92206805109166,-0.41978740613261323,-477.373798015092,-192.9244555363941,-0.4032623567728386,0.019193779884383474,0.009763397457195747,0.33490587233768965,-0.00946698725246201,0.002387484506525268,-0.016525049359774613,0.009763397457195747,0.019193779884383474,5,36
121058.04999995232,84.23000001907349,121.43846432999999,31.028768866666663,16.692,121.43846443588099,31.028768858473182,16.70854070223711,-477.38135534986924,-192.92132891599914,-0.41978740613261323,-477.3712464571629,-192.92223732994344,-0.40324670389550477,0.019406531381785903,0.010149809346758994,0.34776736966072236,-0.010109075844583348,0.0009084136414749066,-0.016540702237108462,0.010149809346758994,0.019406531381785903,4,37
121058.15000009537,84.33000016212463,121.43846436166665,31.028768905,16.692,121.43846446231466,31.028768885089633,16.708693551856644,-477.37833200298,-192.91707888798297,-0.41978740613261323,-477.3687227266904,-192.91928635617498,-0.4030938542759692,0.01938786018751135,0.009859738792687416,0.3486537167949784,-0.009609450373984108,0.002207467456150094,-0.016693551856644007,0.009859738792687416,0.01938786018751135,4,37
121058.25099992752,84.43099999427795,121.43846443,31.02876897333333,16.691000000000003,121.43846452086696,31.028768945351782,16.708242755950558,-477.3718079401742,-192.90950275169786,-0.4207874061326109,-477.3631324979438,-192.91260507454342,-0.4035446501820559,0.019550014275854125,0.009213600024729715,0.3485746203730597,-0.008675599391126502,0.003102321811222183,-0.017242755950555022,0.009213600024729715,0.019550014275854125,5,36
121058.35100007057,84.5310001373291,121.43846452499999,31.028769058333335,16.689,121.43846464757094,31.028769057644446,16.707895569653328,-477.3627378995064,-192.90007877732882,-0.42278740613261334,-477.3510355490552,-192.90015515465697,-0.4038918364792856,0.02222607373073936,0.011702811669017951,0.35281682965511146,-0.011702562431712837,7.637730268866256e-05,-0.018895569653327726,0.011702811669017951,0.02222607373073936,4,36
121058.4509999752,84.63100004196167,121.43846468166666,31.028769190000002,16.689,121.43846484008313,31.028769228243828,16.7089559244148,-477.34778029049824,-192.88548085590168,-0.42278740613261334,-477.33265562200785,-192.8812407522764,-0.4028314817178149,0.025396481445745793,0.015708034586636298,0.3431449159672435,-0.01512494243971401,-0.004240102212246791,-0.01995592441479843,0.015708034586636298,0.025396481445745793,4,36
121058.55100011826,84.73100018501282,121.43846487166665,31.02876938333333,16.686,121.43846507591012,31.028769451147227,16.709505934101653,-477.3296402140211,-192.86404593469243,-0.42578740613261346,-477.3101402530977,-192.856527388367,-0.40228147203096043,0.03145345272459975,0.02089953947596398,0.32852845809465664,-0.019500314077524644,-0.0075185438207987405,-0.023505934101653025,0.02089953947596398,0.03145345272459975,4,36
121058.65100002289,84.83100008964539,121.43846514833334,31.02876964833333,16.683,121.43846534115221,31.028769732277357,16.709472082457264,-477.3032257094921,-192.83466530788868,-0.42878740613261357,-477.28481650227565,-192.82535840987782,-0.4023153236753494,0.03356040265282401,0.02062836582464746,0.32333881295902495,-0.018409540562283125,-0.009306894910824752,-0.02647208245726418,0.02062836582464746,0.03356040265282401,4,36
121058.75099992752,84.93099999427795,121.43846547833333,31.028769986666664,16.68,121.43846564174623,31.028770067386304,16.709469967194288,-477.27171925895595,-192.797154194362,-0.4317874061326137,-477.25611755910893,-192.78820478459062,-0.4023174389383257,0.0345252472846556,0.017986487529092782,0.3375518698508596,-0.015601982301143614,-0.008949406790900259,-0.02946996719428796,0.017986487529092782,0.0345252472846556,4,36
121058.85100007057,85.0310001373291,121.43846585833334,31.02877041,16.675,121.43846599126016,31.02877048290966,16.70874768383952,-477.23543909871375,-192.75021910576103,-0.4367874061326127,-477.22274803180267,-192.74213559063298,-0.40303972229309437,0.03695021444569604,0.015046999137729703,0.33520175665562096,-0.01269129661442858,-0.008083512435533954,-0.033747683839518317,0.015046999137729703,0.03695021444569604,4,36
121058.9509999752,85.13100004196167,121.43846628499999,31.028770953333332,16.678,121.43846639835395,31.02877099960614,16.709004662001202,-477.19470348693005,-192.68997958267377,-0.4337874061326126,-477.183881118154,-192.68484930307667,-0.4027827441314109,0.0332375799588078,0.011976963542959613,0.33509925006318786,-0.010822564598665933,-0.005130277888875668,-0.031004662001201666,0.011976963542959613,0.0332375799588078,4,36
121059.05100011826,85.23100018501282,121.43846673166667,31.02877159666667,16.681,121.4384668556509,31.02877162556044,16.709781339688,-477.1520583868911,-192.61865303108297,-0.43078740613261246,-477.1402211042484,-192.61544957000532,-0.40200606644461345,0.03128504434503648,0.012263298309790572,0.33968707504759005,-0.011837496753465213,-0.003203460011708106,-0.028781339687999008,0.012263298309790572,0.03128504434503648,4,36
121059.15100002289,85.33100008964539,121.43846719,31.028772333333336,16.682000000000002,121.43846734156052,31.028772368414,16.710485294290955,-477.10829942578886,-192.5369785860812,-0.42978740613261124,-477.09382932078387,-192.53308918258693,-0.40130211184165887,0.03218588123145885,0.01498395674724842,0.3343158406781443,-0.01447036662709603,-0.003889402200960564,-0.028485294290952368,0.01498395674724842,0.03218588123145885,4,36
121059.25099992752,85.43099999427795,121.43846769333335,31.028773173333335,16.683,121.43846784535859,31.028773212223605,16.711052354662,-477.0602441264369,-192.44384754467706,-0.42878740613261357,-477.0457296554047,-192.43953576920515,-0.40073505147061184,0.03187794662586755,0.015141627356361992,0.34931482774916656,-0.0145147333297894,-0.004311774039073772,-0.028052354662001733,0.015141627356361992,0.03187794662586755,4,36
121059.35100007057,85.5310001373291,121.43846827166665,31.028774106666667,16.695,121.43846835194563,31.028774145874635,16.711542762292197,-477.0050282771015,-192.3403686098619,-0.4167874061326131,-476.99736371369585,-192.3360216109833,-0.40024464384041636,0.018743186102479048,0.00881158561304587,0.3710381432900126,-0.007664701841277353,-0.0043469974350529034,-0.016542762292196755,0.00881158561304587,0.018743186102479048,5,36
121059.4509999752,85.63100004196167,121.43846880333334,31.02877512,16.703,121.43846883812613,31.028775159597238,16.712926914719493,-476.9542678793077,-192.22802005182078,-0.408787406132614,-476.9509460680659,-192.22362989467746,-0.39886049141312085,0.011351296450562317,0.00550529701836868,0.3872533122916431,-0.0033218712051217326,-0.004390155687107481,-0.00992691471949314,0.00550529701836868,0.011351296450562317,4,36
121059.55100011826,85.73100018501282,121.43846932833334,31.028776173333334,16.712,121.43846928918967,31.028776234359704,16.713277522148164,-476.90414397597937,-192.11123668251932,-0.39978740613261365,-476.90788118276527,-192.10447067118884,-0.398509883984449,0.007834421504126334,0.007729559978761135,0.4182605790120094,0.0037372742060072465,-0.006766009087665989,-0.0012775221481646781,0.007729559978761135,0.007834421504126334,5,36
121059.65100002289,85.83100008964539,121.43846973166667,31.028777326666667,16.715,121.43846969630907,31.028777355709764,16.71462491947005,-476.86563609118105,-191.9833662840091,-0.39678740613261354,-476.8690118252562,-191.9801462677046,-0.3971624866625625,0.004680296463324376,0.00466524271401391,0.42334718838070734,0.003375794935331483,-0.0032200152383568283,0.0003750805299489457,0.00466524271401391,0.004680296463324376,5,37
121059.75099992752,85.93099999427795,121.43847006833333,31.028778528333337,16.718,121.43847005232026,31.028778514550282,16.715005331367376,-476.83349314375016,-191.85013715519656,-0.3937874061326134,-476.8350219776622,-191.8516652864186,-0.3967820747652375,0.003693323849741856,0.0021616199573119507,0.4038919986911478,0.0015288614565578142,0.001528130716431431,0.002994668632624098,0.0021616199573119507,0.003693323849741856,4,36
121059.85100007057,86.0310001373291,121.43847039166667,31.028779731666667,16.722,121.43847035497261,31.02877971715317,16.715536408825496,-476.80262318525035,-191.71672324313985,-0.3897874061326121,-476.80612651750647,-191.71833235843545,-0.3962509973071171,0.007526024185298401,0.0038552599350183095,0.38986754624106484,0.0035033953308189125,0.0016091147636367086,0.006463591174505012,0.0038552599350183095,0.007526024185298401,4,36
121059.9509999752,86.13100004196167,121.43847069166668,31.028780946666664,16.724,121.43847062685676,31.028780946315436,16.716013976643854,-476.7739809537359,-191.5820158441423,-0.3877874061326132,-476.7801686237665,-191.58205478496407,-0.3957734294887594,0.010102807705631356,0.006187903885165964,0.4125620766144122,0.0061877813556600785,3.894080889701807e-05,0.007986023356146177,0.006187903885165964,0.010102807705631356,4,36
121060.05100011826,86.23100018501282,121.43847093999999,31.028782173333337,16.729,121.43847087494798,31.02878218960101,16.71722033583493,-476.7502715549366,-191.44601495749865,-0.3827874061326142,-476.75648233718226,-191.44421135601897,-0.3945670702976827,0.013438328285791522,0.006467470856131165,0.4004446635021664,0.006210893907002339,-0.0018036008845826216,0.011779664165068482,0.006467470856131165,0.013438328285791522,5,35
121060.15100002289,86.33100008964539,121.43847115333334,31.028783398333335,16.732,121.43847106718195,31.028783410336725,16.717336901785757,-476.72990374661543,-191.31019885550967,-0.3797874061326141,-476.73812897193415,-191.30886803644063,-0.3944505043468567,0.016865179808523142,0.008332337051109482,0.3852799690990764,0.008225373092248894,-0.0013308186302421997,0.01466309821424261,0.008332337051109482,0.016865179808523142,4,37
121060.25099992752,86.43099999427795,121.43847124999999,31.028784571666666,16.725,121.43847119263953,31.028784582616893,16.717494998487737,-476.7206745853678,-191.1801110517219,-0.386787406132612,-476.7261510239879,-191.17889699728698,-0.39429240764487616,0.009369708201352018,0.005609490536527852,0.3729403017628963,0.005476536942247957,-0.0012140540348719749,0.007505001512264187,0.005609490536527852,0.009369708201352018,4,35
121060.35100007057,86.5310001373291,121.43847130166665,31.028785690000003,16.722,121.43847126464685,31.028785690957328,16.716925206927073,-476.7157417575112,-191.05612111332897,-0.3897874061326121,-476.7192761894706,-191.0560149748175,-0.3948621992055408,0.006185260516686735,0.0035360886479610327,0.3646210910228431,0.0035344953741717373,-0.00010613847651759504,0.005074793072928685,0.0035360886479610327,0.006185260516686735,4,36
121060.4509999752,86.63100004196167,121.43847136333333,31.028786746666665,16.721,121.43847130434536,31.02878673355397,16.71662570212591,-476.70985418431246,-190.93896817683387,-0.3907874061326133,-476.7154860097016,-190.94042198514435,-0.3951617040067035,0.007277817927298861,0.005816541230975931,0.36148645888009057,0.005631926373817101,0.0014538078317117243,0.004374297874090161,0.005816541230975931,0.007277817927298861,4,35
121060.55100011826,86.73100018501282,121.43847134,31.028787756666663,16.726,121.43847132439069,31.02878771886286,16.715368829381596,-476.71208191372716,-190.82698918669163,-0.3857874061326143,-476.7135721997489,-190.83118050550365,-0.3964185767510173,0.011524320481407129,0.004448390027929679,0.36081371412268476,0.0014903127285704723,0.0041913174315058805,0.010631170618403019,0.004448390027929679,0.011524320481407129,4,35
121060.65100002289,86.83100008964539,121.43847132,31.028788675,16.729,121.4384713216889,31.028788648857915,16.715181950125483,-476.7139913971237,-190.72517330601096,-0.3827874061326142,-476.71383015091976,-190.7280716865729,-0.39660545600712993,0.014119670957709362,0.0029028616259437583,0.3581227562669781,-0.00016124909197657526,0.0028983796075934517,0.013818049874515737,0.0029028616259437583,0.014119670957709362,4,36
121060.75099992752,86.93099999427795,121.43847128666667,31.028789531666668,16.731,121.43847129564105,31.02878951891529,16.71507175121354,-476.717173867022,-190.6301944265229,-0.38078740613261175,-476.7163170461477,-190.6316081754724,-0.396715654919074,0.01601380537148219,0.001653134317675161,0.3487636230414892,-0.000856836212903079,0.0014137484841842375,0.015928248786462262,0.001653134317675161,0.01601380537148219,4,37
121060.85100007057,87.0310001373291,121.43847120333334,31.028790321666666,16.731,121.43847124264792,31.028790329483332,16.713933088419363,-476.7251300417679,-190.54260689937047,-0.38078740613261175,-476.7213765174764,-190.54174026350097,-0.3978543177132501,0.017496284660977413,0.0038523377365732923,0.3359068701788527,-0.003753591453629712,-0.0008666355842363142,0.017066911580638333,0.0038523377365732923,0.017496284660977413,5,35
121060.9509999752,87.13100004196167,121.43847109000002,31.028791048333332,16.73,121.43847116238061,31.02879107371662,16.713783022462106,-476.73595043796473,-190.46204115736012,-0.38178740613261297,-476.7290399658403,-190.45922690491204,-0.39800438367050717,0.017851238200747088,0.007461658316704625,0.3248116651929979,-0.0069105957201052,-0.002814251521899028,0.016216977537894195,0.007461658316704625,0.017851238200747088,4,37
121061.05200004578,87.23200011253357,121.43847100166667,31.02879171333333,16.729,121.43847107284813,31.028791743863955,16.7126328811328,-476.7443839841671,-190.38831241654233,-0.3827874061326142,-476.73758799937394,-190.3849274770596,-0.39915452499981185,0.01804237923637959,0.007592421780720805,0.3213317628048994,-0.006796106292420676,-0.003384938368491187,0.01636711886719766,0.007592421780720805,0.01804237923637959,5,37
121061.15199995041,87.33200001716614,121.43847088833333,31.028792278333338,16.728,121.43847098289909,31.028792312805866,16.71149333165209,-476.7552043827931,-190.32567070281758,-0.38378740613261186,-476.746175802728,-190.3218487241061,-0.4002940744805237,0.019198848488796015,0.009804370624766865,0.3268143831201839,-0.009028741423727378,-0.0038219774530026626,0.016506668347911813,0.009804370624766865,0.019198848488796015,5,37
121061.25200009346,87.43200016021729,121.43847081333334,31.028792756666668,16.726,121.43847089886219,31.028792783718913,16.710369091311463,-476.7623649400645,-190.27263774952704,-0.3857874061326143,-476.75419914962623,-190.26963845923663,-0.4014183148211501,0.017888643296340326,0.008699324833247597,0.3134332565030302,-0.008165936335421588,-0.0029992893025181416,0.015630908688535783,0.008699324833247597,0.017888643296340326,5,37
121061.35199999809,87.53200006484985,121.43847074333334,31.028793113333336,16.721,121.43847082625372,31.02879315316444,16.709280809140395,-476.7690481258793,-190.23309401326173,-0.3907874061326133,-476.76113137842475,-190.22867792730716,-0.40250659699221814,0.014816152202695729,0.009065259604092997,0.29993792923763957,-0.007916888870171801,-0.00441608449952559,0.011719190859604822,0.009065259604092997,0.014816152202695729,4,37
121061.45199990273,87.63199996948242,121.43847066000002,31.028793370000002,16.716,121.43847076657521,31.028793421301327,16.709291688326918,-476.77700430062515,-190.2046373062052,-0.3957874061326123,-476.76682912974326,-190.1989495137933,-0.4024957178056958,0.013449543020687457,0.01165713352253007,0.2959733573110222,-0.010175352610948441,-0.005687790538070039,0.0067083116730835,0.01165713352253007,0.013449543020687457,4,36
121061.55200004578,87.73200011253357,121.43847061,31.02879356,16.712,121.43847072358805,31.028793593303813,16.70837831756879,-476.78177800790195,-190.18357195148434,-0.39978740613261365,-476.7709332897063,-190.179879548419,-0.40340908856382285,0.012015095851987536,0.011456262248216859,0.29861108119954827,-0.010844911861758151,-0.0036924018484742567,0.0036216824312091944,0.011456262248216859,0.012015095851987536,5,36
121061.65199995041,87.83200001716614,121.43847059666665,31.02879365833333,16.711,121.43847069620328,31.028793680468507,16.708482944661405,-476.7830509968331,-190.17266970693026,-0.4007874061326149,-476.77354782684233,-190.17021557403933,-0.40330446147120824,0.010132709269113244,0.00981510211637312,0.29743132348251416,-0.009503339690755584,-0.0024541320822118844,0.002517055338593366,0.00981510211637312,0.010132709269113244,5,36
121061.75200009346,87.93200016021729,121.438470625,31.02879368166667,16.717,121.4384706853787,31.02879371595094,16.708878777727598,-476.78034589596183,-190.1700827330486,-0.39478740613261465,-476.77458129315664,-190.16628162644832,-0.4029086284050152,0.010659947718891283,0.006905087557139375,0.3114563171483624,-0.005764705743197064,-0.003801105347936546,0.00812122227240053,0.006905087557139375,0.010659947718891283,4,36
121061.85199999809,88.03200006484985,121.438470635,31.028793699999998,16.723,121.43847067841408,31.028793749554453,16.709588979445417,-476.77939115304895,-190.16805011172048,-0.3887874061326144,-476.7752462345465,-190.1625559951512,-0.4021984266871961,0.015073875821249508,0.006882315014516476,0.3058762676560286,-0.004144992516889786,-0.005494114759810409,0.013411020554581654,0.006882315014516476,0.015073875821249508,5,36
121061.95199990273,88.13199996948242,121.438470625,31.02879371666667,16.726,121.43847066803852,31.028793803582523,16.711095469168676,-476.78034589596183,-190.16620227293132,-0.3857874061326143,-476.77623683127285,-190.15656588754027,-0.4006919369639377,0.01821784611848332,0.010475918952286185,0.30190449740017045,-0.004109138061828249,-0.009636382219676805,0.01490453083132337,0.010475918952286185,0.01821784611848332,5,36
121062.05200004578,88.23200011253357,121.43847067,31.028793751666665,16.727,121.43847066601154,31.02879387816873,16.712160312650155,-476.77604956014153,-190.16232181351927,-0.3847874061326131,-476.7764303553832,-190.14829649319708,-0.39962709348245795,0.020422311611861668,0.014030484344128473,0.31188052374015723,0.0003808020409887221,-0.01402531570897472,0.014839687349844866,0.014030484344128473,0.020422311611861668,4,36
121062.15199995041,88.33200001716614,121.438470695,31.028793816666667,16.725,121.43847067955618,31.028793963103663,16.711953649816962,-476.77366270771773,-190.1551152444278,-0.386787406132612,-476.7751371936715,-190.13887973291236,-0.3998337563156511,0.020879968877352065,0.016302326435840557,0.32451220640694156,0.0014745122804944307,-0.01623550617490496,0.013046350183039124,0.016302326435840557,0.020879968877352065,4,36
121062.25200009346,88.43200016021729,121.43847069833333,31.028793893333333,16.724,121.43847068606443,31.028794049425528,16.710703794852044,-476.7733444616996,-190.14661518910071,-0.3877874061326132,-476.7745158239328,-190.12930920310504,-0.40108361128056913,0.021855392102433008,0.017345578474486263,0.3061110753954125,0.0011713831463821378,-0.017305980299853953,0.01329620514795593,0.017345578474486263,0.021855392102433008,4,36
121062.35199999809,88.53200006484985,121.43847067833333,31.02879400833333,16.721,121.43847068501272,31.028794129833123,16.709269121695126,-476.77525394266695,-190.133865107168,-0.3907874061326133,-476.7746162359883,-190.12039438976598,-0.4025182844374875,0.017874011803000554,0.013485799647408205,0.2976964991390121,-0.00063771806335977,-0.013470712965604306,0.011730878304874182,0.013485799647408205,0.017874011803000554,4,36
121062.45199990273,88.63199996948242,121.43847067,31.02879409166667,16.717,121.43847068149795,31.028794171079262,16.70945239411871,-476.77604956014153,-190.1246259153379,-0.39478740613261465,-476.77495180523596,-190.11582141845886,-0.40233501201390354,0.01164862986094398,0.008872667191888195,0.2952780511834681,-0.001097774502976529,-0.008804493979702854,0.007547605881288888,0.008872667191888195,0.01164862986094398,4,36
121062.55200004578,88.73200011253357,121.43847069166668,31.028794089999998,16.72,121.43847069278324,31.028794135849097,16.708520935486778,-476.7739809537359,-190.1248106999926,-0.39178740613261454,-476.77387435186284,-190.1197273969272,-0.40326647064583554,0.012554689940113592,0.005084419081242189,0.3616900378767609,-0.00010660377608040457,-0.0050833013906933615,0.011479064513221005,0.005084419081242189,0.012554689940113592,4,37
121062.65199995041,88.83200001716614,121.43847070166666,31.02879404333333,16.72,121.4384707036853,31.02879405077,16.706585783643888,-476.77302621568145,-190.12998464634546,-0.39178740613261454,-476.7728334883766,-190.12916014117974,-0.4052016224887254,0.013440913432829408,0.0008467310436392319,0.34798948008520014,-0.0001927307456426888,-0.0008245048938280452,0.013414216356110842,0.0008467310436392319,0.013440913432829408,4,36
121062.75200009346,88.93200016021729,121.43847066833332,31.028793936666663,16.722,121.43847070068323,31.028793927019738,16.706645898444165,-476.77620868557983,-190.14181081064675,-0.3897874061326121,-476.77312010753667,-190.14288036829157,-0.40514150768844814,0.015698154106647325,0.003268578860777448,0.316771247159528,-0.003088633187681899,0.0010695572920938609,0.015354101555836053,0.003268578860777448,0.015698154106647325,5,35
121062.85199999809,89.03200006484985,121.43847064666667,31.028793775,16.723,121.4384706815116,31.028793767287514,16.70759978272237,-476.77827728955623,-190.15973484034285,-0.3887874061326144,-476.7749505007101,-190.16058992549648,-0.4041876234102446,0.015778649549753103,0.003434980264237981,0.3069716119868679,-0.0033268482498956106,0.0008550848717355171,0.01540021727763019,0.003434980264237981,0.015778649549753103,4,36
121062.95199990273,89.13199996948242,121.438470615,31.028793535,16.72,121.43847065320954,31.028793549894587,16.708332685322414,-476.7813006364455,-190.18634370931548,-0.39178740613261454,-476.77765261599023,-190.1846923420117,-0.40345472081019906,0.012335387003724153,0.004004440128890349,0.30749731996250446,-0.0036480856036315715,-0.0016513667595187392,0.011667314677584528,0.004004440128890349,0.012335387003724153,5,36
121063.05200004578,89.23200011253357,121.43847056666667,31.028793238333332,16.719,121.43847060517672,31.02879326573789,16.70820539140313,-476.78591521828395,-190.21923522763234,-0.3927874061326122,-476.7822385055466,-190.21619687662633,-0.4035820147294835,0.011801434022091528,0.004769724333557584,0.3088678830160692,-0.0036767784089438735,-0.00303835000446879,0.010794608596871313,0.004769724333557584,0.011801434022091528,4,36
121063.15199995041,89.33200001716614,121.43847049833333,31.028792893333335,16.717,121.43847054081618,31.028792918919248,16.709167621582466,-476.79243928108974,-190.25748547625153,-0.39478740613261465,-476.7883832695502,-190.25464875921966,-0.40261978455014713,0.009265253764281542,0.004949623787835257,0.2998180737513112,-0.004056084001312205,-0.0028367160970748924,0.007832378417532482,0.004949623787835257,0.009265253764281542,4,36
121063.25200009346,89.43200016021729,121.43847040833334,31.028792485,16.716,121.43847046120533,31.028792508682603,16.709156800149575,-476.8010319478718,-190.30275751071804,-0.3957874061326123,-476.79598404479714,-190.30013181393932,-0.40263060598303824,0.00889976962409591,0.005690036482230229,0.2986885642744747,-0.005047993278534847,-0.002625695913272891,0.006843199850425918,0.005690036482230229,0.00889976962409591,5,36
121063.35199999809,89.53200006484985,121.43847030500001,31.028792021666664,16.712,121.4384703684016,31.02879204771738,16.709483484938083,-476.8108976060143,-190.35412741128462,-0.39978740613261365,-476.804844396894,-190.3512391603437,-0.4023039211945303,0.007163622449998768,0.006707058859833651,0.3014221343243981,-0.00605331731788949,-0.0028882499888708136,0.0025165150619166354,0.006707058859833651,0.007163622449998768,4,36
121063.45199990273,89.63199996948242,121.43847018666665,31.028791485000003,16.71,121.4384702503289,31.028791543682612,16.710364851139833,-476.82219537609694,-190.41362779786886,-0.40178740613261255,-476.81611728138375,-190.4071216402676,-0.4014225549927808,0.008911101593888205,0.008903629330916714,0.2884293888182362,-0.00607820338843062,-0.006506155457044577,-0.00036485113983175665,0.008903629330916714,0.008911101593888205,4,36
121063.55200004578,89.73200011253357,121.43847005166666,31.028790906666668,16.707,121.43847010834823,31.02879100144215,16.710562250064772,-476.8350843786994,-190.47774778107342,-0.40478740613261266,-476.82967275825473,-190.46723999579493,-0.4012251560678415,0.012344625859783824,0.011819482310747845,0.28922661910963315,-0.005411717234301197,-0.010507781814924053,-0.0035622500647711774,0.011819482310747845,0.012344625859783824,4,35
121063.65199995041,89.83200001716614,121.43846991333334,31.02879032,16.704,121.43846994223081,31.028790424826038,16.711771600216693,-476.84829162974916,-190.54279168331993,-0.4077874061326128,-476.845532669206,-190.53116959036453,-0.40001580591592045,0.014250714411359503,0.011945086492195747,0.2800672582801516,-0.002759009905748586,-0.011622089125713091,-0.00777160021669232,0.011945086492195747,0.014250714411359503,5,36
121063.75200009346,89.93200016021729,121.43846972833335,31.028789715000002,16.698,121.43846976104662,31.028789826828195,16.711188208004728,-476.8659543371992,-190.60986820689453,-0.413787406132613,-476.8628310665407,-190.5974697828332,-0.40059919812788536,0.018368582335254728,0.012785772821033145,0.28417167769568885,-0.0031233265584845694,-0.01239841997353432,-0.013188208004727642,0.012785772821033145,0.018368582335254728,5,37
121063.85299992561,90.0329999923706,121.43846949666667,31.028789095,16.694000000000003,121.43846956392761,31.02878920546667,16.711475017391376,-476.8880725034786,-190.67860778530888,-0.4177874061326108,-476.8816508253075,-190.66636031396962,-0.40031238874123787,0.022284885356197985,0.013828950882482064,0.27521696651409644,-0.00642179314759463,-0.012247467300613957,-0.017475017391372916,0.013828950882482064,0.022284885356197985,4,37
121063.95300006866,90.13300013542175,121.43846926666666,31.028788446666667,16.691000000000003,121.43846935413444,31.02878857364041,16.711651910160153,-476.9100315467489,-190.75048868804274,-0.4207874061326109,-476.90168063995486,-190.7364110728381,-0.4001354959724601,0.02635186245485626,0.016368239415915326,0.27167817403466965,-0.00835105636764273,-0.014077610561497214,-0.020651910160150777,0.016368239415915326,0.02635186245485626,4,36
121064.0529999733,90.23300004005432,121.43846903999999,31.02878779833333,16.689,121.43846913852174,31.028787926581572,16.711895129241277,-476.93167234400113,-190.82236959148184,-0.42278740613261334,-476.9222660684616,-190.80815067219015,-0.399892276891336,0.02854550167072602,0.017048716158662186,0.2865212675790517,-0.009406444079808384,-0.01421891460105401,-0.022895129241277345,0.017048716158662186,0.02854550167072602,4,36
121064.15300011635,90.33300018310547,121.43846882333334,31.028787141666665,16.703,121.43846891944897,31.02878726332453,16.712064607841114,-476.9523583959111,-190.89517441325768,-0.408787406132614,-476.9431818432538,-190.88168617089903,-0.39972279829149926,0.01866311374722324,0.016313941872784586,0.2768237733027373,-0.009176717145313385,-0.013488237908025854,-0.009064607841114736,0.016313941872784586,0.01866311374722324,4,36
121064.25300002098,90.43300008773804,121.43846857666668,31.028786496666665,16.713,121.4384686939479,31.028786589343937,16.712556342082166,-476.97590867413066,-190.9666857487979,-0.39878740613261243,-476.96471135497205,-190.9564105928784,-0.39923106405044706,0.015203948330182791,0.015197473884787916,0.2766160413912467,-0.011197519948135507,-0.010275152528790904,0.0004436579178346278,0.015197473884787916,0.015203948330182791,4,36
121064.35299992561,90.5329999923706,121.43846833833335,31.028785803333335,16.718,121.43846846384884,31.028785902535763,16.713379730247823,-476.9986633324462,-191.04355581464043,-0.3937874061326134,-476.9866798554479,-191.0325572127984,-0.39840767588479054,0.016909314845064187,0.01626585490979879,0.2628214638203803,-0.01198369197280554,-0.010998598212842466,0.0046202697521771086,0.01626585490979879,0.016909314845064187,4,36
121064.45300006866,90.63300013542175,121.43846810666668,31.02878509166667,16.721,121.43846822714639,31.028785198361515,16.713558085235846,-477.0207815011549,-191.12245850181105,-0.3907874061326133,-477.0092788087581,-191.11062921392198,-0.39822932089676755,0.018100572821711767,0.016499958821680556,0.27504625461098614,-0.011502898831314317,-0.011829283984827724,0.007441914764154234,0.016499958821680556,0.018100572821711767,4,36
121064.5529999733,90.73300004005432,121.43846788333333,31.028784365,16.723,121.438467992208,31.02878447957965,16.713844650366383,-477.04210404995973,-191.2030242445267,-0.3887874061326144,-477.03170933975724,-191.19032076604415,-0.3979427557662305,0.018795014393434416,0.01641438817427115,0.2726776553777364,-0.010394896830949064,-0.012703474288932842,0.009155349633616083,0.01641438817427115,0.018795014393434416,4,36
121064.65300011635,90.83300018310547,121.43846765166667,31.028783644999997,16.724,121.4384677662143,31.028783749470087,16.715077304664234,-477.06422221623916,-191.2828508521498,-0.3877874061326132,-477.0532858848573,-191.2712682233176,-0.39671010146837915,0.018258678345564505,0.015929998206901552,0.2722102309406573,-0.010936527820121176,-0.01158262500953917,0.008922695335765951,0.015929998206901552,0.018258678345564505,4,36
121064.75300002098,90.93300008773804,121.43846744666668,31.02878291333333,16.725,121.43846755331812,31.028783007262383,16.715306459630902,-477.08379440465643,-191.36397094530324,-0.386787406132612,-477.0736119556374,-191.35355700447835,-0.3964809465017112,0.017495736942032904,0.014564892250114968,0.2726231034946068,-0.010182631995461244,-0.010413937387101386,0.009693540369099196,0.014564892250114968,0.017495736942032904,4,36
121064.85299992561,91.0329999923706,121.43846725666666,31.028782163333336,16.722,121.43846736103104,31.02878225579299,16.71553400041413,-477.10193448599216,-191.44712366049004,-0.3897874061326121,-477.0919703908027,-191.43687263215278,-0.39625340571848255,0.015690105989363066,0.014295813209222121,0.27373418976310204,-0.009964274320672714,-0.010251024952430467,0.006465999585870463,0.014295813209222121,0.015690105989363066,4,37
121064.95300006866,91.13300013542175,121.43846708499998,31.028781411666667,16.721,121.43846719151814,31.028781498036288,16.715809946888957,-477.1183242069403,-191.53046116033153,-0.3907874061326133,-477.1081544825148,-191.520885335447,-0.3959774592436567,0.014901678702027963,0.013968656944854179,0.28068127397808323,-0.01016990733448661,-0.009575821721971349,0.005190053111043369,0.013968656944854179,0.014901678702027963,5,35
121065.0529999733,91.23300004005432,121.43846695833332,31.02878065166666,16.72,121.43846704247618,31.028780737059957,16.716092501886667,-477.1304175920682,-191.614722579215,-0.39178740613261454,-477.12238412962836,-191.6052550001529,-0.39569490424594633,0.01301700337515266,0.012416675696942566,0.2798621003590514,-0.008033606991025094,-0.009467575934567249,0.003907498113331798,0.012416675696942566,0.01301700337515266,5,35
121065.15300011635,91.33300018310547,121.43846684,31.028779900000004,16.721,121.43846690806654,31.028779974515757,16.716332618980044,-477.14171535972145,-191.69806007764598,-0.3907874061326133,-477.13521676796626,-191.68979849474064,-0.39545478715256976,0.01150092900057848,0.010511275959221002,0.27666867006123336,-0.006498708740518759,-0.008261580175535578,0.004667381019956451,0.010511275959221002,0.01150092900057848,4,36
121065.25300002098,91.43300008773804,121.43846673166667,31.028779153333335,16.721,121.43846679236206,31.028779216884132,16.716614262064,-477.1520583868911,-191.78084322563916,-0.3907874061326133,-477.146263549208,-191.77379733054633,-0.3951731440686146,0.010122285087956335,0.009122826215520189,0.2699359305660944,-0.005794942045787866,-0.0070458927641954905,0.004385737936001277,0.009122826215520189,0.010122285087956335,4,36
121065.35299992561,91.5329999923706,121.4384666,31.028778410000005,16.716,121.43846669778942,31.028778467416668,16.71689068561106,-477.16462914347545,-191.86325680573344,-0.3957874061326123,-477.15529278760937,-191.85689100364718,-0.39489672052155456,0.01133522881244934,0.011300181032746172,0.2645697788082985,-0.009336524083562555,-0.006365799981926287,-0.0008906856110577621,0.011300181032746172,0.01133522881244934,4,36
121065.45300006866,91.63300013542175,121.43846651,31.028777676666664,16.716,121.43846662172297,31.02877773166528,16.717145424365174,-477.1732218126869,-191.94456168424685,-0.3957874061326123,-477.16255516349196,-191.93846397189301,-0.3946419817674389,0.012339998992764225,0.012286723654623685,0.27220594977766044,-0.010666841463286674,-0.006097710337675724,-0.0011454243651733975,0.012286723654623685,0.012339998992764225,4,35
121065.5529999733,91.73300004005432,121.43846645166668,31.028776946666667,16.714,121.43846655910899,31.02877701340462,16.71741955448224,-477.1787911325797,-192.02549699345084,-0.39778740613261476,-477.1685331765324,-192.0180977372885,-0.39436785165037236,0.013102357258046862,0.01264825730527606,0.2758386831550731,-0.010258141026357422,-0.007399253715330477,-0.003419554482242404,0.01264825730527606,0.013102357258046862,4,36
121065.65300011635,91.83300018310547,121.43846639666666,31.02877624333333,16.707,121.4384665080886,31.028776321039043,16.71773756617012,-477.184042211313,-192.10347576299003,-0.40478740613261266,-477.1734043029859,-192.0948605079964,-0.394049839962495,0.017397904281177264,0.013689110494088016,0.2668492773353131,-0.010638100235226159,-0.008615252143996237,-0.010737566170117674,0.013689110494088016,0.017397904281177264,5,35
121065.75300002098,91.93300008773804,121.43846633833333,31.028775581666665,16.7,121.43846647563876,31.02877568314592,16.718062984196216,-477.1896115336351,-192.17683493590891,-0.4117874061326141,-477.17650242083016,-192.16558390176786,-0.39372442193639756,0.024994241832333935,0.01727543709144353,0.2680832774247154,-0.013109349381641716,-0.01125103041905375,-0.018062984196216547,0.01727543709144353,0.024994241832333935,5,35
121065.85299992561,92.0329999923706,121.43846628666667,31.028775009999997,16.695,121.43846646052782,31.028775108608315,16.718301146534927,-477.19454436149164,-192.24021578402096,-0.4167874061326131,-477.17794512445175,-192.22928305116255,-0.3934862595976867,0.030626991645142373,0.01987634743582197,0.27569734643727317,-0.01659953670225529,-0.010932729241135825,-0.02330114653492643,0.01987634743582197,0.030626991645142373,4,35
121065.95300006866,92.13300013542175,121.43846626666667,31.028774495,16.691000000000003,121.43846645734887,31.02877460589995,16.718505360597664,-477.196453842459,-192.2973139813782,-0.4207874061326109,-477.17824863199934,-192.28501847209392,-0.3932820455349493,0.0352017892734898,0.021968639157849183,0.2744670275356767,-0.018205539210426107,-0.012295505215542062,-0.02750536059766162,0.021968639157849183,0.0352017892734898,4,34
121066.0529999733,92.23300004005432,121.43846628833334,31.028774053333336,16.684,121.43846645831184,31.02877418484078,16.718664306161195,-477.19438523605334,-192.34628169130727,-0.42778740613261235,-477.17815669328905,-192.33170142319372,-0.3931230999714188,0.04095818982330477,0.021816488992615336,0.2651815458656539,-0.01622883589207418,-0.014580263288193085,-0.03466430616119354,0.021816488992615336,0.04095818982330477,5,34
121066.15300011635,92.33300018310547,121.43846629,31.028773724999997,16.677,121.43846646042978,31.028773851781295,16.718807196418577,-477.1942261154735,-192.38268410325307,-0.4347874061326138,-477.17795448448584,-192.3686278242194,-0.392980209714036,0.04701272235754253,0.021502427562622713,0.27313767365781505,-0.016271924950776822,-0.014056274381290503,-0.041807196418577774,0.021502427562622713,0.04701272235754253,5,35
121066.25300002098,92.43300008773804,121.43846628333334,31.028773495000003,16.669,121.43846646531031,31.028773612101794,16.718946688840184,-477.1948626075098,-192.40818426852903,-0.4427874061326129,-477.17748852095053,-192.39520115947178,-0.39284071729242953,0.0544527550033422,0.021689416805343312,0.2780857967548339,-0.017374400483177694,-0.012983104759881731,-0.049946688840183384,0.021689416805343312,0.0544527550033422,4,35
121066.35299992561,92.5329999923706,121.43846628166666,31.028773368333336,16.661,121.43846646876332,31.028773463545992,16.719033197596637,-477.1950217329482,-192.42222783810786,-0.45078740613261203,-477.177158847577,-192.4116715839717,-0.3927542085359761,0.06163100401982208,0.02074918391650943,0.2858035655662966,-0.017863208154895848,-0.010556250641965454,-0.058033197596635944,0.02074918391650943,0.06163100401982208,4,35
121066.45300006866,92.63300013542175,121.43846631,31.02877331666667,16.655,121.4384664702328,31.028773402452778,16.719039276946084,-477.19231663207694,-192.42795613630904,-0.45678740613261226,-477.17701855152467,-192.4184450061535,-0.3927481291865291,0.06652465900410308,0.018013918614090015,0.2850491967173564,-0.015298356999605337,-0.009511127007231328,-0.06403927694608313,0.018013918614090015,0.06652465900410308,4,35
121066.5529999733,92.73300004005432,121.43846631166667,31.02877334166667,16.649,121.43846647101584,31.028773414876493,16.71926148781564,-477.19215750906795,-192.42518437918318,-0.4627874061326125,-477.17694379028677,-192.41706758504478,-0.3925259183169736,0.07234655885334873,0.017243778815963694,0.30217849415366854,-0.015213993702505342,-0.008116791451922739,-0.0702614878156389,0.017243778815963694,0.07234655885334873,4,35
121066.65400004387,92.83400011062622,121.43846633833333,31.02877341,16.642,121.43846649094922,31.02877345868249,16.71969815296587,-477.1896115336351,-192.41760824360333,-0.46978740613261394,-477.17504066918696,-192.4122108016881,-0.3920892531667448,0.07923669035287506,0.015538665443653971,0.28415745919894464,-0.014571127747078395,-0.0053974401291842136,-0.07769815296586913,0.015538665443653971,0.07923669035287506,4,35
121066.7539999485,92.93400001525879,121.43846636000002,31.02877348,16.637,121.43846651243048,31.02877350929059,16.719549181632107,-477.1875429248002,-192.40984732336875,-0.47478740613261294,-477.1729897649792,-192.4065998668851,-0.39223822450050605,0.0838851325904945,0.01491134070411742,0.29583605894073656,-0.01455342279192997,-0.003247455409024463,-0.0825491816321069,0.01491134070411742,0.0838851325904945,4,35
121066.85400009155,93.03400015830994,121.43846635,31.02877355166667,16.631,121.43846651913557,31.028773553668596,16.719570332040885,-477.1884976677131,-192.4019016184795,-0.48078740613261317,-477.1723496022937,-192.4016796646112,-0.3922170740917288,0.09003067489280671,0.016149882470833814,0.2934493434181702,-0.0161483572023501,-0.0002219537948603871,-0.08857033204088438,0.016149882470833814,0.09003067489280671,4,35
121066.95399999619,93.1340000629425,121.43846635833333,31.028773651666665,16.644,121.43846650830591,31.028773595786966,16.719603496950437,-477.1877020526678,-192.39081459068126,-0.46778740613261505,-477.1733835544649,-192.39700998902916,-0.39218390918217594,0.07719649270646607,0.01560159399050026,0.29451778653708344,-0.014318756920791188,0.006195396297873794,-0.07560349695043911,0.01560159399050026,0.07719649270646607,4,35
121067.05399990082,93.23399996757507,121.43846635666665,31.028773723333334,16.654,121.43846649282196,31.028773645085902,16.719566428731333,-477.18786117567686,-192.38286888649725,-0.4577874061326135,-477.1748618714008,-192.39154420196942,-0.3922209774012799,0.06740330587926242,0.01562846975466148,0.2843983986098284,-0.012999539150972739,0.008675312601554809,-0.06556642873133356,0.01562846975466148,0.06740330587926242,4,35
121067.15400004387,93.33400011062622,121.43846634333335,31.028773773333334,16.664,121.43846647335634,31.02877369902212,16.719504824436335,-477.1891341621787,-192.3773253722455,-0.4477874061326119,-477.17672033253,-192.3855642775791,-0.3922825816962785,0.05746976411171461,0.014899270161585916,0.2833860733677291,-0.012414053937936239,0.0082389026073825,-0.05550482443633342,0.014899270161585916,0.05746976411171461,4,35
121067.2539999485,93.43400001525879,121.438466325,31.028773821666665,16.672,121.4384664584804,31.02877375761628,16.719544857724724,-477.19088452256614,-192.3719666419432,-0.4397874061326128,-477.1781405992777,-192.37906792659066,-0.3922425484078893,0.04973283779995299,0.014589093857132912,0.28808700083384187,-0.012744153534044773,0.007101282297791535,-0.0475448577247235,0.014589093857132912,0.04973283779995299,4,35
121067.35400009155,93.53400015830994,121.43846631,31.028773890000004,16.68,121.4384664417692,31.02877383602017,16.71894845130099,-477.19231663207694,-192.36439050495284,-0.4317874061326137,-477.1797360879045,-192.37037526459216,-0.3928389548316247,0.04136514225017185,0.013931731214441382,0.29618981781428505,-0.012580771454854298,0.005984757658599355,-0.03894845130098901,0.013931731214441382,0.04136514225017185,4,35
121067.45399999619,93.6340000629425,121.43846628499999,31.028773989999998,16.687,121.43846640387648,31.028773973390827,16.718495509672625,-477.19470348693005,-192.35330347715458,-0.42478740613261223,-477.1833538613354,-192.35514494041124,-0.3932918964599885,0.03352874541887434,0.011498245075895409,0.296024284673938,-0.011349830621850557,0.0018414626470977993,-0.03149550967262371,0.011498245075895409,0.03352874541887434,4,35
121067.55399990082,93.73399996757507,121.43846623333333,31.028774159999998,16.691000000000003,121.4384663365711,31.028774197207948,16.718950542452145,-477.19963631478663,-192.33445552771127,-0.4207874061326109,-477.18977978103766,-192.3303302718288,-0.39283686368046844,0.029923323935490475,0.010685152875802923,0.29515631395317393,-0.009856711781631656,-0.00412525451737504,-0.027950542452142457,0.010685152875802923,0.029923323935490475,4,35
121067.65400004387,93.83400011062622,121.43846621333333,31.028774154999997,16.69,121.43846622060026,31.02877452608045,16.71925180723182,-477.2015457957539,-192.33500987955958,-0.4217874061326121,-477.200851992032,-192.2938680829182,-0.3925355989007926,0.05048560109890817,0.0411476328844145,0.29067882417632646,-0.0006938162512455176,-0.04114178303136675,-0.029251807231819527,0.0411476328844145,0.05048560109890817,4,35
121067.7539999485,93.93400001525879,121.43846598500001,31.028774818333332,16.703,121.43846605504962,31.028774951409154,16.71907500716598,-477.22334571358584,-192.261465921986,-0.408787406132614,-477.2166577906658,-192.24671176756996,-0.39271239896663346,0.02282149670835014,0.016199223951254907,0.27775775334241287,-0.006688043667440468,-0.01475414953581941,-0.016075007165980537,0.016199223951254907,0.02282149670835014,4,35
121067.85400009155,94.03400015830994,121.43846580166668,31.028775313333334,16.711,121.43846585828356,31.028775438717208,16.71963852783436,-477.24084929802683,-192.20658512920104,-0.4007874061326149,-477.235443852824,-192.1926837833657,-0.3921488782982543,0.017236337894815747,0.014915333750179335,0.2798842349709814,-0.005405542768602333,-0.01390134123946498,-0.008638527834360588,0.014915333750179335,0.017236337894815747,5,35
121067.95399999619,94.1340000629425,121.43846556333334,31.028775881666668,16.717,121.43846560494984,31.028775995183437,16.718787308962835,-477.2636039587717,-192.14357384969315,-0.39478740613261465,-477.2596306619483,-192.13098821277373,-0.3930000971697787,0.013318418923059207,0.013197947161641002,0.26708531583639245,-0.003973368515971449,-0.012585632757940883,-0.001787308962835965,0.013197947161641002,0.013318418923059207,5,36
121068.05399990082,94.23399996757507,121.43846520999999,31.02877654,16.718,121.43846528600763,31.02877663694926,16.71890992794304,-477.29733814358104,-192.0705842439679,-0.3937874061326134,-477.29008138177545,-192.05983545157034,-0.39287747818957186,0.013001035423311888,0.012969153912907452,0.2680669895317556,-0.007256892695098291,-0.010748788844726263,-0.0009099279430415663,0.012969153912907452,0.013001035423311888,4,35
121068.15400004387,94.33400011062622,121.43846481166665,31.02877729833333,16.72,121.438464888364,31.02877737224006,16.718965666699077,-477.3353686593522,-191.98650760903388,-0.39178740613261454,-477.3280460493545,-191.9783135489422,-0.39282173943353627,0.011037888043805644,0.010989318772798974,0.26036873164523805,-0.007322742018779496,-0.008194057384262887,0.0010343333009217304,0.010989318772798974,0.011037888043805644,5,35
121068.2539999485,94.43400001525879,121.43846432333333,31.028778115,16.723,121.43846439274012,31.028778197306224,16.71894240932472,-477.3819918419055,-191.89596354080615,-0.3887874061326144,-477.3753652924351,-191.8868382262838,-0.3928449968078951,0.011985328227547117,0.0112775906395787,0.25850094848216676,-0.006626668884839366,-0.009125311508360406,0.0040575906752806645,0.0112775906395787,0.011985328227547117,4,35
121068.35400009155,94.53400015830994,121.438463765,31.028779084999996,16.721,121.4384638116398,31.028779102543332,16.719823348828974,-477.43529821513215,-191.78841936262953,-0.3907874061326133,-477.4308453216275,-191.7864743280006,-0.3919640573036389,0.004999663991200611,0.004859231631300579,0.2679489544300491,-0.0044529737070706675,-0.0019450339870473725,0.0011766511710256111,0.004859231631300579,0.004999663991200611,4,35
121068.45399999619,94.6340000629425,121.43846309166665,31.028780081666664,16.721,121.43846313029084,31.028780082790316,16.72071364420992,-477.499584109994,-191.67791864267232,-0.3907874061326133,-477.49589649948524,-191.67779406307406,-0.3910737619226943,0.003700875646385025,0.0036897806047911422,0.2750278591316921,-0.0036876768900515064,-0.00012457955720316185,0.000286355790080961,0.0036897806047911422,0.003700875646385025,5,37
121068.55399990082,94.73399996757507,121.43846233499998,31.028781095,16.729,121.43846234109688,31.028781120321337,16.720534301010737,-477.57182617717234,-191.56557008463122,-0.3827874061326142,-477.57124408168,-191.56276270069105,-0.3912531051218764,0.008938025851555167,0.002867097268366308,0.28642599347724873,-0.000582105964421082,-0.002807383014919579,0.008465698989262194,0.002867097268366308,0.008938025851555167,5,37
121068.65400004387,94.83400011062622,121.43846146833333,31.028782163333336,16.734,121.4384614293212,31.028782188755446,16.7204559967548,-477.6545703945294,-191.44712366049004,-0.37778740613261164,-477.65829504434254,-191.44430510385226,-0.39133140937781263,0.014326820836358117,0.004670949729026202,0.3256798433512457,0.003724716779138954,-0.0028185557092757084,0.013544003245200997,0.004670949729026202,0.014326820836358117,5,36
121068.7539999485,94.93400001525879,121.43846043666666,31.028783286666666,16.736,121.43846039394779,31.02878328613403,16.72050499355191,-477.7530678407985,-191.3225793716593,-0.37578740613261274,-477.75714638638334,-191.32263842502934,-0.3912824125807042,0.016022916213522254,0.004079046354132206,0.33739875890670445,0.004078618866839483,5.90533506268683e-05,0.01549500644809143,0.004079046354132206,0.016022916213522254,5,35
121068.85400009155,95.03400015830994,121.43845926833335,31.02878444166667,16.738,121.43845922169702,31.02878440511591,16.720758791628494,-477.86461341267915,-191.19452418919963,-0.37378740613261385,-477.8690659733718,-191.19857658205464,-0.3910286145041191,0.018262178179243218,0.006020621707163252,0.35630511764158296,0.004452640643055476,0.00405239152162965,0.017241208371505223,0.006020621707163252,0.018262178179243218,5,35
121068.95399999619,95.1340000629425,121.43845797666667,31.0287856,16.741,121.43845792074616,31.028785556587366,16.7201378813681,-477.9879341236695,-191.06609943954632,-0.37078740613261374,-477.99327308420754,-191.07091261115733,-0.39164952476451376,0.02206581342546032,0.007188332791110534,0.3613468468823863,0.005339056339871175,0.004813170027688237,0.020862118631900017,0.007188332791110534,0.02206581342546032,4,35
121069.05399990082,95.23399996757507,121.43845654500001,31.028786786666668,16.743000000000002,121.43845649029208,31.02878674543048,16.721438110925906,-478.1246212087188,-190.93453336486826,-0.3687874061326113,-478.12984439926316,-190.93910523315185,-0.3903492952067076,0.022651704664283945,0.006941517395664305,0.3689830774040743,0.005223284205110047,0.004571866781409762,0.021561889074096285,0.006941517395664305,0.022651704664283945,4,34
121069.15400004387,95.33400011062622,121.438455,31.02878801333333,16.746000000000002,121.43845492800158,31.028787967557083,16.721593312119534,-478.2721286923942,-190.7985324796351,-0.3657874061326112,-478.2790026766617,-190.8036077053804,-0.39019409401307925,0.025859189195939835,0.008544662227193339,0.36590932946833127,0.006874107442190461,0.00507522407880148,0.02440668788046807,0.008544662227193339,0.025859189195939835,5,33
121069.2539999485,95.43400001525879,121.43845325666668,31.02878922,16.744,121.43845321770532,31.028789204343774,16.721779489042625,-478.43857187002124,-190.66474899897426,-0.3677874061326136,-478.44229167098206,-190.66648480964218,-0.3900079170899886,0.022596494387979348,0.004104930135722217,0.3261355110186772,0.0037198675677481696,0.0017358100983620682,0.022220510957374984,0.004104930135722217,0.022596494387979348,4,36
121069.35400009155,95.53400015830994,121.43845136333333,31.028790483333335,16.748,121.4384513615094,31.028790453371577,16.7209438266169,-478.6193361670495,-190.5246828689691,-0.3637874061326123,-478.6195103054676,-190.5280047379321,-0.3908435795157139,0.027259890857760732,0.003326429232761508,0.32347592574919776,0.0001741415338779169,0.003321867873162472,0.027056173383101623,0.003326429232761508,0.027259890857760732,5,35
121069.4549999237,95.63499999046326,121.43844932833332,31.02879174666667,16.749000000000002,121.4384493225627,31.02879172345587,16.71944320009921,-478.8136259587165,-190.38461673966924,-0.36278740613261107,-478.8141769034906,-190.38719012746037,-0.39234420603340325,0.02967373066791122,0.0026317050321542535,0.3126076770822303,0.0005509546246592476,0.0025733869467751266,0.029556799900792186,0.0026317050321542535,0.02967373066791122,5,35
121069.55500006676,95.7350001335144,121.43844716500001,31.028793033333333,16.747,121.43844714958469,31.028792999166473,16.716816242578115,-479.0201682560912,-190.2419636364877,-0.3647874061326135,-479.02164002124607,-190.2457517261406,-0.3949711635544979,0.03045611590417064,0.0040639615973966335,0.3180572068071356,0.0014717914489486609,0.0037880884092001076,0.030183757421884394,0.0040639615973966335,0.03045611590417064,4,34
121069.65499997139,95.83500003814697,121.43844484833335,31.028794324999996,16.745,121.43844482915418,31.02879428794237,16.714552558732517,-479.241349918885,-190.09875618216304,-0.3667874061326124,-479.2431810335559,-190.10286477209314,-0.39723484740009596,0.030777918716397196,0.004498177494974185,0.304461194455609,0.0018311473595788677,0.004108588580498122,0.030447441267483555,0.004498177494974185,0.030777918716397196,4,34
121069.75500011444,95.93500018119812,121.43844241666666,31.028795604999996,16.742,121.43844237670541,31.02879558622067,16.71212912477008,-479.47351110574334,-189.95684221477927,-0.3697874061326125,-479.4773263703066,-189.95892428386315,-0.3996582813625338,0.030185442829597918,0.00434646658993259,0.29344254767506084,0.003815332619418199,0.0020820683995977905,0.029870875229921268,0.00434646658993259,0.030185442829597918,4,34
121069.85500001907,96.03500008583069,121.43843982166666,31.028796935,16.737000000000002,121.43843980382182,31.028796872698233,16.710548590099076,-479.72126639121683,-189.80938473173322,-0.3747874061326115,-479.7229701117666,-189.81629214659213,-0.40123881603353695,0.027391462202675087,0.007114430114478765,0.2992865364887673,0.001703750917219406,0.006907412588363053,0.026451409900925427,0.007114430114478765,0.027391462202675087,4,34
121069.9549999237,96.13499999046326,121.43843710833335,31.028798208333335,16.728,121.43843710130795,31.02879813332958,16.708136959657754,-479.9803194467728,-189.66820989873668,-0.38378740613261186,-479.9809901892946,-189.6765255869218,-0.4036504464748596,0.021543929718131287,0.008342693573542045,0.2821257363246567,0.000670754468146817,0.00831568545012862,0.01986304034224773,0.008342693573542045,0.021543929718131287,4,33
121070.05500006676,96.2350001335144,121.43843426666666,31.028799446666667,16.72,121.43843426978634,31.02879936976742,16.70589577858511,-480.2516250128949,-189.5309155265627,-0.39178740613261454,-480.25132716315153,-189.53944136823887,-0.4058916275475042,0.016483558711539885,0.008531040152088757,0.2661821647127791,-0.0002978550443826156,0.008525838870696913,0.01410422141488965,0.008531040152088757,0.016483558711539885,5,34
121070.15499997139,96.33500003814697,121.43843131333333,31.02880065833333,16.712,121.43843130247869,31.028800598710664,16.70353834898483,-480.5335918522049,-189.396577695464,-0.39978740613261365,-480.53462818750444,-189.40318807750648,-0.4082490571477848,0.010787524689652963,0.006691124795378217,0.24175026457551033,0.0010363537298573203,0.006610379866084552,0.008461651015171157,0.006691124795378217,0.010787524689652963,5,34
121070.25500011444,96.43500018119812,121.43842822833334,31.028801910000002,16.707,121.43842821741198,31.028801829082543,16.701389707231133,-480.82812944566996,-189.25780505169448,-0.40478740613261266,-480.8291721529833,-189.26677639357987,-0.41039769890148037,0.010632383756271785,0.00903173291169656,0.2366353073040137,0.0010427258432979462,0.008971338930390569,0.0056102927688677084,0.00903173291169656,0.010632383756271785,5,34
121070.35500001907,96.53500008583069,121.43842504999999,31.028803103333335,16.697,121.43842501307354,31.028803072082045,16.6975195117,-481.131577959223,-189.1254998419239,-0.4147874061326142,-481.13510347813667,-189.12896468149862,-0.41426789443261214,0.004970384573038026,0.004943159960739219,0.22883243324693842,0.0035255815176326467,0.0034648384320170597,-0.0005195117000020844,0.004943159960739219,0.004970384573038026,5,34
121070.4549999237,96.63499999046326,121.43842172000001,31.02880433333333,16.688000000000002,121.43842169153113,31.02880432418276,16.69295635293332,-481.44950670546916,-188.98912938879187,-0.423787406132611,-481.4522247471402,-188.9901439151531,-0.4188310531992947,0.0057430575615321465,0.002901254169403014,0.23429376993320222,0.002718089898768148,0.001014526026128916,-0.00495635293331631,0.002901254169403014,0.0057430575615321465,5,33
121070.55500006676,96.7350001335144,121.43841827666665,31.028805600000002,16.69,121.43841824232001,31.028805580174254,16.68883479576754,-481.77825585520003,-188.84869369088784,-0.4217874061326121,-481.7815350713632,-188.85089177773762,-0.4229526103650727,0.004116178259082497,0.003947812376139392,0.23737029369984258,0.0032792743030189047,0.00219808612268929,0.0011652042324605816,0.003947812376139392,0.004116178259082497,5,33
121070.65499997139,96.83500003814697,121.43841469166667,31.028806910000004,16.688000000000002,121.43841466927076,31.02880684834172,16.68546517309535,-482.1205304995696,-188.70345361452985,-0.423787406132611,-482.12266872927586,-188.71028968619237,-0.4263222330372649,0.007597985294758407,0.00716268337306681,0.20752493320933108,0.0021382675872511562,0.006836069399012773,0.0025348269046538974,0.00716268337306681,0.007597985294758407,5,33
121070.75500011444,96.93500018119812,121.438411,31.02880814833333,16.686,121.43841097513483,31.028808135003334,16.683878690592174,-482.47298904809963,-188.56615924235587,-0.42578740613261346,-482.47536302774364,-188.5676371429857,-0.42790871554043974,0.0035100030360768375,0.0027964562770650112,0.24623980449187563,0.0023740216689280657,0.001477900140400664,0.0021213094078262884,0.0027964562770650112,0.0035100030360768375,5,34
121070.85500001907,97.03500008583069,121.43840722166667,31.028809405,16.684,121.43840717625511,31.028809452460933,16.68125436997807,-482.83372201982314,-188.42683224744326,-0.42778740613261235,-482.83805764689487,-188.4215702404578,-0.43053303615454297,0.0073502047920501615,0.006818139501927957,0.3004327741580706,0.004335703761037479,-0.005262005241756783,0.002745630021930623,0.006818139501927957,0.0073502047920501615,5,34
121070.9549999237,97.13499999046326,121.43840334666666,31.028810799999995,16.681,121.43840329770508,31.02881082413064,16.67876679849543,-483.20368415279415,-188.27216819742148,-0.43078740613261246,-483.2083587161021,-188.2694928257939,-0.4330206076371823,0.005830704251716084,0.005386086066056407,0.31862108543273054,0.004674645923643299,-0.002675370740576353,0.0022332015045698483,0.005386086066056407,0.005830704251716084,5,34
121071.05500006676,97.2350001335144,121.43839941166668,31.028812281666667,16.682,121.4383993566465,31.028812266220804,16.677584203050287,-483.5793747310964,-188.1078953876707,-0.4297874061326148,-483.58462773382314,-188.10960787475057,-0.4342032030823262,0.0070729686082671075,0.005525180742061884,0.28175037859518925,0.005253095485349955,0.0017124865121359162,0.0044157969497113925,0.005525180742061884,0.0070729686082671075,5,34
121071.15499997139,97.33500003814697,121.43839534499999,31.028813768333332,16.682,121.4383953042106,31.028813762970774,16.6743775904296,-483.9676360684122,-187.9430682267769,-0.4297874061326148,-483.9715303989059,-187.9436627755115,-0.4374098157030133,0.008580265772862857,0.003939521934709737,0.3238186377935785,0.003894399197665028,0.0005945485373669142,0.007622409570398503,0.003939521934709737,0.008580265772862857,5,35
121071.25500011444,97.43500018119812,121.43839123333333,31.02881530166667,16.682,121.43839115441199,31.02881528898423,16.672362741664998,-484.3601937391191,-187.7730671195302,-0.4297874061326148,-484.3677286831789,-187.77447322489326,-0.43942466446761586,0.012313864650042135,0.007665149339967868,0.3215286840716664,0.007535076869170176,0.0014061048964093782,0.009637258335001064,0.007665149339967868,0.012313864650042135,5,34
121071.35500001907,97.53500008583069,121.43838702,31.028816868333333,16.671,121.43838694133969,31.028816866121474,16.67173599769232,-484.76245794253015,-187.59937033611567,-0.440787406132614,-484.7699679645577,-187.59961556561453,-0.44005140844029356,0.007550115712927876,0.00751415695041695,0.3331181635396212,0.007510154273268288,0.0002452294175041577,-0.000735997692320467,0.00751415695041695,0.007550115712927876,5,33
121071.4549999237,97.63499999046326,121.43838274333332,31.028818516666668,16.663,121.43838268068816,31.02881849342346,16.672068757690113,-485.1707688397197,-187.41661914552574,-0.44878740613261314,-485.1767498310632,-187.4191961266065,-0.43971864844250064,0.011164976902063329,0.006512629513616827,0.34434743585145394,0.0059810965627379925,0.002576980226706583,-0.009068757690112506,0.006512629513616827,0.011164976902063329,4,33
121071.55500006676,97.7350001335144,121.43837843499999,31.028820176666667,16.659,121.43837838882126,31.028820189570467,16.672478916923843,-485.5821030837986,-187.23257446870022,-0.4527874061326145,-485.5865119562346,-187.23114382035797,-0.43930848920876997,0.014253658974543027,0.0046352554107264785,0.38969491406660106,0.004408949920192457,-0.0014306478685910187,-0.013478916923844508,0.0046352554107264785,0.014253658974543027,4,33
121071.65499997139,97.83500003814697,121.43837407000001,31.028821974999996,16.657,121.4383740569252,31.02882197853418,16.675417332290337,-485.99884752476123,-187.03319273535504,-0.45478740613261337,-486.00009582973,-187.0328008996393,-0.43637007384227644,0.01846374782729694,0.0013083788202676923,0.372580385114836,0.0012483268845355092,-0.00039183558627433,-0.01841733229033693,0.0013083788202676923,0.01846374782729694,5,33
121071.75500011444,97.93500018119812,121.43836969666667,31.02882381833333,16.654,121.43836970515403,31.02882380197493,16.672814995542407,-486.41638758319846,-186.82882183890115,-0.4577874061326135,-486.4155772612633,-186.83063549947602,-0.43897241059020686,0.0189195682941348,0.0019864559334779566,0.41334309958523474,-0.0008103361456808505,0.0018136599754785582,-0.01881499554240662,0.0019864559334779566,0.0189195682941348,5,34
121071.85500001907,98.03500008583069,121.43836535500002,31.028825663333336,16.653,121.43836533839736,31.028825661012206,16.668946113157567,-486.8309042947464,-186.6242661577926,-0.4587874061326147,-486.83248942004445,-186.62452350221378,-0.4428412929750465,0.01602677326161712,0.0016059067050470872,0.41974283358504044,0.0015851530645394538,0.00025734433604874835,-0.01594611315756822,0.0016059067050470872,0.01602677326161712,5,35
121071.9549999237,98.13499999046326,121.43836098833332,31.028827595,16.655,121.43836096231092,31.028827589070804,16.665458143912357,-487.24780786357667,-186.41010171977607,-0.45678740613261226,-487.2502923295199,-186.4107590914849,-0.4463292622202566,0.01076929423811264,0.0025700047267474464,0.4519531241915351,0.002484509411944743,0.0006573714912149794,-0.010458143912355666,0.0025700047267474464,0.01076929423811264,5,33
121072.05500006676,98.2350001335144,121.43835659166668,31.028829571666666,16.651,121.43835657825807,31.028829558547315,16.665289938465826,-487.66757565142865,-186.1909481179456,-0.4607874061326136,-487.6688558261839,-186.19240266466124,-0.4464974676667879,0.014420712561792047,0.0019376814580166696,0.42807481894278776,0.0012801971271520593,0.0014545462345258128,-0.014289938465825713,0.0019376814580166696,0.014420712561792047,5,34
121072.15499997139,98.33500003814697,121.438352235,31.028831606666667,16.647,121.43835223003036,31.028831606950376,16.664239448490424,-488.0835244773459,-185.96532708282143,-0.46478740613261493,-488.08399894823646,-185.96529562831358,-0.4475479576421897,0.017246005454134114,0.0004755206304655317,0.4610760306615995,0.0004744791719232407,-3.1454497442695875e-05,-0.017239448490425247,0.0004755206304655317,0.017246005454134114,5,34
121072.25600004196,98.43600010871887,121.43834793666669,31.028833748333334,16.642,121.43834791762224,31.0288337692512,16.661591545884402,-488.4939039760826,-185.7278798841012,-0.46978740613261394,-488.49572222769075,-185.72556071432246,-0.45019586024821123,0.01981195016178527,0.002946981349178644,0.5150167178625692,0.0018182833021760255,-0.0023191690118304505,-0.019591545884402706,0.002946981349178644,0.01981195016178527,5,34
121072.3559999466,98.53600001335144,121.43834372166666,31.028835993333338,16.639,121.43834371826544,31.028835988287067,16.657211919805338,-488.8963273073613,-185.47897608827338,-0.47278740613261405,-488.89665203471105,-185.47953557016857,-0.4545754863272755,0.018223405123706387,0.0006468935821648643,0.5325299864410659,0.0003247330023929516,0.0005594817099807191,-0.01821191980533854,0.0006468935821648643,0.018223405123706387,5,33
121072.45600008965,98.63600015640259,121.43833959500002,31.028838291666663,16.633,121.43833959221664,31.028838271810802,16.652567264531765,-489.29031708514975,-185.22415921241065,-0.4787874061326143,-489.29058282703676,-185.22636063724667,-0.45922014160084856,0.019692504425744523,0.0022174059849001514,0.5302360221920055,0.00026574650630998984,0.002201424106403636,-0.019567264531765716,0.0022174059849001514,0.019692504425744523,5,34
121072.55599999428,98.73600006103516,121.43833560166668,31.028840584999998,16.637999999999998,121.43833560991386,31.02884058543979,16.653341646682648,-489.6715769882033,-184.96989668628052,-0.4737874061326153,-489.67078959628685,-184.9698479261513,-0.45844575944996535,0.015361917459688425,0.0007889138755382108,0.534397053687046,-0.0007874055844283025,-4.876011308275271e-05,-0.015341646682649923,0.0007889138755382108,0.015361917459688425,5,34
121072.65599989891,98.83599996566772,121.43833177666666,31.028842901666668,16.649,121.43833172859597,31.028842881112187,16.658240691953615,-490.03676541875615,-184.71304718697394,-0.4627874061326125,-490.04135492551745,-184.71532606818286,-0.45354671417899795,0.010566361082557051,0.005124216890938521,0.5272268302433918,0.004589586321944575,0.002278880457329632,-0.009240691953614544,0.005124216890938521,0.010566361082557051,4,34
121072.75600004196,98.93600010871887,121.43832780333332,31.028845266666668,16.645,121.43832777744758,31.028845276087925,16.652275732825316,-490.41611583841313,-184.45083895665977,-0.4667874061326138,-490.418587256668,-184.44979441945384,-0.45951167330729703,0.007754705993093266,0.002683128191854484,0.662780983159849,0.002471461033537335,-0.0010445368608291822,-0.007275732825316794,0.002683128191854484,0.007754705993093266,4,34
121072.8559999466,99.03600001335144,121.43832390000001,31.02884780333333,16.63,121.43832385077037,31.02884780495565,16.637743691865335,-490.7887830698261,-184.1695979950686,-0.4817874061326144,-490.79348322564886,-184.1694181281781,-0.4740437142672782,0.009060316995399154,0.004703677322249571,0.5566717775707708,0.0047002370445589844,-0.00017986683073962183,-0.007743691865336189,0.004703677322249571,0.009060316995399154,4,34
121072.95600008965,99.13600015640259,121.43832009333333,31.028850433333332,16.619,121.43832002755066,31.028850426259357,16.622348695015706,-491.1522211424207,-183.87800913865598,-0.4927874061326136,-491.15850168400686,-183.87879343283024,-0.4894387111169074,0.007160687034446088,0.0063294297134156245,0.5490265468161106,0.006280649931060748,0.0007842939120860343,-0.0033486950157062267,0.0063294297134156245,0.007160687034446088,4,33
121073.05599999428,99.23600006103516,121.43831637833334,31.028853123333338,16.61,121.4383163345321,31.028853099593427,16.61261308085647,-491.50690741793625,-183.57976806500017,-0.501787406132614,-491.5110893028646,-183.58240011615368,-0.4991743252761438,0.005589690876166318,0.004941300691988512,0.564877165333474,0.00418195694635192,0.0026320502707024933,-0.0026130808564701624,0.004941300691988512,0.005589690876166318,5,33
121073.15599989891,99.33599996566772,121.43831281833333,31.028855911666664,16.612,121.4383127920915,31.028855852475978,16.62224882799598,-491.8467952123113,-183.27062474820082,-0.4997874061326151,-491.84930062840607,-183.27718723617093,-0.48953857813663504,0.012425056160681609,0.007024496089037836,0.5559201222318941,0.002505459173335581,0.006562485781748897,-0.010248827995980037,0.007024496089037836,0.012425056160681609,5,34
121073.25600004196,99.43600010871887,121.43830928500002,31.028858648333333,16.622999999999998,121.43830927203942,31.028858567887458,16.638255913638307,-492.184137026395,-182.9672097274869,-0.48878740613261584,-492.18537442873384,-182.97612878506874,-0.47353149249430615,0.017715068547024117,0.009004485142760777,0.5295458866805272,0.00123742358299129,0.008919054633897954,-0.015255913638309693,0.009004485142760777,0.017715068547024117,5,35
121073.3559999466,99.53600001335144,121.43830592666667,31.028861246666665,16.619999999999997,121.43830588748081,31.028861200976174,16.63394959865445,-492.5047708759415,-182.67913176470316,-0.49178740613261596,-492.50851211291086,-182.68419748215976,-0.4778378074781635,0.015305231552427807,0.006297524136764404,0.6058429326042878,0.003741301094574129,0.005065715780900926,-0.013949598654452444,0.006297524136764404,0.015305231552427807,5,35
121073.45600008965,99.63600015640259,121.43830273999998,31.028863984999997,16.608999999999998,121.43830270896234,31.02886392818823,16.614250802277983,-492.8090150069693,-182.37553196074504,-0.5027874061326152,-492.8119782995105,-182.3818306977301,-0.4975366038546305,0.00871931126065016,0.006960995927136537,0.6355737794477554,0.0029633432388366677,0.006298734884598055,-0.00525080227798469,0.006960995927136537,0.00871931126065016,5,36
121073.55599999428,99.73600006103516,121.43829961333334,31.0288668,16.592,121.43829962030478,31.028866786172667,16.595796139093235,-493.1075306878072,-182.06343210145985,-0.5197874061326146,-493.10686509779833,-182.06496514198298,-0.5159912670393787,0.004147759500168194,0.0016712979554948425,0.6717842847410901,-0.0006656013743381526,0.001533040008127773,-0.0037961390932359507,0.0016712979554948425,0.004147759500168194,5,33
121073.65599989891,99.83599996566772,121.43829656000001,31.028869763333333,16.573999999999998,121.43829657638881,31.02886974110329,16.587670667082026,-493.39904493681223,-181.73488648336885,-0.5377874061326153,-493.39748023208165,-181.73735113447796,-0.5241167390505872,0.013978913542058734,0.0029193981141162465,0.5226507076333374,-0.0015647313988016815,0.002464650279108504,-0.013670667082028132,0.0029193981141162465,0.013978913542058734,4,35
121073.75600004196,99.93600010871887,121.43829361666667,31.028872779999997,16.57,121.438293619874,31.02887277657262,16.5885629602741,-493.68005703563847,-181.40042778312724,-0.5417874061326131,-493.6797508194384,-181.40080777756074,-0.5232244458585136,0.018569374285684167,0.0004880237945334446,0.5237918069480969,-0.0003062214094597745,0.000379994305772193,-0.018562960274099538,0.0004880237945334446,0.018569374285684167,4,36
121073.8559999466,100.03600001335144,121.43829076499999,31.028875831666664,16.570999999999998,121.43829078353772,31.02887582725101,16.591608158517055,-493.9523173422443,-181.0620886227683,-0.5407874061326154,-493.95054746984175,-181.06257818749884,-0.5201792476155589,0.020689814538397074,0.0018363627553226985,0.5735773132780809,-0.0017699024561905958,0.0004895645664331411,-0.020608158517056552,0.0018363627553226985,0.020689814538397074,4,35
121073.95600008965,100.13600015640259,121.43828804000002,31.028878908333333,16.579,121.43828808513429,31.028878892947198,16.59243749080873,-494.2124842588637,-180.72097770457827,-0.5327874061326128,-494.20817510613705,-180.72268356999052,-0.5193499153238825,0.014214273134984756,0.004634587524390874,0.5853989713865632,-0.004309225761517931,0.001705864841512872,-0.013437490808730246,0.004634587524390874,0.014214273134984756,4,35
121074.05599999428,100.23600006103516,121.438285435,31.028882048333337,16.581,121.43828552461866,31.0288819968197,16.588830257808922,-494.4611942896793,-180.37284500195145,-0.5307874061326139,-494.45263802815833,-180.37855633376037,-0.522957148323691,0.01292843047650081,0.010287437836094917,0.6111326602258286,-0.008556406256905569,0.005711329897519885,-0.00783025780892288,0.010287437836094917,0.01292843047650081,4,36
121074.15599989891,100.33599996566772,121.43828303000001,31.028885203333335,16.58,121.43828311210571,31.02888517702259,16.584197575006428,-494.6908094962463,-180.02304924519012,-0.5317874061326151,-494.68297052963055,-180.02596632496326,-0.5275898311261855,0.009358443087139113,0.00836425854936464,0.6300405092404193,-0.007839098951883642,0.002917078796192563,-0.004197575006429588,0.00836425854936464,0.009358443087139113,4,36
121074.25600004196,100.43600010871887,121.43828078166668,31.028888496666664,16.578,121.43828087977762,31.028888454440914,16.581271108048124,-494.9054670962345,-179.6579164326144,-0.533787406132614,-494.8961000414971,-179.66259801365715,-0.5305162980844891,0.010970961904728415,0.010471955751076041,0.6575828446403278,-0.00936721254542558,0.004681579475061402,-0.0032711080481249155,0.010471955751076041,0.010970961904728415,5,34
121074.3559999466,100.53600001335144,121.43827874166666,31.028891828333332,16.576999999999998,121.43827884192548,31.028891809171228,16.58207918963226,-495.1002342593579,-179.28853359131728,-0.5347874061326152,-495.0906621389785,-179.29065809930273,-0.529708216500353,0.011042656742064129,0.00980520783066707,0.6427302843857806,-0.009572281307988645,0.002124507275418471,-0.005079189632262171,0.00980520783066707,0.011042656742064129,5,35
121074.45600008965,100.63600015640259,121.43827688333334,31.028895165,16.573,121.43827697784904,31.028895200977644,16.58322911677085,-495.2776569586202,-178.91859639887704,-0.538787406132613,-495.26863315695806,-178.9146075469489,-0.5285582893617651,0.014211878402450001,0.009866238280843542,0.6067362549239118,-0.009023953054088579,-0.003988850597852463,-0.010229116770847924,0.009866238280843542,0.014211878402450001,5,35
121074.55599999428,100.73600006103516,121.43827515,31.028898576666666,16.567,121.43827522472718,31.028898613000532,16.58189427084363,-495.44314539819294,-178.5403439350592,-0.5447874061326132,-495.43601088771265,-178.53631558868176,-0.5298931352889831,0.016999112088000874,0.008193320927255695,0.5951273198224145,-0.007134629919889626,-0.004028345035274643,-0.014894270843630153,0.008193320927255695,0.016999112088000874,4,35
121074.65599989891,100.83599996566772,121.43827351166668,31.028902055000003,16.557,121.43827359551996,31.028902068992306,16.577847860487147,-495.59956379466854,-178.15470011820045,-0.5547874061326148,-495.5915579799183,-178.15314878751573,-0.5339395456454668,0.022386047513620357,0.0081548658106973,0.615523038104497,-0.008005948482307606,-0.0015513301676678183,-0.02084786048714804,0.0081548658106973,0.022386047513620357,4,35
121074.75600004196,100.93600010871887,121.438272045,31.028905581666663,16.549999999999997,121.4382721269319,31.028905576679218,16.573925464780093,-495.7395924750545,-177.76369757174461,-0.5617874061326162,-495.73177010045356,-177.7642505314136,-0.5378619413525207,0.025177871499687716,0.007842024503353523,0.6316144346260362,-0.007822504977277012,0.0005529594846581831,-0.023925464780095496,0.007842024503353523,0.025177871499687716,5,35
121074.8559999466,101.03600001335144,121.438270755,31.02890912333333,16.543,121.4382708385662,31.028909130737286,16.570265613008974,-495.8627540630359,-177.37103197044908,-0.5687874061326141,-495.85477565547603,-177.3702110917201,-0.5415217931236391,0.028420847955157497,0.008020657437828448,0.6302338327731498,-0.007978540235946074,-0.0008208784553040526,-0.02726561300897501,0.008020657437828448,0.028420847955157497,5,35
121074.95600008965,101.13600015640259,121.43826966666666,31.028912685,16.544999999999998,121.43826973812347,31.028912715678423,16.567642242675117,-495.96666170861795,-176.97614896317071,-0.5667874061326152,-495.9598394341053,-176.97274763772307,-0.5441451634574967,0.02389110994578676,0.007623252657672694,0.6132034961330959,-0.006822387704635598,-0.0034013243141974574,-0.022642242675118496,0.007623252657672694,0.02389110994578676,5,35
121075.0569999218,101.23699998855591,121.43826871333334,31.028916298333336,16.546,121.43826878668563,31.028916354514756,16.567093378611826,-496.057680346739,-176.57553765769117,-0.565787406132614,-496.05067710508894,-176.5693088075447,-0.5446940275207872,0.023081945042601453,0.0093725965285934,0.6346028758765657,-0.0070033575777622035,-0.006228848073745402,-0.021093378611826807,0.0093725965285934,0.023081945042601453,5,35
121075.15700006485,101.33700013160706,121.438267915,31.02891992666667,16.544999999999998,121.43826796659532,31.028919957579443,16.564773692939962,-496.1339005037197,-176.17326329807713,-0.5667874061326152,-496.1289744875775,-176.16983599021864,-0.5470137131926514,0.020664263848056023,0.0060010722290351785,0.6403169783669707,-0.004926097497430346,-0.0034273067186798042,-0.019773692939963894,0.0060010722290351785,0.020664263848056023,5,35
121075.25699996948,101.43700003623962,121.4382672,31.028923528333333,16.538,121.43826725653643,31.02892355707892,16.56007207951481,-496.2021644859544,-175.7739454802437,-0.5737874061326131,-496.19676671972064,-175.77075844885695,-0.5517153266178028,0.022944949267309778,0.0062684928628265425,0.6574509737873371,-0.005397855173199641,-0.003187030326255018,-0.022072079514810383,0.0062684928628265425,0.022944949267309778,5,36
121075.35700011253,101.53700017929077,121.43826670499999,31.02892716666667,16.544,121.43826675894357,31.028927179779316,16.555006925548323,-496.2494241654025,-175.37056241763827,-0.5677874061326129,-496.24427395057165,-175.36910861426458,-0.5567804805842904,0.012238935318449495,0.005351553765298068,0.6754160541770639,-0.005150299492369427,-0.0014538028895882524,-0.0110069255483225,0.005351553765298068,0.012238935318449495,4,34
121075.45700001717,101.63700008392334,121.43826642999998,31.028930799999998,16.549,121.43826651212706,31.028930819265508,16.549894860346235,-496.27567954206387,-174.96773370688118,-0.5627874061326139,-496.2678385348489,-174.9655977342213,-0.5618925457863782,0.008175974676206257,0.00812685590291232,0.687815170140975,-0.007841135804432912,-0.002135971948116611,-0.0008948603462357596,0.00812685590291232,0.008175974676206257,5,34
121075.5569999218,101.73699998855591,121.43826638333333,31.02893442666667,16.549999999999997,121.43826650951371,31.028934462075085,16.544539089583544,-496.28013499846395,-174.56564413051132,-0.5617874061326162,-496.26808804182605,-174.56171838930265,-0.5672483165490689,0.013797350812555374,0.012670649031056023,0.7078853858676399,-0.012047153734817464,-0.003925739899416998,0.005460910416452691,0.012670649031056023,0.013797350812555374,4,33
121075.65700006485,101.83700013160706,121.43826654333334,31.02893806666667,16.549,121.43826667679491,31.028938103697083,16.53945277465853,-496.2648591434378,-174.1620762846617,-0.5627874061326139,-496.25211702024933,-174.15797071182544,-0.5723346314740851,0.016442999491393516,0.013387409030620412,0.6860699200177692,-0.012742331163883189,-0.004105571466077313,0.009547225341471233,0.013387409030620412,0.016442999491393516,4,33
121075.75699996948,101.93700003623962,121.43826687666666,31.028941718333332,16.546999999999997,121.43826697728238,31.028941757991625,16.534569661614128,-496.2330344444543,-173.75721495187125,-0.5647874061326164,-496.2234282484978,-173.7528180256614,-0.5772177445184852,0.016313438187420534,0.010564797826157709,0.6841150472853054,-0.00960635237355379,-0.004396924741532895,0.012430338385868822,0.010564797826157709,0.016313438187420534,4,33
121075.85700011253,102.03700017929077,121.43826735833333,31.028945364999995,16.541999999999998,121.43826740708245,31.02894541666436,16.53041324190979,-496.1870477515079,-173.35290797092912,-0.5697874061326154,-496.1823934751568,-173.34717992803132,-0.5813741642228223,0.013737773061381223,0.007380612823135752,0.6670442728164125,-0.004654351955469838,-0.005728040984459695,0.011586758090206928,0.007380612823135752,0.013737773061381223,4,33
121075.95700001717,102.13700008392334,121.43826802500001,31.02894900333333,16.537,121.43826801437618,31.028949066505,16.526438821612878,-496.1233983511117,-172.9495249083237,-0.5747874061326144,-496.1244126527986,-172.94252104731433,-0.5853485845197355,0.012713039229197783,0.007076925710965712,0.6671673762730663,0.0010143181239812052,-0.007003858669468624,0.010561178387121117,0.007076925710965712,0.012713039229197783,4,31
121076.0569999218,102.23699998855591,121.43826882333333,31.028952654999998,16.53,121.43826885219688,31.028952697430753,16.523104321907347,-496.04717819656037,-172.54466357553324,-0.5817874061326123,-496.044422476683,-172.53995926543493,-0.5886830842252664,0.008790627546375348,0.005452041480178144,0.6966416348553048,-0.002755764428613395,-0.0047043085268264635,0.006895678092654123,0.005452041480178144,0.008790627546375348,4,31
121076.15700006485,102.33700013160706,121.43826984666666,31.028956275000002,16.522,121.43826991091323,31.028956313758105,16.518975909599728,-495.9494763701951,-172.14331313425592,-0.5897874061326149,-495.94334248695793,-172.13901601263524,-0.5928114965328852,0.0080768868914743,0.007489391103999205,0.710992766002976,-0.006133982167052363,-0.00429712018483845,0.003024090400270296,0.007489391103999205,0.0080768868914743,4,31
121076.25699996948,102.43700003623962,121.43827108166667,31.02895986333333,16.514,121.43827116183992,31.028959915796115,16.515102322688215,-495.83156585608856,-171.74547358731274,-0.597787406132614,-495.82391138879035,-171.7396570232489,-0.5966850834443989,0.00967679003161518,0.009613799977480963,0.6969768070517665,-0.007654590460047251,-0.005816562120012693,-0.001102322688215196,0.009613799977480963,0.00967679003161518,4,31
121076.35700011253,102.53700017929077,121.43827249833333,31.028963433333335,16.503999999999998,121.43827259044475,31.028963487195096,16.509755581453504,-495.6963108829794,-171.34966666028717,-0.6077874061326156,-495.68751662929094,-171.34369499164728,-0.6020318246791092,0.012088378766686616,0.01063024850786344,0.7056268615432265,-0.008794394854093918,-0.005971666642506037,-0.005755581453506409,0.01063024850786344,0.012088378766686616,4,32
121076.45700001717,102.63700008392334,121.43827416333333,31.028966973333333,16.496,121.43827420678505,31.02896703196493,16.50403884458619,-495.5373465086417,-170.95718584294107,-0.6157874061326147,-495.53319799479783,-170.95068534150917,-0.6077485615464226,0.011139579488387327,0.007711498485842417,0.6965662013416813,-0.004148580278627522,-0.0065004992553597514,-0.008038844586192084,0.007711498485842417,0.011139579488387327,4,32
121076.5569999218,102.73699998855591,121.43827603,31.028970488333336,16.497,121.43827602014997,31.028970554585282,16.4999097211358,-495.35912819190486,-170.56747678272083,-0.6147874061326135,-495.3600686141842,-170.56013141038727,-0.6118776849968128,0.007956466425995738,0.007405327872543671,0.6910461998970283,0.0009404373041907529,-0.007345369873380006,-0.0029097211358006803,0.007405327872543671,0.007956466425995738,4,32
121076.65700006485,102.83700013160706,121.43827804333333,31.02897399,16.497,121.43827801685059,31.02897405274588,16.497530979827623,-495.1669070042141,-170.17924599268565,-0.6147874061326135,-495.1694354207769,-170.17228933953257,-0.6142564263049906,0.007420918028509707,0.007401897378950744,0.6938509600892967,0.0025284568650106327,-0.006956650824232771,-0.0005309798276229571,0.007401897378950744,0.007420918028509707,4,33
121076.75699996948,102.93700003623962,121.43828018833334,31.028977471666668,16.494999999999997,121.43828016384411,31.028977518332706,16.49541031502267,-494.96211506236847,-169.79323260863325,-0.616787406132616,-494.9644531493303,-169.78805873210092,-0.6163770911099427,0.005692465493529747,0.005677658406173753,0.6977884056592629,0.0023381241449414694,-0.005173874801349294,-0.0004103150226733021,0.005677658406173753,0.005692465493529747,4,34
121076.85700011253,103.03700017929077,121.43828247833332,31.028980886666666,16.488,121.43828247367661,31.028980935467054,16.491739268460528,-494.7434793774367,-169.41461057762177,-0.6237874061326139,-494.74392397298345,-169.40920006445435,-0.6200481376720859,0.0065919218166795085,0.0054287479787991704,0.7029759212720113,0.00044460260111235303,-0.0054105113570161005,-0.003739268460527967,0.0054287479787991704,0.0065919218166795085,5,33
121076.95700001717,103.13700008392334,121.43828501000002,31.028984248333337,16.483999999999998,121.43828501763747,31.028984284328885,16.487837315425573,-494.5017707808833,-169.04190162735043,-0.6277874061326152,-494.50104160191705,-169.0379107908262,-0.6239500907070408,0.005584216505202569,0.004056905754589997,0.7434894003361043,-0.000729190510091822,-0.00399083518848091,-0.003837315425574417,0.004056905754589997,0.005584216505202569,5,34
121077.0569999218,103.23699998855591,121.43828776833334,31.028987530000002,16.480999999999998,121.43828780179588,31.02898754659707,16.485075622916753,-494.23842139193624,-168.6780623010103,-0.6307874061326153,-494.23522658612995,-168.67622217985968,-0.6267117832158604,0.005495803158217949,0.003686888958770076,0.7574946449190468,-0.0031948562739933777,-0.0018401205348633686,-0.004075622916754895,0.003686888958770076,0.005495803158217949,5,33
121077.15700006485,103.33700013160706,121.43829074666668,31.0289907,16.477999999999998,121.43829081790945,31.028990703661094,16.482189479153753,-493.9540677002026,-168.3266034901145,-0.6337874061326154,-493.9472658608331,-168.326197583796,-0.6295979269788603,0.007998935730010382,0.006814047052456276,0.7604680992863139,-0.006801946589316402,-0.00040590618272579775,-0.004189479153755116,0.006814047052456276,0.007998935730010382,5,35
121077.25699996948,103.43700003623962,121.43829391833333,31.02899380666667,16.474999999999998,121.43829401043224,31.02899378651726,16.479798263091997,-493.65125568354426,-167.98216646365552,-0.6367874061326155,-493.64246262263464,-167.98440043473877,-0.6319891430406166,0.010263250210611903,0.009072539676716002,0.7732526039442302,-0.00879319923141919,0.002233970336006071,-0.004798263091998933,0.009072539676716002,0.010263250210611903,5,35
121077.35700011253,103.53700017929077,121.43829728166665,31.02899686,16.472,121.43829736594323,31.028996843569495,16.47661036137051,-493.3301444649705,-167.64364252005242,-0.6397874061326121,-493.32209823421,-167.64546417472695,-0.6351770447621021,0.009450805132192612,0.008249987010898121,0.7401300355701703,-0.00804635707304118,0.0018216540651583388,-0.004610361370509963,0.008249987010898121,0.009450805132192612,4,35
121077.45700001717,103.63700008392334,121.438300835,31.028999888333335,16.465,121.4383008971499,31.028999889211235,16.47398206151262,-492.9908931650609,-167.30789033286993,-0.6467874061326135,-492.98495945974497,-167.30779299950487,-0.6378053446199949,0.010765540615897863,0.005934596509964446,0.7283868641341669,-0.005933798274163446,-9.733333250791519e-05,-0.0089820615126186,0.005934596509964446,0.010765540615897863,4,35
121077.5569999218,103.73699998855591,121.43830458333332,31.02900285666666,16.458,121.43830463018749,31.029002889048364,16.47194911550591,-492.63302441964703,-166.97879036363588,-0.653787406132615,-492.62855105941844,-166.97520019477358,-0.6398382906267024,0.015082397180151046,0.005735928983393782,0.7030197564710478,-0.004473430167232006,-0.003590167662022966,-0.013949115505912602,0.005735928983393782,0.015082397180151046,5,34
121077.65700006485,103.83700013160706,121.43830853666665,31.029005756666667,16.45,121.43830860688516,31.02900578378709,16.469961608719696,-492.25558348095734,-166.6572665292764,-0.6617874061326141,-492.2488794324451,-166.65425968073575,-0.6418257974129169,0.021270933779659967,0.00734757110754212,0.7153129015303895,-0.006704153121520893,-0.0030068475358071283,-0.01996160871969721,0.00734757110754212,0.021270933779659967,5,35
121077.757999897,103.93799996376038,121.43831274666667,31.029008505,16.445,121.43831289615295,31.029008557161458,16.4692174837721,-491.8536375211351,-166.35255802303215,-0.6667874061326131,-491.8393654538515,-166.34677486704086,-0.642569922360515,0.028698948424387295,0.015399451951735409,0.7354392153717871,-0.014272289568485483,-0.005783154060468038,-0.024217483772098092,0.015399451951735409,0.028698948424387295,5,35
121077.85800004005,104.03800010681152,121.43831718333334,31.029011154999996,16.447,121.4383173721262,31.029011184002034,16.46766187648696,-491.4300507689194,-166.05875176134194,-0.6647874061326142,-491.4120259401395,-166.055536297478,-0.6441255296456525,0.02760718920667923,0.01830966291144992,0.7420719299908608,-0.018025109014124133,-0.0032154627909315894,-0.020661876486961717,0.01830966291144992,0.02760718920667923,5,36
121077.95799994469,104.13800001144409,121.438321805,31.02901375166667,16.445999999999998,121.43832199681601,31.029013765861823,16.465326305113837,-490.9888013092535,-165.77085858109714,-0.6657874061326154,-490.9704878474366,-165.76928476043932,-0.646461101018776,0.026671637990703895,0.018381245979365527,0.7164202075536765,-0.018313746037988844,-0.0015738201326674266,-0.01932630511383948,0.018381245979365527,0.026671637990703895,5,36
121078.05800008774,104.23800015449524,121.43832660333334,31.029016308333333,16.444,121.43832673688313,31.029016350125058,16.462645767029265,-490.530684757183,-165.4874002135232,-0.6677874061326143,-490.5179342116644,-165.48276675294065,-0.6491416391033482,0.02305894661952512,0.013566517279406727,0.6744528843930885,-0.012750743054846445,-0.004633459036370824,-0.018645767029266125,0.013566517279406727,0.02305894661952512,5,36
121078.15799999237,104.33800005912781,121.438331495,31.029018858333334,16.439999999999998,121.43833164243122,31.029018881250426,16.460056391419453,-490.063657289883,-165.2046809803365,-0.6717874061326157,-490.0495814262107,-165.2021401557188,-0.6517310147131603,0.024634339624472718,0.014303560814128204,0.6659098024785495,-0.014076081362879616,-0.0025408237697756614,-0.020056391419455366,0.014303560814128204,0.024634339624472718,4,34
121078.257999897,104.43799996376038,121.438336655,31.02902123333333,16.436,121.43833673158609,31.029021308021072,16.45591315466239,-489.57101093795785,-164.9413640477362,-0.6757874061326135,-489.5636989512223,-164.9330833967697,-0.6558742514702232,0.02277212471908411,0.011046987626192266,0.7096389335338602,-0.007312099629119822,-0.008280648200900145,-0.019913154662390298,0.011046987626192266,0.02277212471908411,4,34
121078.35800004005,104.53800010681152,121.43834192166666,31.029023536666667,16.43,121.4383420039292,31.029023599313433,16.450361762391687,-489.0681806843014,-164.6859928193199,-0.6817874061326137,-489.0603267435746,-164.67904715408685,-0.6614256437409267,0.02290261748360388,0.010484680248093419,0.6765699415171693,-0.007854061793076015,-0.006945662909708753,-0.020361762391686966,0.010484680248093419,0.02290261748360388,5,35
121078.45799994469,104.63800001144409,121.43834731500002,31.029025813333337,16.424,121.43834740429207,31.029025834933385,16.445283513890253,-488.5532570406586,-164.43357813127366,-0.6877874061326139,-488.5447319638658,-164.43118332750868,-0.6665038922423605,0.02305216293896211,0.008855182248144232,0.6591295384511434,-0.008525207998468572,-0.002394802962812651,-0.021283513890253403,0.008855182248144232,0.02305216293896211,5,35
121078.55800008774,104.73800015449524,121.43835282166668,31.029028088333334,16.426,121.43835292019327,31.029028080177742,16.442285478916403,-488.02751300324815,-164.18134822788213,-0.685787406132615,-488.01810626614457,-164.1822524406044,-0.6695019272162099,0.01882880362842419,0.009450239284858632,0.6207826708671174,-0.009406881653443657,0.0009042124192857168,-0.016285478916405083,0.009450239284858632,0.01882880362842419,5,34
121078.65799999237,104.83800005912781,121.43835846166667,31.029030346666666,16.427999999999997,121.43835855288305,31.029030366327007,16.440827425951316,-487.4890390862443,-163.93096616186924,-0.6837874061326161,-487.4803302850759,-163.9287864145491,-0.6709599801812978,0.015656937656955885,0.008977574296949455,0.5865225275195628,-0.008708934783346257,-0.002179746590012057,-0.01282742595131836,0.008977574296949455,0.015656937656955885,5,34
121078.757999897,104.93799996376038,121.43836423166667,31.02903262,16.426,121.43836429631284,31.02903268181201,16.438665042183423,-486.9381535356652,-163.6789210417219,-0.685787406132615,-486.9319815005112,-163.67206792679397,-0.6731223639491901,0.015667278999923845,0.009222816150911962,0.5545355787393438,-0.0061721296971986245,-0.006853112632554739,-0.012665042183424902,0.009222816150911962,0.015667278999923845,5,34
121078.85800004005,105.03800010681152,121.43837012666667,31.02903491833333,16.427,121.43837017790769,31.029035004405646,16.437934063920718,-486.37533372053804,-163.42410416515392,-0.6847874061326138,-486.3704415321859,-163.41456130261886,-0.6738533422118955,0.01531516102315629,0.010723824100704589,0.5430455401659807,-0.004892263171374787,-0.009542859341144167,-0.010934063920718273,0.010723824100704589,0.01531516102315629,5,34
121078.95799994469,105.13800001144409,121.43837615833333,31.02903723333333,16.427999999999997,121.43837620862253,31.02903731551703,16.438867163468778,-485.79946578222854,-163.16743944979677,-0.6837874061326161,-485.79466446613066,-163.15832771924923,-0.6729202426638352,0.014972379911828149,0.010299364949690278,0.5270902644604215,-0.004801389412101398,-0.009111727502524931,-0.010867163468780916,0.010299364949690278,0.014972379911828149,4,34
121079.05800008774,105.23800015449524,121.43838231833334,31.029039548333337,16.43,121.43838237664596,31.02903960901219,16.43861811382398,-485.2113453309237,-162.91077473373437,-0.6817874061326137,-485.20577798603927,-162.90404725135497,-0.6731692923086321,0.012268950606336577,0.008732425957179601,0.5415459070159592,-0.005567429761893641,-0.006727480133304372,-0.008618113823981588,0.008732425957179601,0.012268950606336577,4,34
121079.15799999237,105.33800005912781,121.43838861333333,31.029041861666663,16.427,121.43838867918048,31.02904189393925,16.439024057460554,-484.61033587944553,-162.6542948023267,-0.6847874061326138,-484.6040491820517,-162.65071673146053,-0.6727633486720599,0.014032259537904542,0.007233695454220545,0.521969849437862,-0.006286793088635289,-0.0035780696730358034,-0.012024057460553905,0.007233695454220545,0.014032259537904542,4,35
121079.257999897,105.43799996376038,121.43839505,31.02904416166667,16.424999999999997,121.43839509625292,31.029044192841734,16.437361932836417,-483.9958009284702,-162.399293141104,-0.6867874061326162,-483.9913849722399,-162.39583675263617,-0.6744254732961963,0.013574434017054148,0.005607840531898079,0.5158709627796981,-0.004416023341833655,-0.00345638731562006,-0.012361932836419953,0.005607840531898079,0.013574434017054148,4,35
121079.35800004005,105.53800010681152,121.43840156666666,31.02904648666667,16.43,121.43840160845323,31.029046518948054,16.436971815139216,-483.3736280511963,-162.14151972275545,-0.6817874061326137,-483.36963851460445,-162.13794067651747,-0.674815590993397,0.008793898737340662,0.0053597060243255395,0.47981559026631804,-0.003989597125791412,-0.003579045045968043,-0.0069718151392166305,0.0053597060243255395,0.008793898737340662,5,36
121079.45799994469,105.63800001144409,121.43840818833333,31.029048850000002,16.432,121.43840819603602,31.02904890456367,16.436916216517506,-482.7414303903417,-161.87949627639074,-0.6797874061326148,-482.7406949826894,-161.8734467874648,-0.6748711896151072,0.00782983509160959,0.006094024344781221,0.4548725340146113,-0.0007354187924203159,-0.0060494869133291985,-0.004916216517507621,0.006094024344781221,0.00782983509160959,4,36
121079.55800008774,105.73800015449524,121.43841488166666,31.029051258333332,16.432,121.43841486379216,31.029051327625265,16.434503312082693,-482.1023904206631,-161.61248366832788,-0.6797874061326148,-482.1040969737589,-161.6048012517744,-0.6772840940499201,0.008258236359266993,0.00786968210172139,0.47454153849919706,0.0017065789032045821,-0.007682413997519987,-0.0025033120826947197,0.00786968210172139,0.008258236359266993,4,36
121079.65799999237,105.83800005912781,121.43842168333335,31.02905368,16.433,121.43842163980999,31.0290537661177,16.43218679785473,-481.45300742381494,-161.34399278866945,-0.6787874061326136,-481.45716277609534,-161.33444489482363,-0.6796006082778838,0.010444663129519102,0.010412957800743439,0.44840808832665957,0.004155415012522928,-0.009547890669344864,0.0008132021452702531,0.010412957800743439,0.010444663129519102,4,35
121079.757999897,105.93799996376038,121.43842859166668,31.029056115000003,16.433,121.43842856008496,31.02905618653046,16.43154564030445,-480.79344052280624,-161.074023638826,-0.6787874061326136,-480.79645575831375,-161.06609303633203,-0.6802417658281641,0.008608222548310321,0.008484476019012395,0.4824033346543546,0.0030152809510810797,-0.007930599857718457,0.0014543596955505222,0.008484476019012395,0.008608222548310321,4,36
121079.85800004005,106.03800010681152,121.43843561,31.029058584999998,16.433,121.4384356084859,31.029058616699974,16.431601501154084,-480.1233714716187,-160.8001740295705,-0.6787874061326136,-480.1235160286366,-160.79665944391587,-0.6801859049785293,0.0037853666273685435,0.0035175561803001765,0.47869683573203703,0.00014455919275183267,-0.0035145844877252424,0.0013984988459156966,0.0035175561803001765,0.0037853666273685435,5,35
121079.95799994469,106.13800001144409,121.43844276666665,31.029061061666667,16.429,121.43844279196303,31.02906106259089,16.429924667256692,-479.44009517181075,-160.525585283812,-0.6827874061326149,-479.43768002307826,-160.52548281475802,-0.6818627388759211,0.0025881707941281867,0.0024173577567204343,0.48540669459738583,-0.002415185008218049,-0.00010246901997790867,-0.000924667256693823,0.0024173577567204343,0.0025881707941281867,4,36
121080.05800008774,106.23800015449524,121.43845007333333,31.02906349,16.424999999999997,121.43845010666723,31.029063469057455,16.428050660818933,-478.74249775503085,-160.2563552690611,-0.6867874061326162,-478.739315229259,-160.258677175241,-0.6837367453136807,0.004982624830326373,0.003939545502668587,0.5362390261467623,-0.0031825734928391048,0.0023219054094157647,-0.003050660818935569,0.003939545502668587,0.004982624830326373,5,36
121080.15799999237,106.33800005912781,121.438457495,31.029065863333336,16.424,121.43845752984637,31.02906582748305,16.427754441110988,-478.03392081661576,-159.99322311970496,-0.6877874061326139,-478.03059388930035,-159.99719785166224,-0.6840329650216255,0.006400241281920367,0.005183363812324731,0.5317000255987686,-0.003326977119498794,0.003974730639584157,-0.003754441110988438,0.005183363812324731,0.006400241281920367,5,35
121080.257999897,106.43799996376038,121.43846501166666,31.029068236666664,16.421,121.4384650285601,31.02906818748977,16.427319027817212,-477.3162738375329,-159.73009097175935,-0.690787406132614,-477.3146609527981,-159.73554322844393,-0.6844683783154011,0.008500510028362123,0.005685820801570698,0.5204253600252049,-0.001612908839770012,0.005452254878686965,-0.006319027817212941,0.005685820801570698,0.008500510028362123,4,35
121080.35800004005,106.53800010681152,121.438472585,31.029070583333336,16.416,121.43847260107356,31.029070531396684,16.425524364851515,-476.5932166615662,-159.46991536347858,-0.695787406132613,-476.5916820532443,-159.47567359494604,-0.6862630412810979,0.011235026767976691,0.005959219802321168,0.515910819217484,-0.0015346312189947686,0.005758229560729875,-0.009524364851515088,0.005959219802321168,0.011235026767976691,4,35
121080.45799994469,106.63800001144409,121.43848033499998,31.029072874999997,16.413,121.43848032382469,31.029072844674925,16.42507957391911,-475.85329239562407,-159.2158376220031,-0.6987874061326131,-475.85435934719914,-159.21919977177808,-0.6867078322135036,0.012584060126842872,0.0035273875898128456,0.47986613784066284,0.0010669674686740829,0.0033621486626199165,-0.01207957391910952,0.0035273875898128456,0.012584060126842872,4,35
121080.55800008774,106.73800015449524,121.43848821000002,31.029075178333333,16.41,121.43848820733909,31.02907515044487,16.425893837035805,-475.10143386270465,-158.96046639288156,-0.7017874061326133,-475.10168791244416,-158.9635583949812,-0.6858935690968089,0.016193797256296407,0.0031024206448072187,0.5051021004135986,0.0002540535178762639,0.0030920010781661663,-0.01589383703580438,0.0031024206448072187,0.016193797256296407,4,35
121080.65899991989,106.83899998664856,121.43849622166665,31.029077455,16.413,121.43849631210118,31.029077471544603,16.426959089971543,-474.33652720903217,-158.70805170554058,-0.6987874061326131,-474.32789305492526,-158.70621740065286,-0.6848283161610702,0.016515801404139874,0.008826975880071163,0.5099953553087144,-0.008634282308672223,-0.0018343042826935634,-0.013959089971542937,0.008826975880071163,0.016515801404139874,5,34
121080.75900006294,106.9390001296997,121.43850434666668,31.029079728333333,16.413,121.43850444810009,31.029079751096894,16.42638123578242,-473.5608001518751,-158.45600658539323,-0.6987874061326131,-473.5511158884242,-158.4534827828832,-0.6854061703501948,0.01670972127765186,0.01000786261457152,0.48259777444045854,-0.00968440701338951,-0.002523801678252541,-0.013381235782418344,0.01000786261457152,0.01670972127765186,5,34
121080.85899996758,107.03900003433228,121.438512595,31.029081985,16.414,121.43851267376232,31.029082018972687,16.424431043441757,-472.7732979604668,-158.2058093033298,-0.6977874061326119,-472.7657781994367,-158.20204274167804,-0.6873563626908563,0.013399332983148871,0.008410437391093794,0.48996772715859294,-0.007519872324907878,-0.003766560410585923,-0.010431043441755605,0.008410437391093794,0.013399332983148871,4,35
121080.95900011063,107.13900017738342,121.43852094,31.02908423,16.412,121.4385209815532,31.029084271574696,16.422883877507843,-471.9765666029523,-157.9569055082072,-0.6997874061326144,-471.9725993501893,-157.95229610961792,-0.6889035286247704,0.012467754031502241,0.00608161993093038,0.4838426563832729,-0.003967311385230311,-0.0046093970708663825,-0.01088387750784392,0.00608161993093038,0.012467754031502241,4,35
121081.05900001526,107.23900008201599,121.43852937666666,31.029086473333336,16.412,121.4385293853919,31.029086529105044,16.422572987732238,-471.1710834556467,-157.7081864963288,-0.6997874061326144,-471.1702504223285,-157.70200307114635,-0.6892144184003755,0.012276675298718396,0.006239285760733183,0.48024403133519084,-0.0008330456078126999,-0.006183423147366823,-0.010572987732238914,0.006239285760733183,0.012276675298718396,4,35
121081.15899991989,107.33899998664856,121.43853791000001,31.02908872833333,16.409,121.4385379015045,31.02908880184445,16.42273619122247,-470.35637114223476,-157.45817399892007,-0.7027874061326145,-470.35718224397027,-157.45002380023539,-0.689051214910144,0.015992703012067667,0.00819045788292222,0.4419845039404159,0.0008111136823842481,-0.008150196005383662,-0.013736191222470495,0.00819045788292222,0.015992703012067667,4,35
121081.25900006294,107.4390001296997,121.43854654666666,31.029091010000002,16.407,121.4385465342987,31.029091101789234,16.423268435517233,-469.53179317553895,-157.2052049590255,-0.7047874061326134,-469.53297399740705,-157.19502826065235,-0.6885189706153803,0.019225542833634493,0.010244974527520441,0.43675232603127634,0.001180839232266548,-0.010176695032135082,-0.016268435517233115,0.010244974527520441,0.019225542833634493,5,35
121081.35899996758,107.53900003433228,121.43855528500002,31.029093336666666,16.406,121.4385552676115,31.02909343273905,16.423502199519174,-468.6975086712805,-156.94724675743277,-0.7057874061326146,-468.6991688250378,-156.93659518485373,-0.6882852066134397,0.020555755968431927,0.010780172328155051,0.44934718446063615,0.001660178129837082,-0.01065156908638021,-0.017502199519174866,0.010780172328155051,0.020555755968431927,5,35
121081.45900011063,107.63900017738342,121.43856408166667,31.029095700000003,16.404,121.43856406896185,31.029095787438884,16.423169703037175,-467.8576548495585,-156.68522331106806,-0.7077874061326135,-467.858867830298,-156.67552893724658,-0.6886177030954386,0.021515801220326713,0.009769963542364904,0.4435556898065564,0.0012129985171643357,-0.009694370645714786,-0.019169703037174912,0.009769963542364904,0.021515801220326713,4,35
121081.55900001526,107.73900008201599,121.438572945,31.029098095000002,16.401,121.43857291619875,31.02909819301119,16.42144979671936,-467.01143608561057,-156.4196889731902,-0.7107874061326136,-467.0141858585988,-156.40882244431296,-0.6903376094132518,0.023320313700869767,0.011209051933315114,0.42407905855064143,0.002749813219807966,-0.010866525318606893,-0.020449796719361757,0.011209051933315114,0.023320313700869767,4,35
121081.65899991989,107.83899998664856,121.43858185666667,31.029100558333333,16.4,121.43858181574815,31.02910066227902,16.419978485245455,-466.1606027398241,-156.146578498322,-0.7117874061326148,-466.16450939893787,-156.135054010256,-0.6918089208871585,0.023392649319156186,0.012168655203682238,0.4038785181392163,0.003906716169825944,-0.0115244842936473,-0.019978485245456312,0.012168655203682238,0.023392649319156186,5,35
121081.75900006294,107.9390001296997,121.43859083833334,31.029103078333332,16.402,121.43859078892325,31.029103178797236,16.420055506250883,-465.30308620579353,-155.8671853741095,-0.7097874061326124,-465.3078035901037,-155.8560469125489,-0.6917318998817308,0.021732945368251506,0.012096264233381329,0.4209265507791639,0.004717453082750912,-0.011138457919111796,-0.018055506250881592,0.012096264233381329,0.021732945368251506,4,36
121081.85899996758,108.03900003433228,121.43859986833334,31.02910565666667,16.404,121.43859984759985,31.029105731640264,16.419016534135082,-464.4409550923539,-155.58132481589806,-0.7077874061326135,-464.44293460474165,-155.57301247204649,-0.6927708719975314,0.017277438928423445,0.008544799500006806,0.4360106213139538,0.0019795411931023657,-0.00831234113593321,-0.015016534135082082,0.008544799500006806,0.017277438928423445,4,36
121081.95900011063,108.13900017738342,121.43860898,31.029108254999997,16.405,121.43860897356102,31.029108323934743,16.420645637758227,-463.57102692717734,-155.2932468531143,-0.7067874061326123,-463.571641684403,-155.28560403820939,-0.6911417683743863,0.01742344684234778,0.00766749757133932,0.41203625099133717,0.0006147661549536549,-0.007642812413059598,-0.015645637758225917,0.00766749757133932,0.01742344684234778,4,36
121082.05900001526,108.23900008201599,121.43861813333334,31.02911092333333,16.408,121.43861814311911,31.029110967012787,16.421659753856293,-462.6971206746278,-154.99740796939076,-0.7037874061326121,-462.6961863862924,-154.99256521573196,-0.6901276522763204,0.014522879988198198,0.0049320551230832435,0.408111983820404,-0.0009343018802070107,-0.004842752082625469,-0.013659753856291701,0.0049320551230832435,0.014522879988198198,4,36
121082.15899991989,108.33899998664856,121.43862736666667,31.02911361166667,16.406,121.43862736635327,31.02911364709737,16.420777022196393,-461.81557649335053,-154.6993516796844,-0.7057874061326146,-461.8156064148507,-154.69542346795689,-0.69101038393622,0.015290262183985331,0.003928324408991054,0.4515842029881776,2.9921933089705366e-05,-0.003928210450089848,-0.01477702219639454,0.003928324408991054,0.015290262183985331,4,36
121082.25900006294,108.4390001296997,121.43863668500002,31.02911632833333,16.404,121.43863666258198,31.029116365004427,16.419599906042844,-460.9259170143185,-154.3981540663638,-0.7077874061326135,-460.9280573550732,-154.3940883314375,-0.6921875000897693,0.016262485946134126,0.004594712243725629,0.43590913247310753,0.0021403716628004294,-0.004065733605110291,-0.015599906042844225,0.004594712243725629,0.016262485946134126,4,35
121082.35899996758,108.53900003433228,121.43864605166667,31.029119096666665,16.404,121.4386460373239,31.029119124715745,16.418915956340598,-460.0316429534478,-154.09122815343147,-0.7077874061326135,-460.03301231696304,-154.088118344272,-0.6928714497920154,0.015298100234012993,0.0033979578006916155,0.41619606407619175,0.0013693832502389824,-0.0031098081499098813,-0.014915956340598058,0.0033979578006916155,0.015298100234012993,5,35
121082.45900011063,108.63900017738342,121.43865547666668,31.029121896666666,16.401,121.43865547849879,31.02912191546047,16.416354270250032,-459.13179957025505,-153.780791348986,-0.7107874061326136,-459.13162465203663,-153.77870767473487,-0.6954331358825812,0.01549599650685602,0.0020910028286596507,0.44115912798078516,-0.00017492073415500297,-0.0020836735747773293,-0.015354270250032442,0.0020910028286596507,0.01549599650685602,5,35
121082.55900001526,108.73900008201599,121.43866496333334,31.02912473166667,16.396,121.43866495977485,31.02912475225765,16.413130360830106,-458.226068618722,-153.46647408371803,-0.7157874061326126,-458.2264083614809,-153.46419115573858,-0.6986570453025074,0.017285151066742593,0.002308069589615852,0.43746796758686013,0.00033974763480373274,-0.0022829272382524062,-0.017130360830105218,0.002308069589615852,0.017285151066742593,4,35
121082.65899991989,108.83899998664856,121.43867448666667,31.029127616666663,16.397,121.43867448089709,31.029127627115315,16.409353921050197,-457.3168369488434,-153.14661330490355,-0.7147874061326149,-457.3173877940168,-153.14545486006378,-0.7024334850824161,0.012420338078564791,0.0012827441955825286,0.44416777622120646,0.0005508530623412793,-0.0011584444634983168,-0.012353921050198835,0.0012827441955825286,0.012420338078564791,4,34
121082.75900006294,108.9390001296997,121.43868407666666,31.029130539999997,16.398,121.43868405871781,31.029130544385463,16.404606215312715,-456.40124034159714,-152.8225024980729,-0.7137874061326137,-456.4029539906337,-152.82201628049697,-0.7071811908198988,0.006842160849144345,0.0017813153363778948,0.45701042098262395,0.0017136735249670262,-0.0004862174178720659,-0.00660621531271488,0.0017813153363778948,0.006842160849144345,4,34
121082.85899996758,109.03900003433228,121.43869372666668,31.029133504999997,16.397,121.43869369495387,31.02913351772268,16.40152252422275,-455.47991528173196,-152.49377209603247,-0.7147874061326149,-455.48294303534385,-152.4923615285019,-0.7102648819098647,0.005622319643394475,0.0033402474200479163,0.4738116342377232,0.003027796783593496,-0.001410567071924494,-0.004522524222750235,0.0033402474200479163,0.005622319643394475,5,34
121082.95900011063,109.13900017738342,121.43870342166669,31.029136508333334,16.395,121.43870337884601,31.029136532871107,16.39979125861779,-454.5542938933343,-152.16079166597586,-0.7167874061326138,-454.5583821584874,-152.158071155719,-0.7119961475148244,0.006860883174199944,0.004910759491919631,0.45211020531336693,0.004088323316442657,-0.0027205093728399584,-0.004791258617789396,0.004910759491919631,0.006860883174199944,5,34
121083.05900001526,109.23900008201599,121.43871314666667,31.029139585,16.394,121.43871309291492,31.029139607993088,16.39808009379373,-453.62580828105644,-151.81968074849107,-0.717787406132615,-453.63094018150963,-151.8171314981558,-0.7137073123388831,0.0070344145704322415,0.005730255053927288,0.45823279594286137,0.005131973298051567,-0.0025492495074325204,-0.004080093793731976,0.005730255053927288,0.0070344145704322415,5,34
121083.15899991989,109.33899998664856,121.43872293999999,31.029142661666665,16.388,121.43872286312158,31.029142702396943,16.395071483950804,-452.69079860597276,-151.47856983100627,-0.7237874061326117,-452.6981385027607,-151.47405405330383,-0.7167159221818089,0.011147812836973053,0.008617879424877063,0.4677508404076245,0.007340000733500702,-0.004515776236033909,-0.007071483950802815,0.008617879424877063,0.011147812836973053,5,35
121083.25900006294,109.4390001296997,121.43873276666666,31.029145778333334,16.389,121.4387326948942,31.029145821006548,16.394810134002398,-451.75260646099076,-151.1330241015559,-0.722787406132614,-451.75945887078063,-151.12829290984277,-0.7169772721302152,0.010153751250115866,0.008327124793312426,0.4208038379386379,0.006852506608178374,-0.004731190178831353,-0.005810134002398826,0.008327124793312426,0.010153751250115866,5,35
121083.35899996758,109.53900003433228,121.43874263833335,31.029148939999995,16.387,121.43874256101446,31.029148974128056,16.39383381963403,-450.8101179777591,-150.78248920970205,-0.7247874061326129,-450.81749992789526,-150.77870542212307,-0.7179535864985844,0.010747690638068288,0.008295285604557995,0.4545838524433283,0.0073820541920612106,-0.003783786353199478,-0.006833819634028515,0.008295285604557995,0.010747690638068288,5,35
121083.46000003815,109.64000010490417,121.43875254000001,31.0291521,16.384999999999998,121.43875256129269,31.02915216684692,16.393222004582807,-449.86476527307656,-150.43213910109242,-0.7267874061326154,-449.86273237472733,-150.42472776386015,-0.7185654015498066,0.011254422922416296,0.007685094401299262,0.4766645088676128,-0.0020329269369730118,-0.007411334834279908,-0.00822200458280875,0.007685094401299262,0.011254422922416296,5,35
121083.55999994278,109.74000000953674,121.43876250333332,31.029155273333338,16.384999999999998,121.43876251553216,31.029155334518244,16.393645222630862,-448.913525002483,-150.0803107215925,-0.7267874061326154,-448.91236033049995,-150.07352713382156,-0.718142183501751,0.011050493497830478,0.006882843322957692,0.4862579717815747,-0.001164688322840671,-0.006783585579840641,-0.008645222630864424,0.006882843322957692,0.011050493497830478,4,35
121083.66000008583,109.84000015258789,121.43877250666668,31.029158486666667,16.386,121.43877253351108,31.029158527874085,16.39364474670947,-447.958465762667,-149.72404753224274,-0.7257874061326142,-447.95590281868033,-149.7194788538412,-0.7181426594231439,0.009267352743825855,0.005238480182890885,0.4681725583582237,-0.0025629798580998077,-0.004568676928117725,-0.00764474670947024,0.005238480182890885,0.009267352743825855,4,35
121083.75999999046,109.94000005722046,121.43878260000001,31.029161678333335,16.386,121.43878262286735,31.029161719622003,16.39436089915023,-446.9948138584982,-149.3701865314147,-0.7257874061326142,-446.9926306190043,-149.36560884475244,-0.7174265069823846,0.009778880512914766,0.005071673243176784,0.445972108689744,-0.002183269978372577,-0.004577685188727194,-0.008360899150229528,0.005071673243176784,0.009778880512914766,4,35
121083.8599998951,110.03999996185303,121.43879273166667,31.029164871666662,16.39,121.43879275992572,31.02916492858884,16.395024838326542,-446.0275021129746,-149.0161407473425,-0.7217874061326128,-446.0248041056149,-149.00982976919394,-0.7167625678060716,0.008506283930896495,0.006863517036122983,0.4886497036690072,-0.0026980449416233077,-0.006310976120865242,-0.005024838326541214,0.006863517036122983,0.008506283930896495,4,35
121083.96000003815,110.14000010490417,121.43880289666667,31.029168141666666,16.387999999999998,121.43880294195316,31.029168177822335,16.391621380021444,-445.0570078951234,-148.65359490723796,-0.7237874061326153,-445.0526842104154,-148.64958631795878,-0.7201660261111691,0.006919388695084626,0.005896061961507474,0.4843278309643763,-0.004323744785642082,-0.004008587991122093,-0.0036213800214461855,0.005896061961507474,0.006919388695084626,4,35
121084.05999994278,110.24000000953674,121.43881317333334,31.029171405000003,16.384,121.43881320609573,31.02917142840057,16.38762475162703,-444.07585240408434,-148.29178820222594,-0.7277874061326131,-444.07272444490627,-148.28919377447218,-0.7241626545055837,0.005445573913341733,0.00406392063013244,0.5081771982658726,-0.003128002532936635,-0.0025944269197566627,-0.0036247516270293545,0.00406392063013244,0.005445573913341733,4,35
121084.16000008583,110.34000015258789,121.43882349166667,31.029174649999998,16.381,121.43882350922239,31.02917469135506,16.3830870396368,-443.0907188281017,-147.93201411995253,-0.7307874061326132,-443.0890427115144,-147.92742907251227,-0.7287003664958149,0.005309220794805174,0.004881812266200408,0.5435990255429187,-0.001676139760661535,-0.004585045965435271,-0.002087039636798238,0.004881812266200408,0.005309220794805174,4,35
121084.25999999046,110.44000005722046,121.43883380333334,31.02917795,16.374,121.43883381498418,31.029177994290972,16.3745823218997,-442.1062217417259,-147.56614217157903,-0.7377874061326146,-442.10510938924836,-147.56123161864542,-0.7372050842329116,0.005068527943680176,0.005034965414081125,0.5202005916317297,-0.001112367816712186,-0.004910551350035562,-0.0005823218997029755,0.005034965414081125,0.005068527943680176,5,35
121084.3599998951,110.53999996185303,121.43884417,31.029181293333334,16.362000000000002,121.4388441741194,31.029181332006225,16.366515101623634,-441.1164735839048,-147.1954658440463,-0.7497874061326115,-441.11608028756393,-147.19117816935685,-0.7452723045089797,0.006238988002555054,0.004305674003486978,0.45128832839159155,-0.0003933017501526986,-0.004287673303509772,-0.004515101623631779,0.004305674003486978,0.006238988002555054,4,35
121084.46000003815,110.64000010490417,121.43885460999999,31.029184608333335,16.356,121.43885459367162,31.029184651661332,16.36458365207355,-440.1197239918215,-146.8279308408331,-0.7557874061326117,-440.1212829270007,-146.82312705338532,-0.7472037540590648,0.009959206164565903,0.005050416270825677,0.43428451504296484,0.0015589565657928577,-0.004803785895998289,-0.008583652073546943,0.005050416270825677,0.009959206164565903,5,35
121084.55999994278,110.74000000953674,121.43886500666667,31.029187890000003,16.352,121.43886498757263,31.0291879293021,16.367120668765285,-439.1271116076908,-146.46409151378768,-0.7597874061326131,-439.1289345939749,-146.45973407920613,-0.7446667373673286,0.015841250511229518,0.004723409134309568,0.5014130364494687,0.0018230112313728718,-0.004357433177957802,-0.015120668765284506,0.004723409134309568,0.015841250511229518,5,34
121084.66000008583,110.84000015258789,121.43887539833334,31.029191195,16.351,121.43887539919115,31.029191227949717,16.370929267595834,-438.1349765950166,-146.09766521427113,-0.7607874061326143,-438.1348946965402,-146.0940120700989,-0.7408581385367796,0.02026148731522338,0.0036540609352570196,0.43025135055512576,-8.189959444354041e-05,-0.0036531429995281307,-0.019929267595834688,0.0036540609352570196,0.02026148731522338,5,34
121084.75999999046,110.94000005722046,121.43888598166669,31.029194555000004,16.36,121.43888596921308,31.02919457370579,16.381059375131308,-437.12454237799767,-145.72514104865448,-0.751787406132614,-437.1257313768381,-145.72306713235335,-0.7307280310013056,0.021194625822312248,0.0023905821104188213,0.48316065057451935,0.0011890150317466343,-0.0020739156397826444,-0.0210593751313084,0.0023905821104188213,0.021194625822312248,5,34
121084.8599998951,111.03999996185303,121.43889665999998,31.029197865,16.37,121.43889665652301,31.02919791697428,16.392238405844626,-436.1050381275987,-145.3581603972896,-0.7417874061326124,-436.1053700893584,-145.3523979942209,-0.7195490002879872,0.022975251124058006,0.005771955448829065,0.44596827150118357,0.0003319662692719941,-0.005762401244215224,-0.02223840584462522,0.005771955448829065,0.022975251124058006,5,34
121084.96000003815,111.14000010490417,121.43890728333332,31.029201209999997,16.378999999999998,121.43890730926381,31.029201280627298,16.39415325481628,-435.0907849486451,-144.98729928651267,-0.7327874061326156,-435.08830925970767,-144.97946881725815,-0.7176341513163322,0.01723561845001497,0.008212515560245904,0.4187729778828934,-0.002475722481964803,-0.00783046678171711,-0.015153254816283379,0.008212515560245904,0.01723561845001497,5,35
121085.05999994278,111.24000000953674,121.43891786333333,31.029204610000004,16.383,121.43891788206125,31.029204672012412,16.391469407184374,-434.0806689825028,-144.61034030822518,-0.7287874061326143,-434.0788809511968,-144.6034649748485,-0.7203179989482393,0.011054328546313228,0.007104035582335833,0.4642068588083088,-0.0017880554689485026,-0.006875331206207958,-0.008469407184374944,0.007104035582335833,0.011054328546313228,4,35
121085.16000008583,111.34000015258789,121.43892845166665,31.029208055000005,16.387,121.43892844846476,31.029208089187126,16.39080291946313,-433.0697573964566,-144.22839216823948,-0.7247874061326129,-433.0700630952191,-144.22460183233977,-0.720984486669483,0.0053779445766647576,0.0038026426898441794,0.43673028638989886,0.0003057028826200855,-0.0037903347047699033,-0.003802919463129939,0.0038026426898441794,0.0053779445766647576,4,34
121085.25999999046,111.44000005722046,121.43893911833332,31.029211461666666,16.39,121.43893908319859,31.029211507928984,16.39782324758906,-432.0513670071211,-143.85069405627,-0.7217874061326128,-432.05472146552046,-143.84556493964337,-0.7139641585435541,0.009937993630562103,0.006128663358464044,0.43925444442394806,0.003354503494385511,-0.005129115017967056,-0.007823247589058724,0.006128663358464044,0.009937993630562103,4,35
121085.3599998951,111.53999996185303,121.43894975500001,31.029214903333333,16.399,121.43894977039902,31.02921492043128,16.40624613837613,-431.03584083923647,-143.46911548347794,-0.7127874061326125,-431.03437063368233,-143.46721982960528,-0.7055412677564838,0.0076329276866091466,0.0023989713843646067,0.476688450595766,-0.0014702252680652234,-0.0018956532816268852,-0.007246138376128641,0.0023989713843646067,0.0076329276866091466,5,34
121085.46000003815,111.64000010490417,121.438960425,31.029218316666668,16.41,121.43896047285519,31.029218323,16.41081381631114,-430.0171322038828,-143.09067823571064,-0.7017874061326133,-430.0125632731631,-143.08997605754908,-0.7009735898214728,0.004693723165104138,0.0046226334661486,0.4946835566581903,-0.004568991825116122,-0.000702177943529321,-0.000813816311140414,0.0046226334661486,0.004693723165104138,4,34
121085.55999994278,111.74000000953674,121.43897114,31.029221735000004,16.416,121.43897118681294,31.029221736736755,16.41240316360954,-428.9941272327087,-142.71168663609504,-0.695787406132613,-428.98965781035065,-142.71149408231796,-0.6993842425230739,0.005740259408234193,0.004473627840363784,0.45144518608799566,-0.004469481974454823,-0.0001925537174435869,0.0035968363904608225,0.004473627840363784,0.005740259408234193,4,34
121085.66000008583,111.84000015258789,121.43898189833332,31.02922519666667,16.416,121.43898192721527,31.029225178293363,16.411496579449974,-427.9669850511527,-142.32789065802544,-0.695787406132613,-427.9642275749025,-142.3299277119002,-0.7002908266826395,0.005659881636655295,0.003428332464996181,0.42601343407018044,-0.0027575129318282206,0.002037053244602831,0.0045034205500265045,0.003428332464996181,0.005659881636655295,4,35
121085.75999999046,111.94000005722046,121.438992655,31.029228649999997,16.417,121.43899267746572,31.029228621348,16.411162415943707,-426.9400019926057,-141.94501859970308,-0.6947874061326118,-426.9378570993714,-141.9481952546285,-0.7006249901889063,0.00698349532477113,0.0038329909126941747,0.4610944737621432,-0.0021449216897739113,0.0031766539442522773,0.005837584056294531,0.0038329909126941747,0.00698349532477113,4,35
121085.8599998951,112.03999996185303,121.43900337666668,31.02923207166667,16.415,121.43900338628977,31.02923205536691,16.410516397764894,-425.9163605269661,-141.56565743218857,-0.6967874061326143,-425.9154417714774,-141.5674645909897,-0.7012710083677192,0.004920634502282645,0.002027302370742122,0.4243151022383449,-0.0009187676444923783,0.0018071582437214938,0.004483602235104911,0.002027302370742122,0.004920634502282645,4,35
121085.96000003815,112.14000010490417,121.43901411666666,31.029235529999998,16.414,121.43901410562054,31.029235516146592,16.412710302991417,-424.89096870579766,-141.18223102201785,-0.6977874061326119,-424.89202332389414,-141.18376695339362,-0.699077103141196,0.0022659767859542503,0.001863151207103946,0.4109268801645318,0.0010546320119415222,0.0015359309033680742,0.0012896970085840564,0.001863151207103946,0.0022659767859542503,5,35
121086.05999994278,112.24000000953674,121.43902492333333,31.029238985,16.417,121.43902489814931,31.029238984703436,16.42037749837219,-423.85921194240314,-140.7991741790408,-0.6947874061326118,-423.86161636341416,-140.79920705887508,-0.6914099077604234,0.004146078737277221,0.0024046774506297475,0.4296844803048487,0.0024044526526268597,3.287982425198389e-05,-0.00337749837218837,0.0024046774506297475,0.004146078737277221,5,35
121086.16000008583,112.34000015258789,121.43903574,31.029242428333337,16.422,121.43903572713228,31.029242444142398,16.428046182602646,-422.82650043852504,-140.41741082229927,-0.6897874061326128,-422.8277289715453,-140.41565806710207,-0.6837412235299674,0.006413876049489897,0.002140439654297146,0.448465352993964,0.0012285491445886932,-0.001752754664240856,-0.006046182602645445,0.002140439654297146,0.006413876049489897,4,35
121086.25999999046,112.44000005722046,121.43904656833335,31.02924587,16.424999999999997,121.4390465645629,31.02924588490909,16.43146317117318,-421.7926750662956,-140.0358322502125,-0.6867874061326162,-421.7930350474255,-140.03417927492043,-0.6803242349594321,0.006680905408746273,0.0016917196773509051,0.4506025860531918,0.000359985841901909,-0.0016529747912071811,-0.006463171173184179,0.0016917196773509051,0.006680905408746273,5,34
121086.36100006104,112.54100012779236,121.43905744333333,31.029249311666664,16.426,121.43905753789868,31.02924936404181,16.435394444103363,-420.7543942425246,-139.65425367742046,-0.685787406132615,-420.74536570132796,-139.64844683040164,-0.6763929620292508,0.014265052269046305,0.010734809557108527,0.46808529955669426,-0.009028659052350379,-0.00580684526604594,-0.009394444103364208,0.010734809557108527,0.014265052269046305,5,34
121086.46099996567,112.64100003242493,121.43906837666667,31.02925275,16.429,121.43906846060875,31.029252795828054,16.43965806065115,-419.7105440940022,-139.27304467252728,-0.6827874061326149,-419.7025297986189,-139.2679637031607,-0.6721293454814621,0.014270287097843308,0.009489301186663907,0.4748086966124068,-0.008014399717356051,-0.005080967839070062,-0.010658060651152823,0.009489301186663907,0.014270287097843308,4,34
121086.56100010872,112.74100017547607,121.43907933999999,31.02925618,16.43,121.43907941083386,31.029256224939317,16.442083028304598,-418.6638297215996,-138.89275958667608,-0.6817874061326137,-418.65706692326535,-138.88777715172895,-0.6697043778280154,0.014716006422277212,0.008400075714586197,0.4892479636023159,-0.006762886136076915,-0.004982433453769299,-0.012083028304598287,0.008400075714586197,0.014716006422277212,4,34
121086.66100001335,112.84100008010864,121.43909030166667,31.029259625,16.427,121.43909035994069,31.029259677791853,16.442801356874874,-417.6172744722061,-138.5108114466904,-0.6847874061326138,-417.61171081254673,-138.50495839892375,-0.6689860492577395,0.017745313102370517,0.008075472618616594,0.4450819916649761,-0.005563731692575096,-0.005853046016140809,-0.015801356874874273,0.008075472618616594,0.017745313102370517,4,34
121086.76099991798,112.94099998474121,121.43910128666667,31.029263096666668,16.423,121.43910130600347,31.029263156870748,16.44272757030867,-416.5684914958271,-138.12590676492417,-0.6887874061326151,-416.56664533173733,-138.1192319215931,-0.6690598358239441,0.020907868065152185,0.006925454262808528,0.4591927619548106,-0.001846187925148114,-0.0066748413382858845,-0.019727570308671005,0.006925454262808528,0.020907868065152185,5,34
121086.86100006104,113.04100012779236,121.43911226999998,31.02926658166667,16.419999999999998,121.43911226740684,31.029266640241957,16.441541905976813,-415.51986764245726,-137.73952381367812,-0.6917874061326152,-415.5201152205823,-137.733029554485,-0.6702455001558008,0.022500897469541533,0.006498974828455996,0.4444404784020778,0.0002475813123831249,-0.00649425725658164,-0.02154190597681449,0.006498974828455996,0.022500897469541533,5,32
121086.96099996567,113.14100003242493,121.43912326,31.029270098333335,16.422,121.43912323991545,31.029270162491578,16.440915661710616,-414.47060729219254,-137.34962996950847,-0.6897874061326128,-414.4725248481023,-137.34251672650595,-0.6708717444219978,0.020299693813097333,0.0073671779505504265,0.46011512262731424,0.001917580525923683,-0.0071132408845528804,-0.018915661710614984,0.0073671779505504265,0.020299693813097333,5,32
121087.06100010872,113.24100017547607,121.43913421833334,31.02927364166667,16.423,121.43913421121177,31.029273691843553,16.438698872088565,-413.4243702912464,-136.95677958426347,-0.6887874061326151,-413.4250502164645,-136.95121645890185,-0.673088534044048,0.016669290337682413,0.0056045209883414816,0.46939737623974187,0.0006799339211795154,-0.005563123706299333,-0.01569887208856713,0.0056045209883414816,0.016669290337682413,5,33
121087.16100001335,113.34100008010864,121.43914517666666,31.029277163333337,16.422,121.43914515981693,31.02927721216078,16.436864483917493,-412.3781332903003,-136.56633138895072,-0.6897874061326128,-412.37974200395314,-136.56091787632093,-0.6749229222151207,0.015901163774351516,0.005647488578595676,0.4965371798267604,0.001608734184840383,-0.005413511020390977,-0.014864483917492066,0.005647488578595676,0.015901163774351516,5,33
121087.26099991798,113.44099998474121,121.43915609833333,31.02928070333333,16.419999999999998,121.43915607451243,31.029280741270334,16.436419196621884,-411.33539700527064,-136.17385057160462,-0.6917874061326152,-411.3376712846395,-136.16964448539485,-0.6753682095107294,0.017101276171839645,0.004781592726004885,0.4492616686280681,0.0022743083114350926,-0.004206084961329251,-0.016419196621885845,0.004781592726004885,0.017101276171839645,5,34
121087.36100006104,113.54100012779236,121.439167005,31.02928424,16.421,121.43916698064311,31.02928427308192,16.43751606344984,-410.29409283218104,-135.7817393221574,-0.690787406132614,-410.29641828443306,-135.7780715199024,-0.674271342682772,0.01707749931084062,0.0043428827790483035,0.4735119587284326,0.0023254817603104625,-0.00366780116895909,-0.016516063449842022,0.0043428827790483035,0.01707749931084062,5,33
121087.46099996567,113.64100003242493,121.43917789666666,31.029287795,16.421,121.43917787687913,31.029287807478692,16.438210124854766,-409.2542207710316,-135.38759544997154,-0.690787406132614,-409.2561099674714,-135.38621193402298,-0.6735772812778471,0.017368697886398932,0.0023416380489590573,0.48031226009901834,0.001889220342738627,-0.0013835155398170724,-0.017210124854766917,0.0023416380489590573,0.017368697886398932,5,34
121087.56100010872,113.74100017547607,121.43918876499998,31.029291318333335,16.423,121.43918874345889,31.029291332612218,16.440083341981,-408.2165764392969,-134.99696247070935,-0.6887874061326151,-408.21863305718233,-134.99537936674017,-0.6717040641516121,0.017279368443049118,0.0025953806177015913,0.4769321383197915,0.0020566438316290815,-0.0015831035027954249,-0.01708334198100303,0.0025953806177015913,0.017279368443049118,4,33
121087.66100001335,113.84100008010864,121.43919958666666,31.029294825000004,16.422,121.43919957442635,31.029294850275523,16.44028784145758,-407.1833875639623,-134.60817732882583,-0.6897874061326128,-407.1845561956795,-134.60537502485917,-0.6714995646750346,0.018538170959690084,0.0030362208999313474,0.46534489967475534,0.0011686464176633477,-0.0028023031427136047,-0.018287841457578224,0.0030362208999313474,0.018538170959690084,5,34
121087.76099991798,113.94099998474121,121.43921039833334,31.029298333333333,16.426,121.43921039177646,31.029298367616285,16.44008474080929,-406.15115342911133,-134.21920740440336,-0.685787406132615,-406.1517794412132,-134.21540644379152,-0.6717026653233233,0.014602024439761194,0.003852167451507911,0.480489911541151,0.0006260199535966715,-0.003800959496252989,-0.014084740809291674,0.003852167451507911,0.014602024439761194,5,34
121087.86100006104,114.04100012779236,121.43922118833333,31.029301828333338,16.43,121.4392211878473,31.02930187758978,16.44096603555447,-405.120987900666,-133.83171574946067,-0.6817874061326137,-405.12103430486314,-133.82625467352455,-0.6708213705781425,0.012250690678479493,0.00546127149278063,0.4873495825418507,4.640477743658354e-05,-0.005461074337022838,-0.010966035554471176,0.00546127149278063,0.012250690678479493,5,34
121087.96099996567,114.14100003242493,121.43923193666666,31.029305330000003,16.432,121.43923193470744,31.02930537925694,16.44266658270781,-404.0948004620229,-133.44348495942546,-0.6797874061326148,-404.0949875169479,-133.43802382918446,-0.6691208234248052,0.01198477797756791,0.005464331295689667,0.5138410815428556,0.00018705725750444116,-0.005461128646302743,-0.010666582707809624,0.005464331295689667,0.01198477797756791,5,34
121088.06100010872,114.24100017547607,121.43924268,31.029308835,16.432,121.43924266302776,31.02930888545835,16.44334518053,-403.0690903899777,-133.0548846029019,-0.6797874061326148,-403.0707108006366,-133.04929027128327,-0.6684422256026146,0.012752860278229068,0.0058242874257488945,0.4660343211615204,0.0016204308055898294,-0.005594329988661036,-0.01134518053000022,0.0058242874257488945,0.012752860278229068,5,34
121088.16100001335,114.34100008010864,121.43925342666668,31.029312395,16.435,121.43925340615355,31.029312410145298,16.446131079723322,-402.0430620719144,-132.660186379573,-0.6767874061326147,-402.045020544267,-132.65850721593475,-0.665656326409291,0.011426120677990691,0.002579786413836993,0.42842618276309186,0.0019584966312183793,-0.001679163150656955,-0.011131079723323722,0.002579786413836993,0.011426120677990691,5,34
121088.26099991798,114.44099998474121,121.43926416666666,31.029315913333335,16.442,121.43926414134626,31.02931594013266,16.45004531167739,-401.0176702507459,-132.27010775145388,-0.6697874061326132,-401.0200876927231,-132.26713650292774,-0.6617420944552244,0.008910640990815464,0.003830467710459275,0.46403204239618456,0.002417471857805968,-0.0029712476668206705,-0.008045311677388867,0.003830467710459275,0.008910640990815464,5,33
121088.36100006104,114.54100012779236,121.43927484333332,31.029319406666666,16.441,121.43927484470429,31.02931944882418,16.452968270457745,-399.99832512092667,-131.88280088116588,-0.6707874061326144,-399.99819422863555,-131.87812686542597,-0.658819135674868,0.012849242837936864,0.004675846849342545,0.48402605590177356,-0.00013089390423847325,-0.004674014392825488,-0.0119682704577464,0.004675846849342545,0.012849242837936864,4,33
121088.46099996567,114.64100003242493,121.43928557666668,31.029322911666668,16.441,121.43928556899502,31.02932296458043,16.455194803018365,-398.97356978936506,-131.4942005232318,-0.6707874061326144,-398.97430223329,-131.48833395919513,-0.6565926031142482,0.015376783598580215,0.0059121097002123426,0.45381661348542035,0.0007324529250663776,-0.0058665623511479515,-0.014194803018366287,0.0059121097002123426,0.015376783598580215,4,34
121088.56100010872,114.74100017547607,121.43929636666665,31.029326458333337,16.451999999999998,121.43929634857746,31.029326486437586,16.459988422684475,-397.94340426334907,-131.10098057008793,-0.6597874061326152,-397.9451313123202,-131.0978646442256,-0.6517989834481384,0.008746808369201595,0.0035625496012926753,0.46501357507523483,0.0017270701305972184,-0.0031159249711232625,-0.007988422684476859,0.0035625496012926753,0.008746808369201595,4,34
121088.66100001335,114.84100008010864,121.43930714499999,31.029329955,16.461,121.43930712724504,31.029329978385256,16.462314910017767,-396.9143525983965,-130.7133041326063,-0.6507874061326149,-396.91604773628325,-130.71071140240863,-0.6494724961148464,0.0033652335815988472,0.0030977102356244714,0.4509174603484173,0.001695158594055416,-0.0025927294584843757,-0.0013149100177685114,0.0030977102356244714,0.0033652335815988472,4,33
121088.76099991798,114.94099998474121,121.43931783833335,31.029333459999997,16.465,121.43931784920416,31.029333454805858,16.46253890003671,-395.8934162311988,-130.32470377537746,-0.6467874061326135,-395.8923783508742,-130.3252796509954,-0.6492485060959048,0.0027323739450264705,0.0011869517033760647,0.4453122578983424,-0.0010378929653490948,0.0005758754540924661,0.0024610999632912467,0.0011869517033760647,0.0027323739450264705,4,34
121088.86100006104,115.04100012779236,121.43932858499998,31.029336945,16.471,121.43932856489322,31.029336931965776,16.467247083493945,-394.867387917994,-129.93832082342618,-0.6407874061326133,-394.8693075922401,-129.9397659316737,-0.6445403226386688,0.004456226843462949,0.0024028265395105324,0.45044521429813456,0.0019196975582040188,0.0014451078381912156,0.0037529165060554703,0.0024028265395105324,0.004456226843462949,4,33
121088.96099996567,115.14100003242493,121.43933937499999,31.02934042,16.48,121.43933931103484,31.029340416975014,16.47540475289256,-393.83722238711937,-129.5530465744663,-0.631787406132613,-393.84332940246736,-129.55338195568777,-0.6363826532400552,0.007650184059581103,0.006116291373619555,0.45976244921970627,0.0061070892957785245,0.00033538112707835537,0.004595247107442191,0.006116291373619555,0.007650184059581103,4,33
121089.06100010872,115.24100017547607,121.43935015999999,31.02934389333333,16.486,121.43935008863863,31.029343893029356,16.480578068645265,-392.80753423013056,-129.16795711016113,-0.6257874061326127,-392.8143473923961,-129.16799081162102,-0.6312093374873484,0.00870739779264594,0.006813327872920072,0.662496737027476,0.006813244521969401,3.370145046569567e-05,0.005421931354735676,0.006813327872920072,0.00870739779264594,5,34
121089.16199994087,115.3420000076294,121.43936093333332,31.029347325000003,16.491,121.43936098698957,31.029347381346003,16.48392896185045,-391.7789599366344,-128.78748723965523,-0.6207874061326137,-391.77383715571614,-128.78124014236792,-0.6278584442821646,0.01073635410077612,0.00807896768559251,0.5189065330009683,-0.005122842582433971,-0.006247095544366937,0.007071038149550901,0.00807896768559251,0.01073635410077612,4,35
121089.26200008392,115.44200015068054,121.43937168666668,31.029350785,16.492,121.43937176025649,31.029350820894386,16.484544284416533,-390.75229512410556,-128.40387604553507,-0.6197874061326125,-390.7452692026531,-128.39989642472918,-0.6272431217160808,0.010990442435569854,0.00807478359264218,0.40017212036129707,-0.00702600577331982,-0.003979619698071654,0.007455715583468248,0.00807478359264218,0.010990442435569854,4,35
121089.36199998856,115.54200005531311,121.43938245,31.029354265,16.487000000000002,121.43938251837638,31.029354271009474,16.4831531480044,-389.72467557352235,-128.01804744543213,-0.6247874061326115,-389.7181474003668,-128.01738117336703,-0.628634258128212,0.007606592738307429,0.006562162967377106,0.43727670747473874,-0.006528251266040798,-0.0006662718798300359,0.003846851995600531,0.006562162967377106,0.007606592738307429,4,35
121089.46199989319,115.64199995994568,121.43939324833333,31.029357694999998,16.491,121.43939327295669,31.029357715778826,16.481967062304303,-388.69371442760246,-127.63776235958092,-0.6207874061326137,-388.6913635334514,-127.63545860533202,-0.6298203438283103,0.00961395232314747,0.003291521814817047,0.48972367659895527,-0.002350922194767275,-0.0023037536091273137,0.009032937695696575,0.003291521814817047,0.00961395232314747,4,35
121089.56200003624,115.74200010299683,121.43940398333334,31.029361118333334,16.493000000000002,121.4394039656114,31.02936116852771,16.484232927741658,-387.6687999730318,-127.25821640882224,-0.6187874061326113,-387.6704919601363,-127.25265134400105,-0.6275544783909552,0.01052113937554626,0.005816598471327202,0.43527749598995025,0.0016920072277135081,-0.0055650632806834455,0.008767072258343944,0.005816598471327202,0.01052113937554626,4,35
121089.66199994087,115.8420000076294,121.43941462166667,31.02936454,16.495,121.43941459568927,31.029364610454763,16.48649357691485,-386.6531146845674,-126.87885524201299,-0.6167874061326124,-386.6555948531059,-126.87104390217708,-0.6252938292177639,0.011812180659043926,0.008195631654625125,0.48154065537302115,0.002480197947438123,-0.007811337680565159,0.008506423085151482,0.008195631654625125,0.011812180659043926,4,35
121089.76200008392,115.94200015068054,121.43942526166666,31.02936797666667,16.498,121.43942521547604,31.029368053117253,16.492442861348465,-385.63727027066466,-126.49783102036402,-0.6137874061326123,-385.6416802800059,-126.489354922652,-0.6193445447841484,0.011053263103206928,0.00955472842294953,0.47766344968832336,0.004410061478992968,-0.008476095385719886,0.005557138651536064,0.00955472842294953,0.011053263103206928,5,35
121089.86199998856,116.04200005531311,121.43943589166665,31.029371421666664,16.506,121.43943583703307,31.029371500995158,16.500225645897164,-384.6223805996749,-126.11588288108359,-0.6057874061326132,-384.6275966918493,-126.10708770842088,-0.6115617602354497,0.011743357454136174,0.01022561875832804,0.4391744925720739,0.005216153660705126,-0.0087951702643316,0.005774354102836554,0.01022561875832804,0.011743357454136174,4,35
121089.96199989319,116.14199995994568,121.439446495,31.029374875,16.509,121.4394464563496,31.029374956752243,16.506291518360484,-383.6100369016886,-125.73301082205596,-0.6027874061326131,-383.61372701436056,-125.72394692704437,-0.605495887772129,0.010154175132203494,0.009786286314218722,0.44148387991213556,0.0036901560405583757,-0.009063892553433938,0.0027084816395159805,0.009786286314218722,0.010154175132203494,5,35
121090.06200003624,116.24200010299683,121.43945706833334,31.029378325,16.508000000000003,121.4394570659782,31.029378405735713,16.506974668931196,-382.60055742758254,-125.35050833022196,-0.6037874061326107,-382.6007822821781,-125.34155713826352,-0.6048127372014171,0.009012527874823206,0.008954013340050682,0.44839804248442294,0.00022485723012267958,-0.008951189536584908,0.0010253310688064232,0.008954013340050682,0.009012527874823206,5,35
121090.16199994087,116.3420000076294,121.43946764166667,31.029381763333337,16.511,121.4394676351156,31.029381843689315,16.50601601654955,-381.59107795590575,-124.96929932462353,-0.6007874061326142,-381.5917034117015,-124.96039023445333,-0.6057713895830616,0.010227567643250229,0.008931016115925705,0.43149701617573144,0.0006254631013985412,-0.008909087763161478,0.004983983450447482,0.008931016115925705,0.010227567643250229,5,35
121090.26200008392,116.44200015068054,121.43947815166666,31.029385190000003,16.508000000000003,121.43947814035572,31.02938526313341,16.503275657376612,-380.5876451755783,-124.58938380667122,-0.6037874061326107,-380.58872507767035,-124.58127548479744,-0.6085117487560012,0.009446188490977392,0.008179918323790862,0.44861258141249044,0.001079914666956587,-0.008108319683879118,0.004724342623390498,0.008179918323790862,0.009446188490977392,5,34
121090.36199998856,116.54200005531311,121.43948864999999,31.029388593333337,16.503,121.43948861809575,31.02938866340286,16.4999781652133,-379.5853262587435,-124.21205526189533,-0.6087874061326133,-379.58837228786444,-124.20428663389585,-0.6118092409193139,0.008874770007962569,0.008344462667908467,0.4483091484450856,0.003046064480607059,-0.00776862590141282,0.0030218347867005946,0.008344462667908467,0.008874770007962569,5,34
121090.46199989319,116.64199995994568,121.43949916000001,31.029392008333335,16.5,121.43949910571851,31.02939207036294,16.501178803767722,-378.5818934759868,-123.83343323017861,-0.6117874061326134,-378.5870759541483,-123.82655599048948,-0.6106086023648913,0.00869164427155608,0.008611335658333026,0.4643325545684384,0.005182538138574258,-0.0068772378367118565,-0.0011788037677220586,0.008611335658333026,0.00869164427155608,5,33
121090.56200003624,116.74200010299683,121.43950965999998,31.029395398333335,16.497,121.43950960328489,31.02939546866503,16.501981795784594,-377.5794154410016,-123.45758295629301,-0.6147874061326135,-377.5848302632434,-123.44978526108409,-0.609805610348019,0.010721160554065112,0.009493418477378817,0.45517199358137284,0.00541488471635517,-0.007797693113685659,-0.004981795784594567,0.009493418477378817,0.010721160554065112,5,34
121090.66199994087,116.8420000076294,121.43952013833332,31.02939880166667,16.501,121.43952009534304,31.029398867461502,16.50093123195536,-376.5790060051341,-123.08025441081188,-0.6107874061326122,-376.58311046389923,-123.0729597190251,-0.610856174177254,0.008370435953131444,0.008370153463438506,0.44080248472369793,0.00410450597460569,-0.0072946898293167915,6.876804464184261e-05,0.008370153463438506,0.008370435953131444,5,35
121090.76200008392,116.94200015068054,121.43953061666667,31.029402211666667,16.499000000000002,121.43953058243132,31.029402269815964,16.498888446760397,-375.5785965692666,-122.70218673094348,-0.6127874061326111,-375.5818651597383,-122.6957397021749,-0.6128989593722167,0.007229144517352974,0.007228283774694242,0.473908145490426,0.0032686279497675524,-0.006447027039923627,0.00011155323960565511,0.007228283774694242,0.007229144517352974,5,34
121090.86199998856,117.04200005531311,121.43954110499999,31.029405620000002,16.499000000000002,121.43954107713236,31.02940567743017,16.49643807593363,-374.5772323953448,-122.32430383502452,-0.6127874061326111,-374.57989303301736,-122.31793653567549,-0.6153493301989847,0.007361052156156903,0.006900842986461694,0.5107640843003911,0.0026606680840441073,-0.006367297642669661,0.0025619240663736775,0.006900842986461694,0.007361052156156903,5,34
121090.96199989319,117.14199995994568,121.43955162833332,31.029409045000005,16.494,121.43955157295972,31.029409103923545,16.494253968278173,-373.57252662851556,-121.94457310031639,-0.6177874061326136,-373.5778133740074,-121.93804023036225,-0.6175334378544406,0.008407923743832136,0.008404087207768494,0.5007446464330055,0.005286805729040788,-0.00653286820463719,-0.00025396827817303347,0.008404087207768494,0.008407923743832136,5,34
121091.06200003624,117.24200010299683,121.43956210166668,31.029412465000004,16.493000000000002,121.43956205497967,31.02941252863041,16.490262969968576,-372.5725945616753,-121.5653967174566,-0.6187874061326113,-372.57705196150323,-121.5583419960596,-0.6215244361640373,0.008782326870445282,0.008344934503422862,0.48647041071860425,0.004457450453277135,-0.007054719507039019,0.002737030031426002,0.008344934503422862,0.008782326870445282,5,34
121091.16199994087,117.3420000076294,121.43957258500001,31.02941587666667,16.491,121.4395725339795,31.029415940757954,16.48776908410724,-371.5717077592099,-121.18714425363875,-0.6207874061326137,-371.5765788953805,-121.1800384341822,-0.6240183220253748,0.009201085016785812,0.008615169643136723,0.4814157480433564,0.00487119131947075,-0.007105817553887614,0.0032309158927610326,0.008615169643136723,0.009201085016785812,5,36
121091.26200008392,117.44200015068054,121.439583115,31.029419305,16.487000000000002,121.43958303911994,31.029419354256945,16.48473927557871,-370.56636549548585,-120.807043951737,-0.6247874061326115,-370.5736100768578,-120.80158282008547,-0.6270481305539022,0.009349864262329716,0.009072435550334343,0.47534269391508116,0.007244663130054956,-0.005461130189529703,0.0022607244212906608,0.009072435550334343,0.009349864262329716,5,36
121091.36199998856,117.54200005531311,121.43959363999998,31.029422731666667,16.482,121.43959357445094,31.029422771497845,16.482965463064094,-369.56150060564755,-120.42712843307942,-0.6297874061326141,-369.5677588415413,-120.42271233936701,-0.6288219430685196,0.007720128875902338,0.007659521586392348,0.4787735367067276,0.006258306295438273,-0.004416092531286911,-0.0009654630640945072,0.007659521586392348,0.007720128875902338,5,35
121091.46199989319,117.64199995994568,121.43960416166668,31.02942613333333,16.481,121.43960410120677,31.02942617507005,16.480759383417976,-368.5569539569688,-120.04998467295825,-0.6307874061326117,-368.56272631405096,-120.04535731074184,-0.6310280227146379,0.007402109127519385,0.0073981972936763354,0.5161616191761952,0.005772421810689683,-0.004627360979611803,0.0002406165820261208,0.0073981972936763354,0.007402109127519385,5,35
121091.56200003624,117.74200010299683,121.43961463833332,31.02942949,16.478,121.43961458915878,31.029429550069374,16.47738756839606,-367.556703648969,-119.67783007453522,-0.6337874061326119,-367.56139854539026,-119.67117016574807,-0.6343998377365523,0.008171412300358316,0.008148429696140363,0.47919695674422264,0.004694948899642684,-0.00665990700705994,0.0006124316039404221,0.008148429696140363,0.008171412300358316,5,35
121091.66199994087,117.8420000076294,121.43962514833332,31.029432914999997,16.477,121.43962507711687,31.02943296535561,16.47718289828479,-366.5532708686415,-119.29809934053235,-0.6347874061326131,-366.5600701961305,-119.2925163988308,-0.634604507847822,0.008799690773774162,0.008797789832194591,0.4534190371874327,0.006799403247325067,-0.005582940212086449,-0.00018289828479112202,0.008797789832194591,0.008799690773774162,5,34
121091.76200008392,117.94200015068054,121.43963572333332,31.029436376666663,16.475,121.43963562930031,31.029436417322724,16.477059671011,-365.5436322715264,-118.9143033617575,-0.636787406132612,-365.552609989657,-118.90979581300566,-0.634727735121615,0.010254825337989373,0.010045854768964527,0.459967744511704,0.008977817836705537,-0.0045075475516137675,-0.0020596710109970218,0.010045854768964527,0.010254825337989373,4,34
121091.86199998856,118.04200005531311,121.43964628999998,31.029439838333328,16.476,121.43964621544073,31.02943988774954,16.47608267985331,-364.5347892943152,-118.5305073836879,-0.6357874061326143,-364.5419077715162,-118.52502859449125,-0.6357047262793039,0.00898319489782384,0.008982814403857224,0.4339071573525251,0.007118555999294111,-0.005478787739916437,-8.267985331045224e-05,0.008982814403857224,0.00898319489782384,5,34
121091.96199989319,118.14199995994568,121.439656815,31.029443305000004,16.468,121.43965676367928,31.02944335309898,16.468516329204466,-363.5299243996183,-118.14615705306473,-0.6437874061326134,-363.5348241989196,-118.14082430587851,-0.6432710769281478,0.007260395041289225,0.00724201217260735,0.4722000734653155,0.00489985335658459,-0.005332745764815698,-0.0005163292044656487,0.00724201217260735,0.007260395041289225,4,34
121092.06200003624,118.24200010299683,121.43966733833334,31.029446771666667,16.457,121.43966728989986,31.029446809242522,16.459007303488114,-362.5252186303598,-117.76180672385206,-0.6547874061326127,-362.529842773863,-117.75764067796132,-0.652780102644499,0.006539753030429668,0.006224074421600446,0.4840337203919157,0.004624194343595517,-0.004166044776317238,-0.002007303488113621,0.006224074421600446,0.006539753030429668,5,34
121092.16300010681,118.34300017356873,121.43967790833334,31.02945024,16.445999999999998,121.43967794380654,31.029450291597932,16.449991498638383,-361.51605740470114,-117.37727161068995,-0.6657874061326154,-361.51267063195615,-117.3715509328017,-0.6617959074942306,0.007754268521016078,0.006648053769020864,0.49523335366613075,-0.003386809853063365,-0.0057206763529311306,-0.003991498638384883,0.006648053769020864,0.007754268521016078,5,34
121092.26300001144,118.4430000782013,121.43968847,31.02945368666667,16.438,121.4396885123004,31.029453740883735,16.4436328507212,-360.50769179651707,-116.99513868604957,-0.6737874061326146,-360.5036532029492,-116.98912762451752,-0.6681545554114123,0.00917455409144386,0.007241784001852084,0.5425312625684295,-0.0040386376682997336,-0.0060110599159941235,-0.005632850721202232,0.007241784001852084,0.00917455409144386,5,34
121092.36299991608,118.54299998283386,121.43969901999999,31.029457125,16.429000000000002,121.43969908258042,31.02945717492381,16.43773329663475,-359.50044005182576,-116.6139296811564,-0.6827874061326114,-359.4944652430119,-116.60839461448526,-0.6740541094978632,0.011941797772432334,0.008144695447170853,0.5294512075435601,-0.005974873837219782,-0.0055350651808693425,-0.0087332966347482,0.008144695447170853,0.011941797772432334,5,34
121092.46300005913,118.64300012588501,121.43970955833332,31.029460558333334,16.42,121.43970961627008,31.029460622738725,16.43182732585316,-358.49430217305644,-116.23327502811158,-0.6917874061326117,-358.4887707135663,-116.22613438371909,-0.6799600802794536,0.014881939372415283,0.009032523603482225,0.5060235989035955,-0.005531519484235674,-0.007140642467102288,-0.011827325853158044,0.009032523603482225,0.014881939372415283,4,34
121092.56299996376,118.74300003051758,121.439720075,31.029464016666665,16.42,121.43972011401708,31.029464066182268,16.430277661265826,-357.4902328982634,-115.84984861723562,-0.6917874061326117,-357.48650777716904,-115.84435880838234,-0.6815097448667871,0.012232952762042951,0.006634365997089872,0.4749620180412713,-0.003725161362019802,-0.0054898073746040554,-0.010277661265824634,0.006634365997089872,0.012232952762042951,4,34
121092.66300010681,118.84300017356873,121.43973057,31.029467496666665,16.422,121.43973059287632,31.029467541985035,16.430105284273683,-356.48823222744676,-115.46402001713267,-0.6897874061326128,-356.4860481328446,-115.45899555656517,-0.6816821218589304,0.009783209881932835,0.0054786460404688524,0.5147991142875648,-0.002184118132360739,-0.005024459216735475,-0.0081052842736824,0.0054786460404688524,0.009783209881932835,4,34
121092.76300001144,118.9430000782013,121.43974108166667,31.029470961666668,16.425,121.43974108800685,31.029471009405803,16.433911750062833,-355.4846403241103,-115.07985447116418,-0.6867874061326127,-355.48403499979725,-115.07456161971909,-0.6778756560697801,0.010382676725989045,0.0053273527022337595,0.47807365465238694,-0.0006053308128680898,-0.005292850028197455,-0.008911750062832624,0.0053273527022337595,0.010382676725989045,4,34
121092.86299991608,119.04299998283386,121.43975156166668,31.029474433333334,16.431,121.43975157333028,31.029474490330344,16.43713632209698,-354.48407176523375,-114.6949497901032,-0.6807874061326125,-354.4829581932552,-114.68863051529925,-0.6746510840356343,0.0088784982244883,0.006416641009467487,0.48295187259251826,-0.001113583895904472,-0.006319273118892881,-0.00613632209697812,0.006416641009467487,0.0088784982244883,4,33
121092.96300005913,119.14300012588501,121.43976198333333,31.02947786666667,16.432000000000002,121.43976201351029,31.029477951336762,16.43830692118527,-353.4890725311086,-114.3142951363531,-0.6797874061326112,-353.4861914139823,-114.30490773878094,-0.6734804849473441,0.011670537867418432,0.009819582439069219,0.46224041366031265,-0.002881147856163935,-0.00938739507577041,-0.0063069211852671,0.009819582439069219,0.011670537867418432,4,33
121093.06299996376,119.24300003051758,121.43977239666668,31.029481361666665,16.433,121.43977242645289,31.029481411747962,16.437282692050278,-352.4948689120288,-113.92680348211567,-0.6787874061326136,-352.4920251014282,-113.92125095466638,-0.6745047140823353,0.0075669958742040164,0.006238427314852963,0.44433765277455956,-0.002843840829228436,-0.005552525974789929,-0.004282692050278314,0.006238427314852963,0.0075669958742040164,5,34
121093.16300010681,119.34300017356873,121.43978281333332,31.029484828333338,16.435,121.43978282652009,31.029484861793854,16.438020864845225,-351.50034704936013,-113.54245315219775,-0.6767874061326147,-351.49908805553844,-113.53874337510099,-0.6737665412873888,0.004947035703922779,0.003917593373841271,0.4619178729346402,-0.0012590071590767474,-0.003709776114020701,-0.0030208648452259013,0.003917593373841271,0.004947035703922779,5,34
121093.26300001144,119.4430000782013,121.43979317166668,31.029488258333338,16.436,121.43979318974024,31.029488293032976,16.439455953318294,-350.5113945065843,-113.16216806634655,-0.6757874061326135,-350.50966894919395,-113.15832090710262,-0.6723314528143192,0.005451775027400399,0.004216424742736113,0.4767391972741322,-0.001725575608900822,-0.003847158227721321,-0.0034559533182942914,0.004216424742736113,0.005451775027400399,5,34
121093.36299991608,119.54299998283386,121.439803485,31.029491670000002,16.432000000000002,121.43980350447204,31.029491714664143,16.438610807367237,-349.5267382996288,-112.78391560252871,-0.6797874061326112,-349.5248792238906,-112.7789636763384,-0.6731765987653766,0.0084664378247051,0.005289404067842955,0.47220317412743007,-0.0018590952997919884,-0.004951924884245009,-0.006610807367234628,0.005289404067842955,0.0084664378247051,5,34
121093.46300005913,119.64300012588501,121.439813795,31.029495126666667,16.428,121.43981378103884,31.029495169876395,16.437460420432217,-348.54240033869144,-112.40067397560219,-0.6837874061326126,-348.54373326779415,-112.39588330101685,-0.6743269857003966,0.010687695864897814,0.0049726540344432486,0.4683387719090965,0.0013329430797302205,-0.004790673323496817,-0.009460420432215955,0.0049726540344432486,0.010687695864897814,5,34
121093.56299996376,119.74300003051758,121.439824085,31.02949856,16.426000000000002,121.43982404187001,31.029498605560146,16.43734750686483,-347.55997186115064,-112.02001932255736,-0.6857874061326115,-347.564089656689,-112.01496805583766,-0.6744398992677851,0.01308578574596829,0.006517045077495336,0.4389310310331266,0.004117838569365383,-0.005051265391835301,-0.011347506864826329,0.006517045077495336,0.01308578574596829,5,34
121093.66300010681,119.84300017356873,121.43983432000002,31.02950199333333,16.422,121.43983428517846,31.029502025252025,16.435374111406425,-346.58279445505525,-111.63936466951252,-0.6897874061326128,-346.5861190113888,-111.63582583426599,-0.6764132947261885,0.01422825039333355,0.004855538419572809,0.4396642978497824,0.0033245909553731305,-0.003538834317031357,-0.013374111406424305,0.004855538419572809,0.01422825039333355,5,34
121093.76300001144,119.9430000782013,121.43984453,31.02950543833333,16.426000000000002,121.4398445078686,31.02950545612546,16.43455275298917,-345.60800390624223,-111.2574165288216,-0.6857874061326115,-345.6101168811044,-111.25544391084611,-0.6772346531434437,0.009028042909012244,0.002890670350151938,0.45753439438316995,0.002112996790595516,-0.0019726174581455413,-0.0085527529891678,0.002890670350151938,0.009028042909012244,5,34
121093.86299991608,120.04299998283386,121.43985473333332,31.02950886833333,16.427,121.43985471793847,31.02950888543897,16.431559485689842,-344.6338498494655,-110.8771314429704,-0.6847874061326138,-344.63531965904616,-110.87523493644079,-0.6802279204427713,0.005152283937592471,0.002399399928668503,0.5047956634809582,0.0014698247810513512,-0.0018965060323399357,-0.004559485689842546,0.002399399928668503,0.005152283937592471,5,34
121093.96300005913,120.14300012588501,121.43986495666668,31.029512256666667,16.426000000000002,121.43986492574352,31.02951230645175,16.429526576869183,-343.6577863092921,-110.50146595232899,-0.6857874061326115,-343.660738670052,-110.4959462659248,-0.6822608292634307,0.007184725475994223,0.006259675371068332,0.5014549235077048,0.0029523911858735153,-0.005519684958105474,-0.0035265768691807864,0.006259675371068332,0.007184725475994223,5,34
121094.06299996376,120.24300003051758,121.43987516333333,31.029515678333336,16.424,121.43987512333071,31.029515736747467,16.427351193238575,-342.68331400649714,-110.12210478551974,-0.6877874061326139,-342.6871332210774,-110.11562839403861,-0.6844362128940382,0.008231696081493753,0.0075186650580940356,0.46735511318358136,0.003819253801497286,-0.006476389785640819,-0.0033511932385756893,0.0075186650580940356,0.008231696081493753,5,34
121094.16300010681,120.34300017356873,121.439885335,31.029519113333336,16.421,121.43988530772684,31.029519167314966,16.424363042616527,-341.7121832966097,-109.7412653478202,-0.690787406132614,-341.7147871764736,-109.73528038929811,-0.6874243635160866,0.007342349386478602,0.006526870526718229,0.4613878743861355,0.002603906509802197,-0.005984956955630745,-0.003363042616527423,0.006526870526718229,0.007342349386478602,5,34
121094.26300001144,120.4430000782013,121.43989552500001,31.029522551666666,16.427999999999997,121.43989547379964,31.029522599755055,16.4226032820717,-340.73930222633464,-109.36005634363231,-0.6837874061326161,-340.74419053511906,-109.35472476999544,-0.6891841240609118,0.009024759114736672,0.007233374916415908,0.45069182580856093,0.004888358630614016,-0.005331572242775701,0.005396717928295658,0.007233374916415908,0.009024759114736672,5,34
121094.36299991608,120.54299998283386,121.43990569666667,31.029525996666667,16.433999999999997,121.43990563521245,31.02952603708149,16.42100433092134,-339.7681715164471,-108.97810820294137,-0.6777874061326159,-339.77403880268906,-108.9736274003948,-0.6907830752112751,0.014946261847008676,0.007382636954186998,0.45982141086503336,0.005867345858593019,-0.004480801376202569,0.012995669078659233,0.007382636954186998,0.014946261847008676,5,34
121094.46300005913,120.64300012588501,121.43991588833333,31.029529425000003,16.425,121.43991581927061,31.029529461476084,16.41901273738307,-338.79513132559237,-108.59800790103961,-0.6867874061326127,-338.8017250262745,-108.59396378720852,-0.6927746687495429,0.009781611874486534,0.007735154634459901,0.4598640233529972,0.006593767441817187,-0.004044112775657736,0.005987262616930167,0.007735154634459901,0.009781611874486534,5,34
121094.56299996376,120.74300003051758,121.43992607666665,31.02953288166667,16.426,121.43992602314502,31.029532904153413,16.417449790475942,-337.82240938075563,-108.21476627411309,-0.685787406132615,-337.8275193107577,-108.21227316231646,-0.6943376156566714,0.010268086363846216,0.00568572903594078,0.47212739021557615,0.005109981553821276,-0.0024931111466892893,0.008550209524056385,0.00568572903594078,0.010268086363846216,4,34
121094.66300010681,120.84300017356873,121.43993627500001,31.029536301666667,16.43,121.43993622539851,31.029536318213275,16.41646424123687,-336.84873269300607,-107.83558989125329,-0.6817874061326137,-336.853468350396,-107.83375536420931,-0.6953231648957434,0.014457148917672908,0.0050786208299229705,0.48280839713296086,0.004735704996217355,-0.0018345265664278263,0.013535758763129735,0.0050786208299229705,0.014457148917672908,4,34
121094.76300001144,120.9430000782013,121.43994644499999,31.029539701666668,16.430999999999997,121.4399464053082,31.029539700357365,16.414595558823052,-335.8777611061276,-107.4586309143763,-0.680787406132616,-335.88155064456544,-107.45877607692998,-0.6971918473095613,0.016837091546947933,0.0037923556574308193,0.47421395082487666,0.0037895763980179413,0.0001451625159361274,0.016404441176945284,0.0037923556574308193,0.016837091546947933,4,33
121094.86299991608,121.04299998283386,121.43995665166668,31.029543108333336,16.432,121.43995658947458,31.029543086255284,16.415372302045288,-334.90328880090345,-107.08093280170152,-0.6797874061326148,-334.9092265364028,-107.0833806013754,-0.6964151040873254,0.017824967492993678,0.00642254831458611,0.49247131327650423,0.005937794768996786,0.002447799038823915,0.01662769795471064,0.00642254831458611,0.017824967492993678,4,34
121094.96399998665,121.14400005340576,121.43996691,31.029546501666665,16.433,121.43996692658351,31.02954651416615,16.416158283635596,-333.92388367025194,-106.70471295991705,-0.6787874061326136,-333.9223003742053,-106.70332713848,-0.6956291224970172,0.01697264818461022,0.0021041331468160253,0.5033037441687418,-0.0015833117943601703,-0.0013858210784115986,0.01684171636440368,0.0021041331468160253,0.01697264818461022,4,34
121095.06399989128,121.24399995803833,121.439977195,31.029549854999996,16.436,121.43997719701612,31.02954989479113,16.4175688299898,-332.9419325617383,-106.33292793009817,-0.6757874061326135,-332.9417400749327,-106.32851627527977,-0.6942185761428128,0.01895277731738326,0.0044158510048965555,0.4751939154005987,-0.00019248871343276197,-0.004411653680044131,0.018431170010199338,0.0044158510048965555,0.01895277731738326,5,34
121095.16400003433,121.34400010108948,121.43998744333334,31.029553185,16.429,121.43998745200726,31.029553249011297,16.416316138215993,-331.9634821691412,-105.96372987204522,-0.6827874061326149,-331.9626540356904,-105.95663292120831,-0.69547126791662,0.014557913776884753,0.007145103482768267,0.4666451888957485,-0.0008281416293351463,-0.007096949007934983,0.012683861784005046,0.007145103482768267,0.014557913776884753,5,35
121095.26399993896,121.44400000572205,121.43999768166665,31.029556529999997,16.419999999999998,121.43999768227044,31.0295565956455,16.412390523671046,-330.9859865218863,-105.5928687612683,-0.6917874061326152,-330.9859288749594,-105.58559062541364,-0.6993968824615671,0.010529894939653025,0.0072783622772744985,0.47512009623677526,-5.764749414757092e-05,-0.007278133978271554,0.007609476328951814,0.0072783622772744985,0.010529894939653025,5,35
121095.36400008202,121.5440001487732,121.44000790166668,31.029559913333333,16.415,121.44000791376337,31.029559948643318,16.410611927815825,-330.01024122773106,-105.21775762176996,-0.6967874061326143,-330.0090863068969,-105.21384279372396,-0.7011754783167881,0.005992905515523434,0.004081634357027991,0.45177723907374334,-0.001154932158026029,-0.003914827037664454,0.004388072184173808,0.004081634357027991,0.005992905515523434,5,35
121095.46399998665,121.64400005340576,121.44001813499999,31.02956326,16.412,121.44001813647597,31.029563313873002,16.410343686868146,-329.0332229495033,-104.84671172633836,-0.6997874061326144,-329.0330820315541,-104.84073881150753,-0.7014437192644678,0.006199913280003664,0.005974575423309647,0.45494429242651174,-0.000140919325947191,-0.0059729132952346,0.0016563131318534374,0.005974575423309647,0.006199913280003664,5,35
121095.56399989128,121.74399995803833,121.44002837333333,31.029566616666663,16.406,121.44002836751073,31.029566679213744,16.409427206811234,-328.0557272973898,-104.47455712862059,-0.7057874061326146,-328.05628320519264,-104.46762251619127,-0.7023601993213795,0.007755231194714246,0.006956857362091933,0.4558549997149748,0.0005559132142810672,-0.006934610649104996,-0.003427206811235095,0.006956857362091933,0.007755231194714246,5,35
121095.66400003433,121.84400010108948,121.44003861166667,31.029569969999997,16.402,121.44003860875422,31.029570048106024,16.41009601438923,-327.07823164770565,-104.10277209809647,-0.7097874061326124,-327.07850971092483,-104.09411246051016,-0.7016913917433847,0.011857995377087364,0.008664098647432606,0.4215518131480296,0.00027806591626012477,-0.008659635368689488,-0.00809601438922769,0.008664098647432606,0.011857995377087364,5,35
121095.76399993896,121.94400000572205,121.44004884166667,31.029573336666665,16.406,121.4400488308771,31.02957341186923,16.411097192169592,-326.101531615496,-103.72950879738731,-0.7057874061326146,-326.10256173911444,-103.72117106706793,-0.7006902139630213,0.009826507750055022,0.008401124124075813,0.4392593577692833,0.0010301335738998572,-0.008337728189864006,-0.0050971921695932565,0.008401124124075813,0.009826507750055022,4,35
121095.86400008202,122.0440001487732,121.44005904333332,31.029576663333334,16.408,121.4400590198443,31.02957675443841,16.411018632492873,-325.12753668172826,-103.36068030723324,-0.7037874061326121,-325.1297792759363,-103.35057946147629,-0.7007687736397408,0.010778149226955044,0.01034680427144018,0.4444794968624566,0.002242615802899099,-0.010100843182233848,-0.003018632492871376,0.01034680427144018,0.010778149226955044,4,34
121095.96399998665,122.14400005340576,121.44006926333334,31.02958001833333,16.411,121.44006921996336,31.029580088160984,16.411224625132544,-324.1517913900023,-102.98871049346492,-0.700787406132612,-324.15593209855433,-102.98096868149125,-0.7005627810000696,0.008782475443698602,0.008779602409505755,0.4492108689299004,0.004140748280541028,-0.007741810004527092,-0.0002246251325423998,0.008779602409505755,0.008782475443698602,4,34
121096.06399989128,122.24399995803833,121.440079475,31.02958340833333,16.415,121.44007943435818,31.029583465140888,16.413892359196623,-323.1768417157509,-102.61286021887406,-0.6967874061326143,-323.1807219563931,-102.60656194876984,-0.6978950469359901,0.007480080859292333,0.007397617286143447,0.43372724130318135,0.0038802777363142623,-0.006298268508194312,0.0011076408033758867,0.007397617286143447,0.007480080859292333,5,34
121096.16400003433,122.34400010108948,121.44008963333333,31.029586791666663,16.418,121.44008962968276,31.029586834550223,16.41734269793842,-322.2069839923652,-102.23774908008099,-0.6937874061326141,-322.2073325291347,-102.23299456760081,-0.6944447081941938,0.004812369864178755,0.004767269418597924,0.44354476095121703,0.00034854008939310993,-0.00475451128041409,0.0006573020615796565,0.004767269418597924,0.004812369864178755,5,35
121096.26399993896,122.44400000572205,121.44009975833333,31.02959011833333,16.417,121.4400997611391,31.02959017616453,16.419146384482378,-321.2403087413071,-101.86892059063219,-0.6947874061326118,-321.24004086407876,-101.86250882899631,-0.6926410216502354,0.006766785980864858,0.006417353517194074,0.4535737904883359,-0.00026787977059416427,-0.00641176002304746,-0.0021463844823763623,0.006417353517194074,0.006766785980864858,5,34
121096.36400008202,122.5440001487732,121.44010988666666,31.029593466666665,16.419999999999998,121.44010987802248,31.029593522178413,16.42363250372811,-320.2733152418016,-101.49768991125113,-0.6917874061326152,-320.27414053784787,-101.49153530784832,-0.6881549024045022,0.0071941180044998105,0.006209690050873145,0.42496335981505506,0.0008253038504307367,-0.006154601862214738,-0.003632503728113079,0.006209690050873145,0.0071941180044998105,5,34
121096.46399998665,122.64400005340576,121.44012004333332,31.029596828333336,16.427,121.44012001783815,31.029596861845285,16.431378769670687,-319.30361664385424,-101.12498096168504,-0.6847874061326138,-319.3060507725883,-101.1212654818719,-0.6804086364619266,0.0062372671546845415,0.004441832699458265,0.4403641989709544,0.00243415166974317,-0.0037154788895461697,-0.004378769670687177,0.004441832699458265,0.0062372671546845415,5,34
121096.56399989128,122.74399995803833,121.44013019666666,31.029600128333332,16.429,121.44013016906936,31.029600178486064,16.437813540262205,-318.3342362919249,-100.75910901331154,-0.6827874061326149,-318.33687111844716,-100.75354856581465,-0.6739738658704084,0.010748929909818935,0.006153129468219021,0.45191738876482723,0.0026348512602864466,-0.005560446123184021,-0.008813540262206487,0.006153129468219021,0.010748929909818935,5,34
121096.66400003433,122.84400010108948,121.44014029,31.02960344,16.436,121.44014027707611,31.02960347929585,16.441419101058038,-317.3705843853268,-100.39194357799721,-0.6757874061326135,-317.37181828220787,-100.38758683597901,-0.6703683050745752,0.007061896200859708,0.004528103540610107,0.4539294564393633,0.0012339084240749467,-0.004356740946565755,-0.005419101058038223,0.004528103540610107,0.007061896200859708,5,34
121096.76399993896,122.94400000572205,121.44015031833332,31.029606783333332,16.442999999999998,121.4401503103709,31.02960680001781,16.441805469831316,-316.41313829551643,-100.02126725046448,-0.6687874061326156,-316.4138985013073,-100.01941743765809,-0.6699819363012978,0.0023295131852927716,0.0019999323379956972,0.4609760789991449,0.0007602128762980802,-0.0018498123524486301,0.0011945301686822063,0.0019999323379956972,0.0023295131852927716,4,34
121096.86400008202,123.0440001487732,121.44016034166667,31.029610118333334,16.448,121.44016029813156,31.029610139495155,16.44440669583815,-315.4561695771624,-99.65151484197371,-0.663787406132613,-315.46032605177237,-99.64916862484449,-0.6673807102944629,0.005974376031054776,0.004772979589404725,0.43451706550525976,0.004156513206386767,-0.0023462165556500745,0.003593304161849886,0.004772979589404725,0.005974376031054776,4,34
121096.96399998665,123.14400005340576,121.44017032166667,31.02961342833333,16.454,121.44017026587095,31.02961347061714,16.44898195473954,-314.5033380667611,-99.28453419060881,-0.6577874061326128,-314.5086651140868,-99.27984617267612,-0.6628054513930728,0.008691158609599901,0.007096158097252151,0.4440979578068998,0.005327096610259081,-0.004688016792436165,0.005018045260460013,0.007096158097252151,0.008691158609599901,4,34
121097.06399989128,123.24399995803833,121.44018030833334,31.029616733333334,16.456,121.44018023930415,31.029616786808372,16.45547440276509,-313.54987006675293,-98.91810789038699,-0.6557874061326139,-313.55646056563774,-98.91217909790863,-0.6563130033675222,0.00888044436059542,0.008864876738471198,0.46187509985580977,0.0065905596369429595,-0.005928791045414405,0.0005255972349083038,0.008864876738471198,0.00888044436059542,5,33
121097.16400003433,123.34400010108948,121.44019027,31.02962005833333,16.459,121.4401902276113,31.0296200960504,16.46101160305177,-312.5987889167392,-98.54946418559288,-0.6527874061326138,-312.6028359399251,-98.54528248297403,-0.6507758030808439,0.006157261789790242,0.00581939222858549,0.45892179640736197,0.004047060355606044,-0.004181701613960886,-0.002011603051769839,0.00581939222858549,0.006157261789790242,5,34
121097.26399993896,123.44400000572205,121.44020021666665,31.029623349999998,16.462,121.44020021951592,31.02962336432326,16.466789765475568,-311.6491398786655,-98.1845161555561,-0.6497874061326137,-311.64886784978955,-98.18292813170696,-0.6449976406570457,0.005053481266930859,0.0016111547424993678,0.47019942196673775,-0.0002720313653236301,-0.0015880234697756724,-0.004789765475567975,0.0016111547424993678,0.005053481266930859,5,34
121097.36400008202,123.5440001487732,121.44021014500001,31.02962659,16.467,121.44021018168748,31.02962660345147,16.471909762385874,-310.70124119855006,-97.82529642442576,-0.6447874061326146,-310.69773849547875,-97.82380505618872,-0.6398776437467397,0.006212817186630809,0.003807010731366922,0.44936711484411346,-0.0035027350095529672,-0.0014913678827153537,-0.004909762385874927,0.003807010731366922,0.006212817186630809,5,34
121097.46399998665,123.64400005340576,121.44022007999999,31.02962987,16.47,121.44022011074809,31.029629866636586,16.476662393434868,-309.75270602639847,-97.46164188132981,-0.6417874061326145,-309.7497703791176,-97.46201478439389,-0.6351250126977455,0.007290042829432674,0.002959263113340247,0.43322897364747903,-0.0029356739506462616,0.0003729029759510971,-0.006662393434869074,0.002959263113340247,0.007290042829432674,5,34
121097.56399989128,123.74399995803833,121.44023004666666,31.029633126666667,16.474,121.44023003983327,31.029633132346174,16.484679398863943,-308.80114750735754,-97.10057431211555,-0.6377874061326132,-308.80179991849667,-97.09994462389992,-0.6271080072686708,0.010717822314180184,0.0009067276675848852,0.4575962627544626,0.0006524170447296295,-0.0006296880679433133,-0.010679398863942424,0.0009067276675848852,0.010717822314180184,5,34
121097.66400003433,123.84400010108948,121.44024001166666,31.029636340000003,16.477,121.44023997979455,31.029636381262335,16.492836649832366,-307.84974810889634,-96.74431112135528,-0.6347874061326131,-307.85279106983063,-96.73973635516649,-0.6189507563002472,0.01676268869036692,0.0054943838796702995,0.4684270505807526,0.003042988379570615,-0.004574765123913911,-0.01583664983236588,0.0054943838796702995,0.01676268869036692,5,34
121097.76399993896,123.94400000572205,121.44024989833333,31.029639608333333,16.481,121.4402498958537,31.02963962824793,16.50095791143533,-306.9058275161539,-96.38195006590544,-0.6307874061326117,-306.90606425723973,-96.37974212871686,-0.6108294946972848,0.020081067217306178,0.0022205926518866553,0.45576268592385977,0.00023674321330056046,-0.002207936678568734,-0.01995791143532699,0.0022205926518866553,0.020081067217306178,5,34
121097.86500000954,124.04500007629395,121.44025977833334,31.029642864999996,16.494,121.44025988757697,31.02964288770011,16.509603678566915,-305.962543417877,-96.02088249669119,-0.6177874061326136,-305.95211348061645,-96.01836572912995,-0.6021837275656985,0.018936589983950588,0.01072938280613806,0.48084718649881597,-0.010430030649329299,-0.0025167669845860712,-0.015603678566915136,0.01072938280613806,0.018936589983950588,5,34
121097.96499991417,124.14499998092651,121.44026969833334,31.029646046666667,16.508000000000003,121.44026978108357,31.029646066202027,16.518305110443826,-305.01544035523614,-95.66813019885457,-0.6037874061326107,-305.0075398524087,-95.66596430773882,-0.5934822956887871,0.013164552486872715,0.008192077936654614,0.48227344373800984,-0.00790057331635906,-0.00216589062352154,-0.01030511044382365,0.008192077936654614,0.013164552486872715,4,34
121098.06500005722,124.24500012397766,121.44027960833334,31.029649231666667,16.52,121.44027966441348,31.02964924083701,16.530498648091793,-304.0692920355083,-95.31500833311905,-0.5917874061326138,-304.0639378336378,-95.31399161481586,-0.5812887580408201,0.011828918582249241,0.005449926886680064,0.44591925848024855,-0.0053542494737339776,-0.0010167180745800134,-0.010498648091793683,0.005449926886680064,0.011828918582249241,5,34
121098.16499996185,124.34500002861023,121.44028951,31.02965240333333,16.533,121.44028955279437,31.029652401308837,16.542472072949664,-303.1239393308257,-94.96336473897908,-0.5787874061326121,-303.1198535775531,-94.96358919510286,-0.5693153331829492,0.010318150129490729,0.004091950162327721,0.45538641691947274,-0.004085789471068131,0.0002244560738377631,-0.009472072949662902,0.004091950162327721,0.010318150129490729,5,34
121098.2650001049,124.44500017166138,121.44029942166665,31.029655493333333,16.545,121.44029945621833,31.02965550802921,16.55413606134904,-302.17763188808874,-94.62077555060401,-0.5667874061326117,-302.17433309917845,-94.61914621415038,-0.5576513447835723,0.0098490889687596,0.003679257607334626,0.44180731434168635,-0.0032988180354335357,-0.0016293360949258275,-0.009136061349039437,0.003679257607334626,0.0098490889687596,5,34
121098.36500000954,124.54500007629395,121.44030933,31.029658565,16.553,121.44030936252405,31.029658591939093,16.5634739589198,-301.23164268894067,-94.28021898426229,-0.5587874061326126,-301.22853748487273,-94.27723223910161,-0.5483134472128128,0.01132549867293894,0.004308492165141898,0.4766954452433858,-0.0031052313883713173,-0.002986744508953296,-0.010473958919799742,0.004308492165141898,0.01132549867293894,5,34
121098.46499991417,124.64499998092651,121.44031922666666,31.029661626666666,16.563000000000002,121.44031925258214,31.029661655206667,16.572271787037543,-300.28676735814383,-93.94077112091198,-0.548787406132611,-300.28429310005504,-93.93760688275928,-0.5395156190950701,0.01010447891108423,0.004016772235892102,0.4720015000470131,-0.0024742797821719923,-0.003164237468106424,-0.009271787037540946,0.004016772235892102,0.01010447891108423,5,34
121098.56500005722,124.74500012397766,121.440329085,31.02966465833333,16.57,121.44032910321063,31.029664690814734,16.579816345787048,-299.34555186384324,-93.60464936653587,-0.5417874061326131,-299.343813219896,-93.60104814416458,-0.5319710603455654,0.010599640428232355,0.003998966441085556,0.4667321957404793,-0.0017386591379695828,-0.0036012215981362965,-0.009816345787047709,0.003998966441085556,0.010599640428232355,5,34
121098.66499996185,124.84500002861023,121.4403389,31.02966767166667,16.580000000000002,121.44033891308686,31.029667707013303,16.587138708534265,-298.40847358235396,-93.2705602327826,-0.5317874061326116,-298.4072241259042,-93.26664134174511,-0.524648697598348,0.008238933702933191,0.004113255283125625,0.44915989699423053,-0.0012494673284931905,-0.003918890202492149,-0.0071387085342635714,0.004113255283125625,0.008238933702933191,4,33
121098.7650001049,124.94500017166138,121.44034870499999,31.029670666666668,16.592,121.44034869545715,31.029670711004567,16.595304209299204,-297.4723500413483,-92.9385037224732,-0.5197874061326146,-297.47326113730225,-92.93358796685115,-0.5164831968334092,0.005992708274086453,0.004999475309004753,0.4457270537290423,0.0009111038592690746,-0.004915754583273372,-0.003304209299205496,0.004999475309004753,0.005992708274086453,4,33
121098.86500000954,125.04500007629395,121.440358465,31.029673648333333,16.601,121.44035845131589,31.029673704055348,16.604239643480643,-296.5405228337337,-92.60792548234885,-0.5107874061326143,-296.5418293127842,-92.60174756664208,-0.5075477626519707,0.007097100351655229,0.00631455014389686,0.4699152046271169,0.0013064903473269762,-0.006177914412820017,-0.0032396434806436503,0.00631455014389686,0.007097100351655229,4,34
121098.96499991417,125.14499998092651,121.44036817833333,31.02967664333333,16.609,121.4403681796542,31.02967668721756,16.61317439274715,-295.6131510873778,-92.2758689713342,-0.5027874061326116,-295.61302497834834,-92.27100351471437,-0.49861301338546227,0.006412029075143858,0.004867089690260181,0.4792217735475976,-0.0001261101161232428,-0.004865455609873378,-0.004174392747149369,0.004867089690260181,0.006412029075143858,4,34
121099.06500005722,125.24500012397766,121.440377845,31.029679665000003,16.617,121.44037787392755,31.02967968532454,16.620964452070208,-294.6902347949927,-91.94085591924423,-0.4947874061326125,-294.6874729654643,-91.9386025324076,-0.4908229540624056,0.005331272240574299,0.0035644892321551915,0.4489588076490683,-0.0027618532440172178,-0.002253386372698184,-0.003964452070206903,0.0035644892321551915,0.005331272240574299,5,34
121099.16499996185,125.34500002861023,121.440387525,31.029682646666668,16.625,121.44038753810472,31.029682685137697,16.628346593751065,-293.7660455185351,-91.61027767911987,-0.4867874061326134,-293.76479435672746,-91.60601238508853,-0.48344081238154857,0.0055639777259576745,0.004445015005631247,0.45264766430354464,-0.0012511725135150643,-0.004265293160113541,-0.0033465937510648303,0.004445015005631247,0.0055639777259576745,4,34
121099.2650001049,125.44500017166138,121.44039715833333,31.02968562833333,16.633000000000003,121.44039714189113,31.02968567346235,16.63522868383553,-292.84631169847773,-91.27969943970078,-0.4787874061326107,-292.8478815022769,-91.27469597184361,-0.47655872229708507,0.005697897689392416,0.005243949507770844,0.4423178440240755,0.0015698171842634554,-0.005003466842904151,-0.0022286838355256577,0.005243949507770844,0.005697897689392416,5,34
121099.36500000954,125.54500007629395,121.44040670000001,31.029688615,16.646,121.44040667947773,31.02968863992688,16.64289175102898,-291.93532966821147,-90.94856684702283,-0.4657874061326126,-291.9372890151066,-90.94580319683793,-0.4688956551036334,0.004597616386148191,0.003387752170440822,0.4499103705390848,0.0019593635433275947,-0.0027636496292774222,0.0031082489710207994,0.003387752170440822,0.004597616386148191,4,35
121099.46499991417,125.64499998092651,121.44041620499999,31.029691566666664,16.655,121.44041617692189,31.02969159060143,16.650039337362582,-291.0278483587203,-90.62131471587267,-0.45678740613261226,-291.03052909143616,-90.6186610612554,-0.4617480687700315,0.006231894046777201,0.0037720458120189863,0.4429096661216001,0.0026807554139323003,-0.0026536540879780537,0.004960662637419233,0.0037720458120189863,0.006231894046777201,4,36
121099.56500005722,125.74500012397766,121.44042572666667,31.029694503333335,16.666,121.44042567828912,31.02969453381369,16.6589300504452,-290.1187758118506,-90.29572563815174,-0.44578740613261303,-290.1233946157859,-90.29234627232316,-0.4528573556874136,0.009096043392713686,0.0057230952023101704,0.4471802709463934,0.004618842907558072,-0.003379365160796653,0.007069949554800559,0.0057230952023101704,0.009096043392713686,4,35
121099.66499996185,125.84500002861023,121.44043518333335,31.029697456666668,16.676000000000002,121.44043515566351,31.02969746690008,16.66794705648789,-289.21590908176853,-89.96828872234688,-0.43578740613261147,-289.21855083418154,-89.96715414132284,-0.44384034964472363,0.008550797973343023,0.0028751081321678547,0.4473575507396355,0.0026417746261629452,-0.001134580801979022,0.008052943512112165,0.0028751081321678547,0.008550797973343023,4,36
121099.7650001049,125.94500017166138,121.44044457833334,31.029700390000002,16.681,121.44044455255077,31.029700403451606,16.674362606987597,-288.318929922456,-89.64306921252484,-0.43078740613261246,-288.32139148996123,-89.64157782947738,-0.43742479914501686,0.0072345438456251285,0.0028781311042337257,0.42602805710923647,0.002461588130271916,-0.0014913827577325877,0.006637393012404402,0.0028781311042337257,0.0072345438456251285,4,35
121099.86500000954,126.04500007629395,121.44045389833333,31.02970334,16.686,121.44045387957811,31.029703332702812,16.678498831151035,-287.4291113204148,-89.31600186461887,-0.42578740613261346,-287.43090195834327,-89.31681090629718,-0.433288574981578,0.007754258186032423,0.0019649391631738687,0.4447350177179567,0.0017906528783110094,0.0008090415220314224,0.007501168848964568,0.0019649391631738687,0.007754258186032423,4,36
121099.96499991417,126.14499998092651,121.44046321166667,31.029706243333333,16.692,121.44046316703991,31.029706262476527,16.683952423887465,-286.5399292104098,-88.99410846377103,-0.41978740613261323,-286.5441899110523,-88.99198605251767,-0.42783498224514815,0.009349972251094586,0.0047600945168343005,0.4610142500654531,0.004260736087728828,-0.0021224108461655625,0.008047576112534927,0.0047600945168343005,0.009349972251094586,5,35
121100.06500005722,126.24500012397766,121.44047250999999,31.029709136666664,16.698,121.44047243419003,31.02970917913895,16.69190024679382,-285.6521792147742,-88.67332376591459,-0.413787406132613,-285.65941710346664,-88.66861485118665,-0.41988715933879206,0.010572074533936557,0.008634915794309644,0.4165220182370121,0.007237948693680265,-0.004708913832559511,0.006099753206179059,0.008634915794309644,0.010572074533936557,5,36
121100.16499996185,126.34500002861023,121.44048174666665,31.02971203666667,16.701999999999998,121.44048167153768,31.02971209363774,16.699001043575038,-284.77031678747886,-88.35179993155512,-0.4097874061326152,-284.7774896587945,-88.3454835327934,-0.4127863625575756,0.010017062984450705,0.009557604888027187,0.42276032906803496,0.007172930567469714,-0.006316397570601443,0.0029989564249603973,0.009557604888027187,0.010017062984450705,5,36
121100.2650001049,126.44500017166138,121.44049097500002,31.029714911666662,16.703,121.44049088851094,31.02971497822141,16.705297097442656,-283.88924997522884,-88.03304785643729,-0.408787406132614,-283.8975074420146,-88.02566891241129,-0.40649030868995695,0.011309833397189082,0.011074099277643848,0.44755335780456745,0.008257534756264144,-0.007378942645135662,-0.002297097442657048,0.011074099277643848,0.011309833397189082,5,34
121100.36500000954,126.54500007629395,121.44050014333334,31.029717795000003,16.706,121.44050005949734,31.02971782538376,16.711088502620505,-283.0139116107392,-87.71337186016174,-0.4057874061326139,-283.0219157784344,-87.7100032043815,-0.400698903512108,0.010065209783546981,0.008684214936763992,0.41344535065636345,0.008004233349837644,-0.0033686551543994064,-0.005088502620505864,0.008684214936763992,0.010065209783546981,5,35
121100.46499991417,126.64499998092651,121.44050924666665,31.029720675,16.709,121.44050915332366,31.02972067465359,16.715629117301038,-282.14477906546654,-87.39406543249032,-0.40278740613261377,-282.15369090382427,-87.39410383943176,-0.39615828883157533,0.011107152312618487,0.008911993957851357,0.4124266120011981,0.008911911198624754,3.840693434536384e-05,-0.006629117301038434,0.008911993957851357,0.011107152312618487,4,35
121100.56500005722,126.74500012397766,121.44051828833332,31.029723535000002,16.718,121.44051819779945,31.029723524496745,16.72086203538646,-281.28153408610484,-87.07697641009646,-0.3937874061326134,-281.29017772656863,-87.07814090957638,-0.3909253707461531,0.009179381382557597,0.008721800044319623,0.43286285124781226,0.008643710862335403,0.0011644992663968152,-0.0028620353864603487,0.008721800044319623,0.009179381382557597,4,34
121100.66499996185,126.84500002861023,121.44052732833333,31.029726335000003,16.729,121.44052722082604,31.02972636271066,16.728055898638893,-280.41844822975213,-86.766539605651,-0.3827874061326142,-280.42871239262195,-86.76346731692364,-0.38373150749372087,0.010755697629269704,0.010714182381882178,0.42835846722977444,0.010264246173961326,-0.003072288168866123,0.0009441013611066751,0.010714182381882178,0.010755697629269704,5,33
121100.76600003242,126.94600009918213,121.440536335,31.02972914833333,16.737000000000002,121.44053631236885,31.029729219451383,16.735859848984752,-279.55854484572717,-86.45462453102053,-0.3747874061326115,-279.5607055341709,-86.44673965181475,-0.3759275571478611,0.008254689097441419,0.008175570179372421,0.41612434649804403,0.002160705918062837,-0.007884877785577393,0.0011401510152495575,0.008175570179372421,0.008254689097441419,4,32
121100.86599993706,127.0460000038147,121.44054530333332,31.029731974999997,16.745,121.44054527436947,31.029732042671288,16.743520251136047,-278.70230130062765,-86.1412311847945,-0.3667874061326124,-278.70506659917464,-86.13372844964869,-0.36826715499656615,0.008131892189667018,0.007996124929238853,0.40740997828989634,0.0027653208328459623,-0.007502733806781576,0.0014797488639537448,0.007996124929238853,0.008131892189667018,4,33
121100.96600008011,127.14600014686584,121.44055424000001,31.02973478166667,16.751,121.440554206744,31.029734841500613,16.7490831761219,-277.8490811024174,-85.83005524455127,-0.3607874061326122,-277.8522561897194,-85.82342143806882,-0.3627042300107135,0.007600192624394976,0.007354502984447582,0.4199192213371761,0.0031751128002873723,-0.006633805307189809,0.0019168238781013258,0.007354502984447582,0.007600192624394976,5,33
121101.06599998474,127.24600005149841,121.44056313000002,31.029737554999997,16.754,121.44056310253166,31.029737609473504,16.75314611047574,-277.0003163606073,-85.52257498118114,-0.35778740613261206,-277.0029388779438,-85.51653548787714,-0.35864129565687364,0.006639450361136766,0.0065843127035671275,0.4173734946053056,0.0026225383229736645,-0.006039492240485946,0.0008538895242615752,0.0065843127035671275,0.006639450361136766,5,33
121101.16599988937,127.34599995613098,121.44057198666665,31.02974031333333,16.759,121.44057194463491,31.029740380914603,16.758710866359557,-276.1547340935542,-85.21675777194548,-0.35278740613261306,-276.1587470363046,-85.20926501690596,-0.3530765397730562,0.00850464126646545,0.008499724984329268,0.40697674567885117,0.004012974751050516,-0.007492753729882106,0.00028913364044313994,0.008499724984329268,0.00850464126646545,5,33
121101.26600003242,127.44600009918213,121.44058075333332,31.02974311666667,16.762999999999998,121.44058072537644,31.029743150151855,16.763162852756327,-275.31774449328316,-84.9059513988959,-0.3487874061326153,-275.3204136504573,-84.90223888680852,-0.3486245533762862,0.004575344301327381,0.004572445128751678,0.436487224704069,0.002669178383613424,-0.0037125114426619322,-0.00016285275632910157,0.004572445128751678,0.004575344301327381,5,32
121101.36599993706,127.5460000038147,121.44058948499999,31.029745891666668,16.768,121.44058946461035,31.02974591436168,16.76812811903685,-274.48409648349025,-84.5982863515763,-0.3437874061326127,-274.486043166524,-84.59577014892675,-0.34365928709576465,0.0031839162872008345,0.003181337523165354,0.436521542114947,0.00194669844769528,-0.0025162022156497398,-0.00012811903684806225,0.003181337523165354,0.0031839162872008345,5,32
121101.46600008011,127.64600014686584,121.44059821666666,31.029748635,16.775,121.44059818758976,31.029748662270336,16.7738623967808,-273.65044847612654,-84.29413219647513,-0.3367874061326148,-273.6532245679857,-84.29110872641338,-0.3379250093518138,0.004259379860458351,0.00410465293433517,0.42340060009860764,0.0027761137630946905,-0.0030234695443649767,0.0011376032191989793,0.00410465293433517,0.004259379860458351,5,33
121101.56599998474,127.74600005149841,121.44060693499999,31.029751373333337,16.782,121.44060688025918,31.029751394175,16.78068697617099,-272.81807345769397,-83.99053239251701,-0.32978740613261337,-272.8232997868743,-83.9882216710241,-0.3311004299616229,0.005863310482902379,0.005714400952275402,0.43528049845542865,0.005226370273615901,-0.002310721100961792,0.001313023829009552,0.005714400952275402,0.005863310482902379,5,33
121101.66599988937,127.84599995613098,121.44061557333335,31.029754079999996,16.79,121.44061553419917,31.029754116342072,16.787943422163437,-271.9933363631306,-83.69044348148255,-0.32178740613261425,-271.99707266379335,-83.68641422532225,-0.32384398396917646,0.005867245823567523,0.005495003289929101,0.43294224454686653,0.0037363299382837806,-0.004029255483165092,0.0020565778365622123,0.005495003289929101,0.005867245823567523,5,32
121101.76600003242,127.94600009918213,121.44062416333333,31.029756795000004,16.801000000000002,121.44062414244557,31.02975681249278,16.79414062063044,-271.17321385526424,-83.38943065070087,-0.31078740613261147,-271.1752080939761,-83.38749122146272,-0.3176467855021734,0.007401994325747244,0.002781804210008767,0.43141683413885884,0.0019942542833798105,-0.0019394289149241275,0.006859379369561935,0.002781804210008767,0.007401994325747244,5,33
121101.86599993706,128.0460000038147,121.44063272500001,31.029759508333335,16.810000000000002,121.44063271529669,31.02975949911993,16.80077021181168,-270.3557964409812,-83.0886026045739,-0.3017874061326111,-270.35672285843407,-83.0896240974739,-0.31101719432093233,0.009332239819825188,0.0013790250372843677,0.441910188466091,0.0009264246615085413,0.0010214927312545777,0.009229788188321209,0.0013790250372843677,0.009332239819825188,5,34
121101.96600008011,128.14600014686584,121.44064125666667,31.02976218166667,16.819,121.44064124564515,31.029762187940538,16.806707325316676,-269.54124325543694,-82.79220936900201,-0.29278740613261434,-269.542295524415,-82.79151378359244,-0.3050800808159373,0.012357223674737313,0.0012613984610261844,0.4347745601151143,0.0010522771374609388,-0.0006955852956009341,0.012292674683322957,0.0012613984610261844,0.012357223674737313,5,34
121102.06599998474,128.2460000514984,121.44064975166665,31.029764851666663,16.822,121.4406497398544,31.029764866269453,16.813629799069226,-268.73019078580916,-82.49618570273952,-0.2897874061326142,-268.73131854966914,-82.4945666870318,-0.2981576070633878,0.008599613108264854,0.0019730894531972136,0.4177887607555007,0.0011277725743921423,-0.0016190154448821662,0.008370200930773564,0.0019730894531972136,0.008599613108264854,5,32
121102.16599988937,128.34599995613098,121.440658205,31.029767508333332,16.829,121.44065818989638,31.02976753913578,16.81955436506621,-267.9231163986957,-82.20164030525156,-0.2827874061326128,-267.9245584051126,-82.19822522938823,-0.29223304106640313,0.010147027802709303,0.0037070411282470015,0.4564024421806618,0.0014420175205299938,-0.0034150753135178927,0.009445634933790359,0.0037070411282470015,0.010147027802709303,5,33
121102.26600003242,128.44600009918213,121.44066661333333,31.029770163333335,16.833,121.44066659640173,31.029770212916148,16.825425144300468,-267.1203383498319,-81.90727969171303,-0.278787406132615,-267.1219548809231,-81.90178243110348,-0.28636226183214575,0.009497974326119098,0.0057300154826059515,0.4276358005213913,0.0016165434950396334,-0.005497259731861773,0.007574855699530758,0.0057300154826059515,0.009497974326119098,5,33
121102.36599993706,128.5460000038147,121.44067497666668,31.029772865,16.835,121.4406749677662,31.029772895264326,16.830197967044057,-266.3218566343592,-81.60774513182164,-0.27678740613261255,-266.3227064005907,-81.60438971796604,-0.28158943908855605,0.005919495989843217,0.003461345441270265,0.43680172729765293,0.0008497727286426426,-0.0033554133237885435,0.004802032955943503,0.003461345441270265,0.005919495989843217,5,33
121102.46600008011,128.64600014686584,121.44068330500001,31.029775553333334,16.837,121.44068331271326,31.0297755605087,16.834124526519947,-265.5267165142232,-81.30968884282053,-0.27478740613261365,-265.52598009841773,-81.3088933082439,-0.27766287961266656,0.003073034217134632,0.0010840625282670293,0.4365682620946276,-0.000736421415944699,-0.0007955344513788881,0.0028754734800529036,0.0010840625282670293,0.003073034217134632,5,34
121102.56599998474,128.7460000514984,121.44069160333332,31.029778193333332,16.843,121.4406916230108,31.02977819680437,16.838752844531196,-264.7344406179674,-81.01699128412174,-0.2687874061326134,-264.73256192818417,-81.01660644950243,-0.2730345616014169,0.0046600382086501345,0.00191771388113339,0.43010731664937923,-0.0018787040458698393,-0.000384834559160148,0.0042471554688034985,0.00191771388113339,0.0046600382086501345,4,32
121102.66599988937,128.84599995613098,121.44069984833335,31.029780844999998,16.848,121.4406998651946,31.029780832941945,16.842995809243714,-263.94725666771865,-80.72300023918737,-0.2637874061326144,-263.94564685602904,-80.72433711853861,-0.2687915968888994,0.005424085531698951,0.002092553160590589,0.46451372854467576,-0.0016098238677030546,0.0013368791437041875,0.0050041907562849985,0.002092553160590589,0.005424085531698951,5,33
121102.76600003242,128.94600009918213,121.44070804666666,31.02978344166667,16.851,121.44070804943364,31.02978344439341,16.847901385438266,-263.16452818358715,-80.43510705894255,-0.2607874061326143,-263.1642640085888,-80.43480474444877,-0.26388602069434697,0.0031245152758669023,0.00040147665803124863,0.42136829398824394,-0.0002641769898327151,-0.00030231444720169384,0.00309861456173266,0.00040147665803124863,0.0031245152758669023,5,33
121102.86599993706,129.0460000038147,121.44071622333334,31.029786031666664,16.856,121.44071620045854,31.02978605283622,16.85358222337381,-262.38386829857353,-80.14795301520077,-0.25578740613261175,-262.3860522498479,-80.1456059404778,-0.2582051827588039,0.004015484617718282,0.003206005754980971,0.40938698830027875,0.0021839676803610555,-0.0023470743644182766,0.0024177766261921363,0.003206005754980971,0.004015484617718282,5,35
121102.96600008011,129.14600014686584,121.44072433499998,31.029788665,16.861,121.44072432687386,31.02978868892952,16.859754400480643,-261.60941423520603,-79.85599459088924,-0.25078740613261274,-261.61019006858567,-79.85334151810983,-0.2520330056519704,0.0030318703218670303,0.0027641851396015553,0.4244156977872972,0.0007758391871489236,-0.002653072377768494,0.0012455995193576541,0.0027641851396015553,0.0030318703218670303,5,33
121103.06599998474,129.2460000514984,121.440732435,31.029791311666667,16.864,121.44073243700063,31.02979134187195,16.867105918919272,-260.8360740304727,-79.56255789709793,-0.24778740613261263,-260.8358830231014,-79.55920902874205,-0.2446814872133416,0.004571447538558047,0.0033543106988922007,0.4230598312565601,-0.00019100879598523527,-0.0033488678541499597,-0.0031059189192710335,0.0033543106988922007,0.004571447538558047,5,33
121103.16599988937,129.34599995613098,121.44074051999999,31.029793961666662,16.868,121.44074052617407,31.02979399992012,16.87272051340022,-260.06416594253807,-79.268751636113,-0.24378740613261485,-260.0635764765958,-79.26451046402182,-0.23906689273239223,0.0063732454359838485,0.004281940053948407,0.41570605711405273,-0.0005894703231647188,-0.004241171461249329,-0.0047205134002226146,0.004281940053948407,0.0063732454359838485,5,34
121103.26600003242,129.44600009918213,121.44074858666666,31.029796630000003,16.871,121.44074859889162,31.029796657841707,16.876936907674235,-259.29400821013235,-78.97291275168418,-0.24078740613261473,-259.2928410432738,-78.96982593393626,-0.23485049845837835,0.006792467326535451,0.003300112066225152,0.4121043923225536,-0.0011671755012536461,-0.003086817292765826,-0.00593690767423638,0.003300112066225152,0.006792467326535451,5,33
121103.36599993706,129.5460000038147,121.44075662166667,31.029799304999997,16.874,121.4407566510506,31.02979932644491,16.880969180857143,-258.52687382218664,-78.67633473357337,-0.23778740613261462,-258.5240684185778,-78.67395712964107,-0.23081822527547047,0.007879903943625772,0.003677418162404772,0.4280087011267229,-0.002805424306145408,-0.002377603584215217,-0.006969180857144153,0.003677418162404772,0.007879903943625772,5,34
121103.46600008011,129.64600014686584,121.44076464,31.029802001666667,16.877,121.4407646683055,31.029802007881123,16.885931681199956,-257.76133067404874,-78.37735452482505,-0.2347874061326145,-257.758628230815,-78.37666552582016,-0.22585572493265715,0.009356973620964307,0.002788911308333462,0.40494999664777553,-0.002702463097781013,-0.0006889989048482682,-0.008931681199957353,0.002788911308333462,0.009356973620964307,4,32
121103.56599998474,129.7460000514984,121.44077264833335,31.029804663333334,16.878999999999998,121.4407726693331,31.029804669709524,16.892102529686277,-256.9967422615358,-78.082254776194,-0.23278740613261562,-256.9947373291125,-78.08154784600387,-0.21968487644633683,0.013273878379361973,0.002125926398132449,0.41491177374118493,-0.002004947106608087,-0.0007069300884672177,-0.013102529686278785,0.002125926398132449,0.013273878379361973,4,32
121103.66700005531,129.8470001220703,121.44078063500001,31.029807295,16.881999999999998,121.44078072669838,31.02980731503983,16.899709915442983,-256.2342224578579,-77.79048113653717,-0.2297874061326155,-256.2254676387486,-77.78825931493388,-0.2120774906896301,0.019880280960689667,0.009032411974565132,0.44456709270434563,-0.008754882994390431,-0.0022218212873228206,-0.01770991544298539,0.009032411974565132,0.019880280960689667,5,33
121103.76699995995,129.94700002670288,121.44078852833333,31.02980990333333,16.901,121.44078862860522,31.029809917538984,16.91637134583338,-255.48061357183875,-77.50129447076203,-0.2107874061326136,-255.47104020280696,-77.49971948572322,-0.19541606029923386,0.01817717188085964,0.00970212888272228,0.3368059984814658,-0.009573438654684158,-0.0015749848195944745,-0.015371345833379735,0.00970212888272228,0.01817717188085964,5,33
121103.867000103,130.04700016975403,121.44079658999999,31.02981255166667,16.912,121.4407966620725,31.02981253744663,16.92440430641838,-254.71093321088952,-77.20767299231602,-0.19978740613261436,-254.70405215254476,-77.20924957194322,-0.18738309971423206,0.014272423428714391,0.007059408814298477,0.4376357358918975,-0.006881108207992743,0.00157657941039769,-0.012404306418382305,0.007059408814298477,0.014272423428714391,5,33
121103.96700000763,130.1470000743866,121.44080460166667,31.029815178333333,16.916,121.44080468420685,31.029815186514423,16.92757186102095,-253.94602655235855,-76.91645370380226,-0.19578740613261303,-253.93814610327658,-76.91554666440582,-0.1842155451116625,0.014029720671511732,0.007932533935159006,0.5978247295899146,-0.007880505973003894,-0.0009070392725230643,-0.011571861020950536,0.007932533935159006,0.014029720671511732,5,33
121104.06699991226,130.24699997901917,121.44081267000001,31.029817831666666,16.933,121.44081275603007,31.029817867646123,16.943969560032723,-253.17570969694376,-76.62227787491844,-0.17878740613261357,-253.1674960544547,-76.61828882199175,-0.16781784609989003,0.014272654970264791,0.009131124387976473,0.5556648925980997,-0.008213701576563278,-0.0039890523937221745,-0.010969560032723535,0.009131124387976473,0.014272654970264791,4,32
121104.16700005531,130.3470001220703,121.44082062833334,31.029820479999998,16.936999999999998,121.44082068452177,31.02982048092591,16.94858258515153,-252.4158949917077,-76.32865639717768,-0.17478740613261579,-252.41053045323065,-76.32855374123032,-0.16320482098108258,0.012765010874591217,0.005365559042254075,0.39801396169219294,-0.005364576926019164,-0.00010265593376539599,-0.011582585151533209,0.005365559042254075,0.012765010874591217,5,34
121104.26699995995,130.44700002670288,121.44082850333334,31.029823073333333,16.939,121.44082853178224,31.029823064260096,16.95544614135257,-251.6640364636468,-76.04113278483176,-0.17278740613261334,-251.66132032896434,-76.04213873737122,-0.15634126478004262,0.016699251438839522,0.0028964518343737758,0.3158544745634719,-0.002716154079265673,0.0010059524076891778,-0.01644614135257072,0.0028964518343737758,0.016699251438839522,5,32
121104.367000103,130.54700016975403,121.44083636666667,31.02982569,16.942999999999998,121.44083638490099,31.029825671795614,16.956870718097022,-250.91329179664933,-75.75102219930939,-0.16878740613261556,-250.91155089346728,-75.75304052505736,-0.15491668803559122,0.014124490974989088,0.0026654126838877605,0.45521024038146496,-0.001740915567346991,0.0020183254848509095,-0.013870718097024337,0.0026654126838877605,0.014124490974989088,5,33
121104.46700000763,130.6470000743866,121.440844265,31.02982832333333,16.948999999999998,121.44084431677379,31.029828312144367,16.959510658739987,-250.15920553917374,-75.45906377640837,-0.16278740613261533,-250.15426248402838,-75.46030429988218,-0.15227674739262653,0.011681052424384292,0.005096375044353705,0.5592463456372773,-0.004943090177443823,0.001240523313110085,-0.010510658739988799,0.005096375044353705,0.011681052424384292,4,33
121104.56699991226,130.74699997901917,121.44085222666666,31.029830930000003,16.962,121.44085229719173,31.029830967359217,16.96667785724659,-249.39907258791953,-75.17006189317216,-0.14978740613261365,-249.39233927138483,-75.16591986625392,-0.14510954888602257,0.009185691198328872,0.007905350996102055,0.3873785513910774,-0.006733364075419649,-0.004142026388064162,-0.004677857246591088,0.007905350996102055,0.009185691198328872,4,33
121104.66700005531,130.8470001220703,121.44086012999999,31.029833623333335,16.972,121.44086024818888,31.02983361821952,16.974318524976585,-248.6445089589875,-74.87145125232273,-0.1397874061326121,-248.63322498238364,-74.87201822264761,-0.1374688811560283,0.011533730211586617,0.011298290778990553,0.34874931023801786,-0.011284055975516,0.00056697025322726,-0.0023185249765838023,0.011298290778990553,0.011533730211586617,4,33
121104.76699995995,130.94700002670288,121.44086802666668,31.029836296666666,16.978,121.44086813606492,31.029836257026545,16.979133755989995,-247.89058182209166,-74.5750580174561,-0.13378740613261186,-247.88013712449703,-74.57945292944903,-0.13265365014261832,0.011388322349520856,0.011331746700829048,0.42748556024210904,-0.01044477078270903,0.004394911442613807,-0.0011337559899935457,0.011331746700829048,0.011388322349520856,4,33
121104.867000103,131.04700016975403,121.44087596333333,31.029838933333334,16.988,121.4408760040131,31.02983890718933,16.98357002696146,-247.1328357256905,-74.2827300266562,-0.12378740613261385,-247.12895186055553,-74.28562861950077,-0.12821737917115428,0.006565905762923418,0.004846282840012113,0.4611354006726504,-0.0038838922451937285,0.002898592484831197,0.004429973038540425,0.004846282840012113,0.006565905762923418,4,33
121104.96700000763,131.1470000743866,121.44088388333333,31.029841636666667,17.0,121.4408838770187,31.029841652432054,16.993247669951607,-246.37668086180926,-73.98301068281536,-0.1117874061326134,-246.37728374469114,-73.98126276991974,-0.1185397361810061,0.007000902274016422,0.0018489649991011853,0.35675166688468407,0.0006028870737313059,-0.0017479126820951177,0.006752330048392707,0.0018489649991011853,0.007000902274016422,4,32
121105.06699991226,131.24699997901917,121.44089185166668,31.029844328333336,17.009,121.44089186776598,31.029844357013545,17.003873647112577,-245.61591141366026,-73.68458482521011,-0.10278740613261306,-245.61437434690225,-73.68140504246534,-0.10791375902003608,0.006225200137317081,0.0035318016398521333,0.33620920821685363,-0.0015370774044546672,-0.0031797823629891903,0.005126352887423025,0.0035318016398521333,0.006225200137317081,5,32
121105.16700005531,131.3470001220703,121.44089984833333,31.029846980000002,17.015,121.4408998796709,31.029847017303265,17.012148877366823,-244.85243686949866,-73.39059378027574,-0.09678740613261283,-244.8494449454075,-73.38645795680706,-0.09963852876579082,0.005846850886053451,0.00510458274634903,0.4171505426239968,-0.0029919447353132364,-0.004135822979185112,0.0028511226331779937,0.00510458274634903,0.005846850886053451,5,34
121105.26699995995,131.44700002670288,121.44090780666666,31.029849669999997,17.027,121.44090784819653,31.029849681639455,17.02419956935542,-244.09262216669188,-73.09235270732519,-0.08478740613261238,-244.08865713915372,-73.09106223747817,-0.08758783677719251,0.005022885958538947,0.004169768765457412,0.39172192842868286,-0.003965054793795878,-0.0012904696972732652,0.002800430644580132,0.004169768765457412,0.005022885958538947,5,34
121105.367000103,131.54700016975403,121.44091570999998,31.02985244166667,17.045,121.44091572183518,31.029852380313088,17.035869775827013,-243.33805853775985,-72.78505722719925,-0.06678740613261169,-243.336928582685,-72.7918595162972,-0.07591763030560017,0.011441544294733572,0.006895501606070965,0.6292514769040628,-0.001129962812352771,0.006802288323941221,0.009130224172988477,0.006895501606070965,0.011441544294733572,4,34
121105.46700000763,131.6470000743866,121.44092365833333,31.029855018333333,17.057,121.44092362793927,31.029855020037854,17.04766553121418,-242.5791985730074,-72.49938145364248,-0.05478740613261479,-242.5821004192204,-72.49919247270255,-0.06412187491843468,0.009776954926564647,0.002908013088455899,0.3704473617423361,0.0029018660091285472,-0.00018898091886530939,0.009334468785819894,0.002908013088455899,0.009776954926564647,4,35
121105.56699991226,131.74699997901917,121.44093169499999,31.02985764,17.073999999999998,121.44093168005591,31.029857657783953,17.062348016394154,-241.81190506448195,-72.2087165162718,-0.03778740613261533,-241.8133318368542,-72.20674480455288,-0.04943938973845974,0.011903448041695722,0.0024337940197319283,0.3493781843843748,0.0014267820695261014,-0.001971711504394523,0.011651983605844407,0.0024337940197319283,0.011903448041695722,5,35
121105.66700005531,131.8470001220703,121.44093979833333,31.029860313333334,17.092,121.44093983538586,31.02986031366293,17.079636686869463,-241.0382466161598,-71.91232328140518,-0.01978740613261465,-241.03470905771096,-71.91228673916595,-0.03215071926315005,0.012859523170100529,0.003537771134299564,0.4203152759891147,-0.003537582403806026,-3.6542235361280145e-05,0.012363313130535403,0.003537771134299564,0.012859523170100529,5,35
121105.76699995995,131.94700002670288,121.440947925,31.029862928333333,17.106,121.44094799773113,31.02986296046745,17.093173785110327,-240.2623604359936,-71.62239747983226,-0.00578740613261175,-240.25541649804265,-71.61883476102275,-0.018613621022286253,0.01501411588910658,0.007804606814914811,0.45645340537058265,-0.006943984795330016,-0.003562718442094503,0.012826214889674503,0.007804606814914811,0.01501411588910658,5,35
121105.867000103,132.04700016975403,121.44095606333333,31.029865548333337,17.113,121.44095610995177,31.029865604086165,17.10099269109588,-239.48536039476403,-71.33191732641102,0.001212593867386147,-239.48090954185852,-71.32573599443438,-0.010794715036734459,0.014219517649759296,0.007617034532732678,0.4093095064121856,-0.004450882813850139,-0.0061813313493304664,0.012007308904120606,0.007617034532732678,0.014219517649759296,4,35
121105.96700000763,132.1470000743866,121.44096424,31.029868200000003,17.116999999999997,121.44096422378958,31.029868253899537,17.10474734808948,-238.70470051217967,-71.03792628077137,0.00521259386738393,-238.7062481876241,-71.03195042430933,-0.007040058043134678,0.013719827384548593,0.0061730207047663585,0.4241090125338982,0.0015476858024458433,-0.005975855861580139,0.012252651910518608,0.0061730207047663585,0.013719827384548593,5,35
121106.06699991226,132.24699997901917,121.44097247833334,31.02987086166667,17.125,121.44097242646617,31.029870931654887,17.112138553821868,-237.9181530588257,-70.74282653284558,0.013212593867386602,-237.92310502944608,-70.7350669187489,0.000351147689254816,0.01581615429724725,0.009205103962549904,0.41376794660360744,0.004952003629018369,-0.007759613329254291,0.012861446178131786,0.009205103962549904,0.01581615429724725,5,35
121106.16700005531,132.3470001220703,121.44098074333333,31.029873560000002,17.13,121.44098070997083,31.029873648425806,17.120312529306986,-237.12905963246828,-70.44366154085309,0.018212593867385607,-237.13224488632696,-70.43385774624929,0.008525123174372595,0.014145933522827784,0.010308265945554415,0.4082815203981582,0.0031852750044881247,-0.009803793650932278,0.009687470693013012,0.010308265945554415,0.014145933522827784,5,35
121106.26699995995,132.44700002670288,121.44098904333332,31.029876285,17.128,121.4409890298263,31.029876378657722,17.1231205733792,-236.33662461077412,-70.14154000778527,0.016212593867386715,-236.33791418200283,-70.13115614903612,0.01133316724658684,0.011545402627779075,0.010463628323376049,0.40835439742102325,0.0012895797535021356,-0.010383857748886723,0.004879426620799876,0.010463628323376049,0.011545402627779075,5,35
121106.367000103,132.54700016975403,121.44099742333334,31.029879003333335,17.122999999999998,121.44099738302255,31.02987910098353,17.12115027964788,-235.53655165792296,-69.8401576091047,0.011212593867384157,-235.54040029599994,-69.82933110432553,0.00936287351526488,0.011638163883833283,0.011490230337374317,0.41595705357829926,0.00384866340804947,-0.010826503737470291,0.0018497203521192773,0.011490230337374317,0.011638163883833283,5,35
121106.46799993515,132.64800000190735,121.44100583166667,31.02988177666667,17.119999999999997,121.44100585268133,31.029881881591614,17.1157251780922,-234.73377361148843,-69.53267734573457,0.008212593867384044,-234.73176725550428,-69.52104428672214,0.003937771959588332,0.012554985275110299,0.011804810583608119,0.4401058529808654,-0.002006369129666449,-0.011633057888207543,0.004274821907795712,0.011804810583608119,0.012554985275110299,5,35
121106.5680000782,132.7480001449585,121.44101430166666,31.029884553333332,17.116,121.4410143127137,31.029884648585515,17.107442087746904,-233.92510799428445,-69.22482751446555,0.004212593867386261,-233.92405328630443,-69.21426687785603,-0.004345318385709618,0.013633682899777979,0.010613173289832308,0.4243641266782935,-0.0010547148585066655,-0.010560635579701404,0.008557912253095878,0.010613173289832308,0.013633682899777979,5,35
121106.66799998283,132.84800004959106,121.44102283166667,31.029887334999998,17.108,121.44102285193459,31.029887407923805,17.09737238432572,-233.11071392689067,-68.91642333205345,-0.0037874061326128583,-233.10877886555502,-68.90833824843156,-0.01441502180689369,0.01349293482453054,0.00831342740744209,0.5074284773222836,-0.0019350738967009837,-0.008085082824134568,0.010627615674280833,0.00831342740744209,0.01349293482453054,4,35
121106.76799988747,132.94799995422363,121.44103142333333,31.029890075000004,17.101,121.44103145048102,31.02989014303676,17.088461016954316,-232.29043229358592,-68.61263874344064,-0.010787406132614308,-232.2878403925251,-68.60509548910561,-0.023326389178297546,0.014860848171152317,0.00797613393481513,0.4474462484445516,-0.0025919178079967715,-0.0075432535833484145,0.012538983045683239,0.00797613393481513,0.014860848171152317,4,35
121106.86800003052,133.04800009727478,121.44104004666666,31.029892796666665,17.091,121.44104006155762,31.029892841343703,17.07826911427593,-231.46712731339196,-68.31088677827171,-0.02078740613261232,-231.46570561336623,-68.30593342252338,-0.033518291856683646,0.013734352423872267,0.005153346988488439,0.4902597274280788,-0.0014217091694575356,-0.004953355248843276,0.012730885724071328,0.005153346988488439,0.013734352423872267,5,35
121106.96799993515,133.14800000190735,121.44104866166666,31.02989552166667,17.081,121.44104869071401,31.029895544479864,17.069280567765464,-230.64461795067254,-68.00876524449862,-0.03078740613261388,-230.64184468164225,-68.0062359395655,-0.04250683836714941,0.012305835755062614,0.0037534652963237838,0.457501364494877,-0.0027732867844685823,-0.0025293046755578696,0.011719432234535532,0.0037534652963237838,0.012305835755062614,5,35
121107.0680000782,133.2480001449585,121.44105740000002,31.029898211666666,17.07,121.44105739619539,31.029898247879398,17.06088220294897,-229.8103334464141,-67.71052417225333,-0.041787406132613114,-229.81069669007346,-67.70650925610443,-0.050905203183642556,0.00996923864054922,0.004031314426890874,0.4449362967843129,0.00036324597407961595,-0.004014915736447459,0.009117797051029441,0.004031314426890874,0.00996923864054922,5,35
121107.16799998283,133.34800004959106,121.44106621499999,31.029900911666665,17.059,121.4410662124569,31.029900954478247,17.053520865829185,-228.96872926673385,-67.4111743963114,-0.05278740613261235,-228.9689720664558,-67.40642786382574,-0.05826654030342837,0.007253235808210086,0.004752737992746624,0.5605060279480983,0.00024280126199842573,-0.004746531994506008,0.005479134170816025,0.004752737992746624,0.007253235808210086,5,35
121107.26799988747,133.44799995422363,121.44107506333333,31.029903599999997,17.049,121.44107507660647,31.029903669395352,17.04600880292935,-228.123942614726,-67.11311810731029,-0.06278740613261391,-228.12267537348262,-67.10542422396662,-0.06577860320326323,0.008351587222022538,0.007797547640866907,0.42924679431123963,-0.001267249243922882,-0.007693882541692845,0.0029911970706493207,0.007797547640866907,0.008351587222022538,5,35
121107.36800003052,133.54800009727478,121.44108394333334,31.029906320000002,17.035,121.44108394934116,31.029906385095213,17.03336046591809,-227.27613261339954,-66.81155092468028,-0.07678740613261326,-227.27555902283308,-66.80433379999195,-0.07842694021452346,0.0074232041614588394,0.007239881768161321,0.4684468402955051,-0.0005735941703403755,-0.007217123924715873,0.001639534081910199,0.007239881768161321,0.0074232041614588394,5,35
121107.46799993515,133.64800000190735,121.44109283499999,31.029909041666663,17.013,121.44109282146529,31.029909116873,17.01521583237215,-226.4272087510097,-66.50979895951134,-0.09878740613261172,-226.4285009653002,-66.50146081167921,-0.09657157376046399,0.008723786217717008,0.008437685279208474,0.4578247821103809,0.001292222368939339,-0.008338146929635156,-0.00221583237214773,0.008437685279208474,0.008723786217717008,5,35
121107.5680000782,133.7480001449585,121.44110172999999,31.02991181166666,16.996000000000002,121.44110170334262,31.02991187632432,16.998745221853554,-225.57796664017243,-66.20268826404009,-0.11578740613261118,-225.58051172891632,-66.19551965052491,-0.11304218427905965,0.008087200300823305,0.007607007669275723,0.45746840283403567,0.002545104574914002,-0.007168612723754262,-0.002745221853551527,0.007607007669275723,0.008087200300823305,5,35
121107.66799998283,133.84800004959106,121.44111062333334,31.029914506666668,16.98,121.44111060249332,31.029914592069744,16.985339925102313,-224.72888365234422,-65.90389283853597,-0.13178740613261297,-224.7308733337179,-65.89442417478702,-0.12644748103030068,0.011051210529486122,0.009675456271862325,0.5245921493578385,0.0019896936893439134,-0.009468662687587144,-0.005339925102312293,0.009675456271862325,0.011051210529486122,5,35
121107.76799988747,133.94799995422363,121.4411195,31.029917183333335,16.963,121.44111949867907,31.029917279620136,16.97361324120619,-223.88139190189446,-65.60713003577045,-0.14878740613261243,-223.8815180157825,-65.59645469035395,-0.1381741649264221,0.01505389543263636,0.01067608911521318,0.4299989782824497,0.0001261146648497304,-0.010675344204627932,-0.010613241206190338,0.01067608911521318,0.01505389543263636,5,35
121107.86800003052,134.04800009727478,121.44112834166665,31.029919880000005,16.958000000000002,121.44112830752204,31.029919990100765,16.96947503512137,-223.03724174435214,-65.30814982702213,-0.15378740613261144,-223.04050166956512,-65.29594292424014,-0.1423123710112435,0.01706786792096865,0.012634701592479458,0.42159304521933594,0.003259945199180698,-0.012206901393447137,-0.011475035121367938,0.012634701592479458,0.01706786792096865,5,35
121107.96799993515,134.14800000190735,121.44113719999999,31.029922665000004,16.955000000000002,121.44113719265431,31.029922728965214,16.96441227048388,-222.19150034943135,-64.99937607671116,-0.15678740613261155,-222.19220167178946,-64.99228423546862,-0.1473751356487334,0.011805799229342433,0.0071264338754989075,0.7831740038013194,0.0007013266371972378,-0.007091840433189116,-0.00941227048387816,0.0071264338754989075,0.011805799229342433,5,35
121108.0680000782,134.2480001449585,121.44114616666666,31.02992540333333,16.943,121.44114617475103,31.029925464845466,16.95426867740614,-221.3354159273409,-64.69577627345829,-0.168787406132612,-221.3346440804175,-64.68895640580412,-0.15751872872647255,0.013194295338754892,0.006863405787409859,0.7096779860057152,-0.0007718516095075215,-0.006819866867875926,-0.01126867740613946,0.006863405787409859,0.013194295338754892,5,35
121108.16799998283,134.34800004959106,121.44115515666665,31.029928175000002,16.938000000000002,121.4411551968582,31.029928262689676,16.956469195573767,-220.47710377826505,-64.38848079333235,-0.173787406132611,-220.47326652624562,-64.37875861400805,-0.1553182105588462,0.021221607274459934,0.010452053873255589,0.37514036624380664,-0.0038372752056149,-0.009722178210967452,-0.018469195573764807,0.010452053873255589,0.021221607274459934,5,34
121108.26799988747,134.44799995422363,121.44116408,31.029931033333334,16.934,121.44116414332653,31.029931058489947,16.947341248422788,-219.6251565689859,-64.07157655488793,-0.17778740613261235,-219.61911052382635,-64.06878743430951,-0.1644461577098255,0.014910506459224497,0.006658400212668455,0.4823988570975713,-0.006046081506929155,-0.002789120256215676,-0.013341248422786833,0.006658400212668455,0.014910506459224497,5,34
121108.36800003052,134.54800009727478,121.44117301,31.02993376833333,16.92,121.44117303049609,31.029933811619884,16.937159482854334,-218.77257286281193,-63.76834631953396,-0.1917874061326117,-218.77061601808006,-63.76354712684223,-0.1746279232782797,0.01792510485487601,0.005182811228492292,0.3980294987097418,-0.0019568564365522985,-0.004799192131693586,-0.017159482854331998,0.005182811228492292,0.01792510485487601,5,34
121108.46799993515,134.64800000190735,121.44118195833335,31.029936553333332,16.911,121.44118195996913,31.02993656841255,16.92721454818446,-217.91823879867974,-63.45957256851773,-0.20078740613261203,-217.91808262482235,-63.45790073180509,-0.18457285794815448,0.016301257642438442,0.0016791152131589695,0.5185985482242532,-0.00015617478678289,-0.0016718365156423672,-0.016214548184457556,0.0016791152131589695,0.016301257642438442,4,35
121108.5680000782,134.7480001449585,121.44119090333334,31.029939366666667,16.9,121.44119095160927,31.029939336099904,16.91943067136632,-217.06422298542424,-63.14765749318199,-0.21178740613261482,-217.05961388405214,-63.15104643923556,-0.19235673476629245,0.020255369890460333,0.005720928216063107,0.5712774867924014,-0.004609128662145791,0.00338894565154609,-0.019430671366322372,0.005720928216063107,0.020255369890460333,4,35
121108.66799998283,134.84800004959106,121.44119990666668,31.029942121666668,16.897000000000002,121.44119999358657,31.02994211392917,16.912923031397487,-216.20463784498804,-62.842209851139955,-0.21478740613261138,-216.1963392479823,-62.843067710073385,-0.19886437473512686,0.017976272536160395,0.008342867936689194,0.464121514043343,-0.00829864589164121,0.0008578588311505804,-0.01592303139748452,0.008342867936689194,0.017976272536160395,4,35
121108.76799988747,134.94799995422363,121.44120900166666,31.02994489333333,16.891000000000002,121.44120907710077,31.029944914851797,16.906402577041423,-215.33630091718996,-62.53491437171927,-0.2207874061326116,-215.32909891389173,-62.532528613593705,-0.20538482909119082,0.017169760611592436,0.007586916365855659,0.4570328219532312,-0.007202045506155426,-0.0023857578397135926,-0.015402577041420784,0.007586916365855659,0.017169760611592436,4,35
121108.86800003052,135.04800009727478,121.44121818666666,31.02994769333333,16.888,121.44121823023902,31.02994772580342,16.899608434723437,-214.4593713177512,-62.224477567273816,-0.22378740613261172,-214.45521128666834,-62.2208775988513,-0.21217897140917685,0.012846072810461245,0.0055014388957274896,0.4909431553224974,-0.004160055336441737,-0.003599967988908502,-0.011608434723434868,0.0055014388957274896,0.012846072810461245,5,35
121108.96799993515,135.14800000190735,121.44122743333334,31.029950545,16.884,121.44122746494943,31.029950558940136,16.89330838995775,-213.5765541475429,-61.90831246392191,-0.22778740613261306,-213.5735356300717,-61.906766917058256,-0.21847901617486443,0.009906886066992813,0.00339120449676229,0.44542048748853263,-0.003018534977299569,-0.0015455466766422384,-0.00930838995774863,0.00339120449676229,0.009906886066992813,4,35
121109.0680000782,135.2480001449585,121.441236725,31.029953438333337,16.880000000000003,121.4412367619604,31.029953418168276,16.88760796831044,-212.68944064637284,-61.587527765360214,-0.23178740613261084,-212.68591188436406,-61.589763471378205,-0.22417943782217264,0.008679393238035602,0.004177401724496498,0.4481468336201457,-0.003528782365501699,0.002235705746459169,-0.007607968310438196,0.004177401724496498,0.008679393238035602,5,34
121109.16799998283,135.34800004959106,121.44124605999998,31.02995631166667,16.874000000000002,121.44124609568871,31.029956285894023,16.880953086351965,-211.7981899323915,-61.268960472781316,-0.23778740613261107,-211.79478258360473,-61.27181789336774,-0.23083431978064795,0.008253509509249036,0.004446910095943971,0.4833293882718015,-0.003407368337416364,0.0028574202376585875,-0.0069530863519631225,0.004446910095943971,0.008253509509249036,5,34
121109.26799988747,135.44799995422363,121.44125546833332,31.029959173333335,16.866,121.4412554767365,31.029959166985947,16.87239949333466,-210.89993778414794,-60.951686667143264,-0.24578740613261374,-210.8991354982867,-60.95239040392507,-0.23938791279795169,0.006487867926036615,0.0010671997401192476,0.44090413860218863,-0.0008022904393235883,0.0007037366952778242,-0.006399493334662054,0.0010671997401192476,0.006487867926036615,5,34
121109.36899995804,135.54900002479553,121.441264945,31.02996208333333,16.858,121.44126502093097,31.029962108370224,16.86528573476211,-209.9951615706693,-60.629054131202906,-0.25378740613261286,-209.98791213072795,-60.6262782835805,-0.2465016713705026,0.010646231025434388,0.007762751060229873,0.444288604795497,-0.007249481078347391,-0.0027758472792614444,-0.007285734762110252,0.007762751060229873,0.010646231025434388,5,34
121109.46900010109,135.64900016784668,121.441274485,31.029965001666664,16.854,121.4412745457043,31.02996503481446,16.859753865896206,-209.08433866827068,-60.30549767551533,-0.2577874061326142,-209.0785429779086,-60.301822570313526,-0.25203354023640756,0.008955655951445853,0.0068627108906858195,0.4566747243185254,-0.005795723067517498,-0.0036751047459607617,-0.005753865896206634,0.0068627108906858195,0.008955655951445853,5,34
121109.56900000572,135.74900007247925,121.44128407499998,31.029967899999995,16.845,121.44128412575971,31.029967954588464,16.852919598251336,-208.16874205859526,-59.98415862651582,-0.26678740613261454,-208.16389582016396,-59.97810638708356,-0.25886780788127695,0.011083136739767307,0.007753443333757619,0.4558957161499367,-0.00484626562590829,-0.006052238677789417,-0.00791959825133759,0.007753443333757619,0.011083136739767307,5,34
121109.66899991035,135.84899997711182,121.44129369333332,31.02997084333333,16.837,121.4412937521263,31.029970896606265,16.84535362349961,-207.2504403504779,-59.65783041370237,-0.27478740613261365,-207.24482714312697,-59.65192402797666,-0.26643378263300477,0.011669484030316563,0.008148241034762992,0.4021306825074193,-0.0056132386702007625,-0.005906384985078287,-0.008353623499608887,0.008148241034762992,0.011669484030316563,5,34
121109.7690000534,135.94900012016296,121.44130341,31.029973805,16.83,121.44130344581798,31.029973861514932,16.83836904673649,-206.32275035324534,-59.329469578150295,-0.2817874061326151,-206.31933066369209,-59.32320375203092,-0.2734183593961248,0.01099981439517339,0.007138275243411727,0.3946357740140628,-0.0034197085239497074,-0.006265825329669705,-0.008369046736490304,0.007138275243411727,0.01099981439517339,5,34
121109.86899995804,136.04900002479553,121.441313205,31.029976788333336,16.83,121.44131320916493,31.02997684131033,16.83211553789493,-205.38758155272333,-58.9987065540765,-0.2817874061326151,-205.38718391039205,-58.992832979775066,-0.27967186823768486,0.006255596541896459,0.005887018558667966,0.4087385714620163,-0.0003976445244384566,-0.005873573558089247,-0.0021155378949302417,0.005887018558667966,0.006255596541896459,5,34
121109.96900010109,136.14900016784668,121.44132300833334,31.029979796666666,16.823999999999998,121.4413230340617,31.029979834929545,16.825639569495753,-204.45161713472672,-58.66517177287682,-0.28778740613261533,-204.44916074402727,-58.660929557003776,-0.28614783663686083,0.005168994148447303,0.004902072253167409,0.43894608339192354,-0.002456404168068019,-0.004242215333805187,-0.0016395694957545004,0.004902072253167409,0.005168994148447303,4,34
121110.06900000572,136.24900007247925,121.44133287333334,31.029982805,16.816,121.441332904253,31.02998284420133,16.81762529030859,-203.50976514838993,-58.331636991677144,-0.29578740613261445,-203.5068131228713,-58.32729072908791,-0.2941621158240224,0.0054996465256025385,0.0052540025998631616,0.44960721363236805,-0.002952041608304636,-0.004346262033311733,-0.0016252903085920423,0.0052540025998631616,0.0054996465256025385,5,34
121110.16899991035,136.34899997711182,121.44134280499999,31.02998582333333,16.810000000000002,121.44134281689946,31.029985872411057,16.80993710741056,-202.56154822468568,-57.996993508191316,-0.3017874061326111,-202.5604121332376,-57.991552246479344,-0.30185029872205504,0.005558956254693712,0.005558600468084695,0.4257285586409989,-0.0011360976029181574,-0.005441261011974613,6.289258944391918e-05,0.005558600468084695,0.005558956254693712,4,34
121110.2690000534,136.44900012016296,121.44135279666668,31.029988853333332,16.802,121.44135277972798,31.02998891403477,16.802376287575406,-201.6076028483624,-57.661056537059395,-0.3097874061326138,-201.60922005722404,-57.654326551014,-0.3094111185572075,0.006931788042015831,0.006921567244492286,0.4254973447999815,0.0016172175696257762,-0.006729985174762439,-0.00037628757540630886,0.006921567244492286,0.006931788042015831,4,33
121110.36899995804,136.54900002479553,121.44136284333332,31.029991918333334,16.794,121.44136281249592,31.02999197541363,16.795396718088618,-200.648406403023,-57.32123910581019,-0.3177874061326129,-200.65135057709333,-57.314910597062955,-0.3163906880439953,0.007118222229102436,0.006979847153327669,0.43363816763415436,0.0029441898261016782,-0.006328507924597688,-0.0013967180886176322,0.006979847153327669,0.007118222229102436,5,33
121110.46900010109,136.64900016784668,121.44137293500002,31.029995025,16.785,121.44137290988212,31.02999506630698,16.788998687268347,-199.68491361943398,-56.976802079351195,-0.32678740613261326,-199.68731172673395,-56.97222236295633,-0.32278871886426685,0.006535615995764958,0.005169601200679138,0.42316112605352707,0.002398120053619835,-0.0045797157971308195,-0.003998687268346401,0.005169601200679138,0.006535615995764958,4,33
121110.56900000572,136.74900007247925,121.44138306833332,31.029998144999997,16.776,121.44138305756184,31.029998169821408,16.78260943643062,-198.71744275090128,-56.63088678341242,-0.3357874061326136,-198.71847114972755,-56.62813482640556,-0.32917796970199475,0.0072329475760262016,0.0029378360585900214,0.45310402124847426,0.001028404261132672,-0.0027519566462493403,-0.0066094364306188425,0.0029378360585900214,0.0072329475760262016,4,32
121110.66899991035,136.84899997711182,121.441393235,31.030001241666664,16.771,121.44139323303149,31.030001276750387,16.774663617371356,-197.74678941004098,-56.287558459944826,-0.3407874061326126,-197.7469773516549,-56.283668717221445,-0.33712378876125726,0.005346728825215701,0.0038942800216080794,0.47037460377821216,0.0001879426008326078,-0.0038897422106725916,-0.0036636173713553433,0.0038942800216080794,0.005346728825215701,4,32
121110.7690000534,136.94900012016296,121.44140346833335,31.03000435166667,16.766,121.44140344769032,31.030004400633068,16.765830514824067,-196.76977112938394,-55.94275186558694,-0.34578740613261516,-196.7717420032352,-55.937322946595636,-0.34595689130854623,0.005778084724484738,0.0057755984848726705,0.4127981666896631,0.00197088413343025,-0.005428918270802792,0.00016948517593107226,0.0057755984848726705,0.005778084724484738,4,33
121110.86899995804,137.04900002479553,121.44141376,31.03000747833333,16.761,121.4414137177876,31.030007536629128,16.75844037560199,-195.7871835288341,-55.5960974338504,-0.35078740613261417,-195.79121371950615,-55.589634162284284,-0.35334703053062455,0.008035430945429172,0.007616854562079464,0.41811569590243175,0.0040302115611024715,-0.006463270703956837,0.002559624398010385,0.007616854562079464,0.008035430945429172,5,33
121110.96900010109,137.14900016784668,121.44142409333332,31.030010638333337,16.753,121.44142403209308,31.030010698887114,16.749768976395952,-194.80061783848205,-55.245747325240764,-0.3587874061326133,-194.8064646968686,-55.23903371034987,-0.3620184297366613,0.009470915021812017,0.008902736535496766,0.4102125445113388,0.005846888490544209,-0.006713613989470248,0.0032310236040480333,0.008902736535496766,0.009470915021812017,5,33
121111.06900000572,137.24900007247925,121.44143441166668,31.03001381,16.744,121.44143437500823,31.03001385825282,16.74064724010294,-193.8154842600701,-54.89410373039554,-0.3677874061326136,-193.8189841913276,-54.888753926544034,-0.37114016602967226,0.007218797444197922,0.006392967825121118,0.4247075206452748,0.003499949157228999,-0.005349803128139002,0.0033527598970586325,0.006392967825121118,0.007218797444197922,5,33
121111.16899991035,137.34899997711182,121.441444755,31.03001698166667,16.736,121.44144471834363,31.03001703120043,16.731421748063642,-192.82796382923436,-54.54246013484506,-0.37578740613261274,-192.8314635637198,-54.53696831318539,-0.38036565806897116,0.00796044933551618,0.006512170362525113,0.43707127245071387,0.0034997522630837927,-0.005491820911827909,0.004578251936358413,0.006512170362525113,0.00796044933551618,5,34
121111.2690000534,137.44900012016296,121.44145514166667,31.0300202,16.726,121.4414550829432,31.030020239143866,16.721994361548646,-191.83630618801664,-54.185642593646975,-0.3857874061326143,-191.84191275856168,-54.18130270235873,-0.3897930445839677,0.008143324938564511,0.007090035377350808,0.4492168799828059,0.005606598828617683,-0.004339890692981662,0.004005638451353377,0.007090035377350808,0.008143324938564511,5,34
121111.36899995804,137.54900002479553,121.44146559166666,31.030023439999997,16.715,121.44146550969721,31.03002349778159,16.71351046637385,-190.83860185544964,-53.82642286322189,-0.39678740613261354,-190.84642781324555,-53.820016601188094,-0.39827693975876244,0.010222774641411437,0.010113674453217111,0.49065307707660566,0.007825996998870103,-0.006406261149791865,0.0014895336261488978,0.010113674453217111,0.010222774641411437,5,34
121111.46900010109,137.64900016784668,121.44147609833333,31.03002669,16.712,121.44147599424736,31.030026758099424,16.705631549781042,-189.83548732114028,-53.4660944283949,-0.39978740613261365,-189.84542483509608,-53.45854422585782,-0.40615585635157103,0.014011347785498755,0.012480412996966991,0.45949384248030245,0.009937563385467947,-0.007550201489673598,0.006368450218957378,0.012480412996966991,0.014011347785498755,5,34
121111.56900000572,137.74900007247925,121.44148656500002,31.030029976666665,16.7,121.4414864850541,31.030030044897213,16.694457951383267,-188.83619174876554,-53.1017007509117,-0.4117874061326141,-188.84382451283392,-53.09413601018572,-0.41732945474934624,0.012091288260080784,0.010746392367587593,0.4674314056102472,0.0076328017586686885,-0.007564739667100847,0.0055420486167321314,0.010746392367587593,0.012091288260080784,5,34
121111.66899991035,137.84899997711182,121.44149704333334,31.03003328666667,16.69,121.44149698276411,31.0300333370773,16.682779541465333,-187.83578231532735,-52.73472009884154,-0.4217874061326121,-187.84156510861675,-52.72913105806861,-0.42900786466728036,0.010808025511066447,0.008042287858377099,0.49084331439147644,0.00578282163509306,-0.005589039983190255,0.007220458534668239,0.008042287858377099,0.010808025511066447,4,34
121111.7690000534,137.94900012016296,121.44150758833332,31.030036601666666,16.679000000000002,121.44150751518372,31.03003665345934,16.67000502479897,-186.82900794452178,-52.36718509633358,-0.43278740613261135,-186.83599183691888,-52.3614428276762,-0.4417823813336419,0.012753762048337459,0.009041508033423322,0.469853086822547,0.006983926374334379,-0.005742267837391,0.008994975201030542,0.009041508033423322,0.012753762048337459,4,34
121111.86899995804,138.04900002479553,121.44151819666668,31.030039963333333,16.668,121.44151810315671,31.030039989596567,16.659571039091105,-185.81618687507904,-51.99447614676749,-0.44378740613261414,-185.82511465440322,-51.991564334566526,-0.45221636704150825,0.012618717971668181,0.009390668839057018,0.4729321326604138,0.008927822432806782,-0.002911811781882284,0.008428960908894112,0.009390668839057018,0.012618717971668181,4,34
121111.96900010109,138.14900016784668,121.44152882666667,31.030043303333333,16.653,121.44152873613955,31.030043339768824,16.649316613044473,-184.80129720165993,-51.62416938713365,-0.4587874061326147,-184.8099401983633,-51.62012977355401,-0.46247079308814065,0.0102268235809567,0.009540470695509387,0.4194745207948898,0.008643038120479046,-0.004039612993817525,0.003683386955525947,0.009540470695509387,0.0102268235809567,5,34
121112.06900000572,138.24900007247925,121.441539465,31.03004667,16.637,121.44153938794722,31.030046718883284,16.635907847791312,-183.78561191319554,-51.25090608571923,-0.47478740613261294,-183.7929684578718,-51.24548638233451,-0.47587955834130113,0.009202458193982842,0.009137419787065684,0.42281263304883054,0.007356579653565471,-0.005419702590161753,0.0010921522086881907,0.009137419787065684,0.009202458193982842,4,34
121112.16899991035,138.34899997711182,121.44155017666665,31.030050033333335,16.625,121.4415500866877,31.030050086645616,16.62635560859333,-182.7629251904689,-50.8780123522037,-0.4867874061326134,-182.7715158506618,-50.872101604457114,-0.48543179753928456,0.010515452542710883,0.010427706723901368,0.4212929416584683,0.008590700722783146,-0.005910746874234333,-0.0013556085933288387,0.010427706723901368,0.010515452542710883,5,34
121112.26999998093,138.45000004768372,121.44156090166668,31.030053448333334,16.615000000000002,121.44156093746342,31.030053506607743,16.61695956707263,-181.73896547638194,-50.49939032119223,-0.4967874061326114,-181.73554781528142,-50.49292942070359,-0.4948278390599832,0.007567274448467871,0.007309154497361917,0.4353837545414466,-0.003417677097514764,-0.006460899528968779,-0.001959567072628232,0.007309154497361917,0.007567274448467871,5,33
121112.36999988556,138.54999995231628,121.44157170333334,31.030056838333334,16.606,121.441571734633,31.030056900798442,16.610327237856538,-180.70768608444388,-50.12354004660138,-0.5057874061326117,-180.7046977775577,-50.116614522126945,-0.5014601682760755,0.00869585668041793,0.0075427406119612135,0.4753703427716402,-0.002988320764473742,-0.006925523442162628,-0.004327237856536215,0.0075427406119612135,0.00869585668041793,5,32
121112.47000002861,138.65000009536743,121.44158255666667,31.030060236666667,16.597,121.44158260307,31.030060275208804,16.605209837595957,-179.67147386222,-49.746765852968565,-0.5147874061326121,-179.66704354648766,-49.74249267556304,-0.506577568536656,0.010261059955981155,0.006155316244374973,0.4691878132453181,-0.0044303361478468745,-0.004273176767388371,-0.00820983759595606,0.006155316244374973,0.010261059955981155,5,32
121112.56999993324,138.75,121.44159345499999,31.03006364,16.588,121.4415935183542,31.030063658163648,16.597728221477663,-178.63096530903434,-49.36943730819269,-0.5237874061326124,-178.62491662324226,-49.367423499622355,-0.5140591846549505,0.011631021072627763,0.006375135925881731,0.5100454238441195,-0.0060487134443670335,-0.0020138082682821155,-0.009728221477661947,0.006375135925881731,0.011631021072627763,5,33
121112.6700000763,138.85000014305115,121.44160439666666,31.030067038333332,16.583,121.44160447151576,31.030067052907537,16.590076493338223,-177.58631954303735,-48.99266311526513,-0.528787406132615,-177.57917339142458,-48.99104726898697,-0.52171091279439,0.010186052347458641,0.0073265888692641,0.505843484843048,-0.007146184020254006,-0.0016158460347108874,-0.007076493338225021,0.0073265888692641,0.010186052347458641,4,33
121112.76999998093,138.95000004768372,121.44161536000001,31.030070443333337,16.58,121.44161543541405,31.03007044608855,16.581076105510054,-176.53960516820547,-48.61514978583455,-0.5317874061326151,-176.5324050816129,-48.614844314605854,-0.5307113006225599,0.007286496347859225,0.007206596003564694,0.4492062572585915,-0.007200118979247547,-0.0003054711823951513,-0.0010761055100552142,0.007206596003564694,0.007286496347859225,4,33
121112.86999988556,139.04999995231628,121.44162635666667,31.030073826666662,16.573,121.44162640899378,31.0300738466221,16.57023510554911,-175.48970832590453,-48.24003864774673,-0.538787406132613,-175.48471244353323,-48.23782618280163,-0.5415523005835041,0.006123618563164126,0.005463887167810092,0.4619783516079958,-0.004995904657274907,-0.0022124646071697224,0.00276489445089112,0.005463887167810092,0.006123618563164126,5,32
121112.97000002861,139.15000009536743,121.44163740500001,31.030077225,16.563,121.44163742385457,31.030077260091527,16.559738059404005,-174.43487865574699,-47.86326445411392,-0.5487874061326146,-174.43307853389086,-47.85937384603894,-0.5520493467286087,0.005386794069997949,0.004286874607539894,0.43713368883522186,-0.0018001298190879638,-0.003890607476371865,0.0032619405959941616,0.004286874607539894,0.005386794069997949,5,32
121113.06999993324,139.25,121.44164847333334,31.030080629999997,16.554,121.44164846993395,31.03008066437273,16.55127596051626,-173.37813950219288,-47.48575112538859,-0.5577874061326149,-173.37846405706347,-47.481940210764996,-0.5605114456163527,0.004695614301995014,0.0038247094744748534,0.43933891962573546,0.00032455629430588553,-0.0038109140341870927,0.0027240394837377835,0.0038247094744748534,0.004695614301995014,5,33
121113.1700000763,139.35000014305115,121.44165948666665,31.030084043333332,16.544,121.44165951157316,31.0300840654922,16.540664852875164,-172.32665142980133,-47.10731387762131,-0.5677874061326129,-172.3242735025697,-47.104857117644244,-0.5711225532574495,0.004776343910977527,0.003419101462610623,0.4391411907593299,-0.0023779375743511843,-0.002456759594285714,0.003335147124836624,0.003419101462610623,0.004776343910977527,5,33
121113.26999998093,139.45000004768372,121.44167054166668,31.030087438333332,16.531,121.44167055684265,31.03008747406268,16.530335794576022,-171.271185262749,-46.73090925188738,-0.5807874061326146,-171.2697363498756,-46.72694792900092,-0.5814516115565915,0.004269965989590005,0.0042179901264719636,0.47735251884876473,-0.0014489191214392707,-0.003961322264918953,0.0006642054239769379,0.0042179901264719636,0.004269965989590005,5,32
121113.36999988556,139.54999995231628,121.44168163,31.030090868333332,16.519,121.44168162275817,31.03009090739284,16.522307349239647,-170.21253662822755,-46.350624166036184,-0.592787406132615,-170.21322803667465,-46.34629362717459,-0.5894800568929668,0.005492737900217089,0.004385386031751288,0.49099958773254826,0.0006914114029305067,-0.004330538178953856,-0.0033073492396482607,0.004385386031751288,0.005492737900217089,5,32
121113.47000002861,139.65000009536743,121.44169271999999,31.030094318333333,16.514,121.44169270388213,31.030094363710415,16.51535860118039,-169.1537288706971,-45.96812167420217,-0.597787406132614,-169.155267710833,-45.96309070410313,-0.5964288049522217,0.005433645031823193,0.0052610551379446155,0.5105471182579068,0.00153884665736571,-0.005030969303186795,-0.001358601180392327,0.0052610551379446155,0.005433645031823193,5,31
121113.56999993324,139.75,121.441703805,31.030097774999998,16.508,121.44170379890976,31.030097820152683,16.50652432836323,-168.0953984821938,-45.584880047275654,-0.6037874061326143,-168.09597994364285,-45.5798739565639,-0.6052630777693828,0.005251346806218257,0.0050397456780690375,0.5177125431468974,0.0005814638913999276,-0.005006089915554214,0.0014756716367685385,0.0050397456780690375,0.005251346806218257,5,31
121113.6700000763,139.85000014305115,121.44171490333335,31.030101238333334,16.500999999999998,121.44171490360316,31.03010128512013,16.49972666961385,-167.03579510718873,-45.20089928525662,-0.6107874061326157,-167.03576934705336,-45.19571202010598,-0.6120607365187638,0.005341324275641799,0.005187328285858953,0.4715859164687671,-2.576024262968533e-05,-0.005187264322855743,0.001273330386148075,0.005187328285858953,0.005341324275641799,5,32
121113.76999998093,139.95000004768372,121.44172602166667,31.030104715,16.497,121.44172601266816,31.030104761035048,16.49422247140465,-165.9742822512164,-44.815440252347294,-0.6147874061326135,-165.97514137505266,-44.8103363338846,-0.6175649347279624,0.005873903327212205,0.005175719775978413,0.4814728446775889,0.000859127380990137,-0.005103917646542415,0.002777528595348855,0.005175719775978413,0.005873903327212205,5,32
121113.86999988556,140.04999995231628,121.44173711500001,31.030108206666668,16.489,121.44173712965211,31.030108251650336,16.488576911615404,-164.9151562452385,-44.42831816600875,-0.6227874061326126,-164.91375734890866,-44.42333081329742,-0.6232104945172097,0.005197077045808194,0.005179826834835841,0.4993476394240057,-0.0013989020494135952,-0.004987351912090416,0.0004230883845970368,0.005179826834835841,0.005197077045808194,5,31
121113.97000002861,140.15000009536743,121.44174825833333,31.030111719999997,16.48,121.44174825931776,31.030111781894757,16.484403895037165,-163.85125653441312,-44.03879388973796,-0.631787406132613,-163.8511625478158,-44.03193160010842,-0.6273835110954487,0.008154393227381129,0.006862932129082925,0.5053536418019459,-9.398697806567641e-05,-0.006862288529080717,-0.004403895037164318,0.006862932129082925,0.008154393227381129,5,31
121114.06999993324,140.25,121.44175940333335,31.030115263333332,16.474,121.4417593922079,31.030115317458325,16.480412484351547,-162.78719770057864,-43.64594350449297,-0.6377874061326132,-162.78825989318494,-43.63994265086555,-0.6313749217810667,0.008846380641297745,0.006094136107103174,0.5043897839846383,0.0010621968694104248,-0.00600085266462303,-0.00641248435154651,0.006094136107103174,0.008846380641297745,5,31
121114.1700000763,140.35000014305115,121.44177052833332,31.030118821666665,16.468,121.44177052396651,31.03011886042375,16.476704346902846,-161.72504835257007,-43.251430065113496,-0.6437874061326134,-161.72546526884648,-43.24713305562885,-0.6350830592297676,0.009716159743116851,0.0043171871801767825,0.48553554526507425,0.00041691793404459774,-0.00429700879507533,-0.008704346902845828,0.0043171871801767825,0.009716159743116851,5,32
121114.26999998093,140.45000004768372,121.441781675,31.030122371666668,16.465,121.44178166955545,31.03012240988895,16.472795396025806,-160.66083039329723,-42.85784054477599,-0.6467874061326135,-160.6613502067874,-42.8536028291544,-0.6389920101068078,0.008888005137000596,0.004269477264982409,0.4666380251365748,0.0005198155373063544,-0.004237714941259804,-0.007795396025805701,0.004269477264982409,0.008888005137000596,4,31
121114.36999988556,140.54999995231628,121.44179285166668,31.03012594833333,16.46,121.44179283867778,31.03012597106372,16.469614225430263,-159.5937482125735,-42.46129448406842,-0.6517874061326125,-159.594988316277,-42.458774358773724,-0.6421731807023505,0.010016098505838468,0.0028087183295522128,0.4331407498557482,0.0012401085405719984,-0.002520124890231229,-0.009614225430262024,0.0028087183295522128,0.010016098505838468,5,31
121114.47000002861,140.65000009536743,121.44180403166665,31.03012951,16.457,121.44180400955412,31.03012954445656,16.46671621922247,-158.5263477882609,-42.0664114760848,-0.6547874061326127,-158.52845896302304,-42.06259126757097,-0.645071186910144,0.010651572545678988,0.004364754485282356,0.42951239291154797,0.0021111829170455385,-0.0038202079010922346,-0.00971621922246868,0.004364754485282356,0.010651572545678988,5,31
121114.56999993324,140.75,121.44181521666665,31.03013306833333,16.451,121.44181517333189,31.030133115385233,16.464104379936323,-157.45846999006255,-41.67189803670533,-0.6607874061326129,-157.46260733891378,-41.666681379221316,-0.6476830261962903,0.014698845756271027,0.006658174903917117,0.46500087446567534,0.004137364676641676,-0.0052166566480485775,-0.01310437993632263,0.006658174903917117,0.014698845756271027,5,31
121114.6700000763,140.85000014305115,121.44182638666668,31.030136641666665,16.455,121.44182633557458,31.03013668405333,16.46466896026525,-156.39202430380433,-41.27572154319139,-0.6567874061326151,-156.3969022759822,-41.271022121941705,-0.6471184458673633,0.011805428347624136,0.006773429401704129,0.43918058526818665,0.004877990654728653,-0.0046994204996201275,-0.00966896026525177,0.006773429401704129,0.011805428347624136,5,32
121114.76999998093,140.95000004768372,121.44183753,31.030140229999997,16.462,121.44183748175205,31.030140268202448,16.467564341892224,-155.32812459297895,-40.87788199554297,-0.6497874061326137,-155.3327310245671,-40.873646478915894,-0.6442230642403892,0.008373820350189725,0.006257712566400584,0.4479093467107137,0.004606448866073097,-0.00423551595534023,-0.005564341892224434,0.006257712566400584,0.008373820350189725,5,32
121114.86999988556,141.04999995231628,121.44184865500002,31.030143828333333,16.467,121.44184862585413,31.030143837034338,16.471942696920006,-154.26597524011177,-40.478933744197896,-0.6447874061326146,-154.26875791776183,-40.477969061242185,-0.6398447092126069,0.005753626524214842,0.002945159645434338,0.44026554555347247,0.0027826879855508716,-0.0009646828039131546,-0.004942696920007705,0.002945159645434338,0.005753626524214842,5,32
121114.97000002861,141.15000009536743,121.44185982166667,31.030147406666668,16.475,121.44185978324617,31.03014741519972,16.477130390874787,-153.1998478047302,-40.08220289883562,-0.636787406132612,-153.20351596638528,-40.081256836807505,-0.6346570152578259,0.004346160058901821,0.0037882109205034727,0.4516525236207571,0.0036681751452720904,-0.0009460618805500226,-0.002130390874786059,0.0037882109205034727,0.004346160058901821,5,32
121115.06999993324,141.25,121.44187099000001,31.03015099,16.479,121.44187093775606,31.030151018371388,16.479644780906348,-152.13356124148106,-39.684917702330274,-0.6327874061326142,-152.13854918494982,-39.68177215845201,-0.6321426252262654,0.00593211149850481,0.005896965695465849,0.45738599950708725,0.004987961626883326,-0.003145543390614803,-0.0006447809063487853,0.005896965695465849,0.00593211149850481,5,31
121115.1700000763,141.35000014305115,121.44188209666666,31.030154558333333,16.479,121.44188204840302,31.03015459830169,16.478885539856066,-151.07316224900143,-39.289295559959406,-0.6327874061326142,-151.07777017702898,-39.28486425735772,-0.6329018662765478,0.0063939574215271305,0.006392932846804554,0.4625176994846569,0.004607944629365662,-0.004431301916643994,0.00011446014393357018,0.006392932846804554,0.0063939574215271305,5,31
121115.27099990845,141.45099997520447,121.44189314166667,31.030158101666665,16.478,121.44189318167452,31.030158181965994,16.476987842225704,-150.018650824862,-38.896445175419665,-0.6337874061326119,-150.01483111227844,-38.88754236557216,-0.6347995639069097,0.00974036807977205,0.009687636810356313,0.3761104389430524,-0.003819726201386007,-0.008902808473499576,0.0010121577742978616,0.009687636810356313,0.00974036807977205,5,31
121115.3710000515,141.55100011825562,121.44190410333334,31.030161695,16.476,121.44190412361681,31.03016173844719,16.479764623286897,-148.97209557546844,-38.49805127592292,-0.6357874061326143,-148.9701590298399,-38.493234273350325,-0.6320227828457163,0.006412965819074536,0.005191699346491844,0.3774198117385188,-0.0019365524615288271,-0.004817001833932647,-0.0037646232868979723,0.005191699346491844,0.006412965819074536,5,31
121115.47099995613,141.65100002288818,121.44191503166667,31.030165266666668,16.484,121.44191503838596,31.030165300433776,16.49110313556812,-147.92872279840256,-38.102059565653164,-0.6277874061326116,-147.92808128017617,-38.098315796530194,-0.6206842705644924,0.008054929324454448,0.0037983353620863057,0.4693499950610694,-0.0006415204671791216,-0.003743768557625536,-0.0071031355681192565,0.0037983353620863057,0.008054929324454448,5,31
121115.57100009918,141.75100016593933,121.44192593166666,31.030168766666666,16.494,121.44192593010439,31.030168849413098,16.50605316289142,-146.88805511977853,-37.714013559567405,-0.6177874061326136,-146.88820427543232,-37.704839439074085,-0.6057342432411943,0.015148116884477078,0.009175331572139041,0.4221847749224929,0.00014915616958719512,-0.009174119134596278,-0.012053162891419333,0.009175331572139041,0.015148116884477078,5,32
121115.67100000381,141.8510000705719,121.44193678666667,31.030172296666667,16.509,121.44193681233025,31.03017239672553,16.5221315336791,-145.8516837745456,-37.322641445212696,-0.6027874061326131,-145.8492335663758,-37.31154789025145,-0.5896558724535126,0.017363976040427723,0.011360919292345936,0.3579977888066383,-0.0024502165585623104,-0.01109355335243605,-0.013131533679100471,0.011360919292345936,0.017363976040427723,4,32
121115.77099990845,141.95099997520447,121.44194765833332,31.030175858333337,16.524,121.44194769306303,31.03017593451027,16.536562991391996,-144.81372119679273,-36.927758437934344,-0.5877874061326125,-144.81040540774782,-36.91931267901197,-0.5752244147406174,0.015496906391730993,0.009073332078058714,0.3528151792625549,-0.0033158002820952302,-0.008445757721364402,-0.012562991391995126,0.009073332078058714,0.015496906391730993,5,31
121115.8710000515,142.05100011825562,121.44195851833335,31.03017942,16.539,121.44195856806611,31.030179457290966,16.546177752374195,-143.776872477674,-36.53287543136124,-0.5727874061326119,-143.77212428760413,-36.52874097115633,-0.5656096537584183,0.009547740345259152,0.006295968277814577,0.4191723232470265,-0.004748205993887341,-0.0041344596254963934,-0.007177752374193602,0.006295968277814577,0.009547740345259152,5,32
121115.97099995613,142.15100002288818,121.44196935500001,31.03018291,16.552,121.44196941140173,31.030182965752044,16.555224713084687,-142.74225149282856,-36.145938128266884,-0.5597874061326138,-142.73686658965752,-36.139756883036995,-0.5565626930479262,0.008809309344426693,0.008197875130010692,0.49739355289483284,-0.005384921040626694,-0.006181244375808461,-0.003224713084687636,0.008197875130010692,0.008809309344426693,5,32
121116.07100009918,142.25100016593933,121.44198017666668,31.03018639333333,16.562,121.44198021945364,31.030186470457338,16.564887016793055,-141.70906261749397,-35.759739960265044,-0.5497874061326122,-141.7049775711432,-35.75118919970713,-0.5469003893395588,0.009906465840532602,0.009476455006291462,0.4631188277681744,-0.004085059763426772,-0.00855075939408297,-0.0028870167930534762,0.009476455006291462,0.009906465840532602,4,31
121116.17100000381,142.3510000705719,121.44199098833333,31.030189916666668,16.573,121.44199101915356,31.03018998780972,16.57590081663273,-140.6768284850723,-35.36910698100285,-0.538787406132613,-140.67388595076918,-35.361219330133046,-0.535886589499885,0.008904398974931144,0.008418645019719225,0.4658626353523036,-0.0029425438614449984,-0.00788764981420421,-0.0029008166327280094,0.008418645019719225,0.008904398974931144,4,31
121116.27099990845,142.45099997520447,121.44200180833334,31.030193435,16.581000000000003,121.4420018222709,31.030193513439,16.588292174803545,-139.64379873274675,-34.97902835288374,-0.5307874061326103,-139.64246805802023,-34.97033179856619,-0.5234952313290684,0.011427009980997669,0.008797769247963282,0.4880563773622461,-0.0013306790025374988,-0.008696553175403127,-0.00729217480354194,0.008797769247963282,0.011427009980997669,4,31
121116.3710000515,142.55100011825562,121.44201260333332,31.030196953333334,16.589000000000002,121.44201261333465,31.030197018781756,16.598694455057146,-138.61315583527426,-34.58894972476462,-0.5227874061326112,-138.61220096846776,-34.58169343991929,-0.5130929510754676,0.012146929300239917,0.007318840930779246,0.5355296685453921,-0.0009548698414448136,-0.007256283908168752,-0.009694455057143614,0.007318840930779246,0.012146929300239917,5,31
121116.47099995613,142.65100002288818,121.44202334666667,31.030200428333334,16.594,121.44202336200937,31.030200508443784,16.60579214385642,-137.58744576322903,-34.20367547650999,-0.5177874061326122,-137.58598093368204,-34.194793607888975,-0.5059952622761941,0.014835362007937891,0.009001850319579134,0.4771239803926888,-0.0014648341510968875,-0.00888186748864715,-0.011792143856418136,0.009001850319579134,0.014835362007937891,5,32
121116.57100009918,142.75100016593933,121.44203408,31.03020394333333,16.602,121.44203408172343,31.030204006709038,16.615043926933957,-136.56269043409677,-33.81396641628976,-0.5097874061326131,-136.56252589135343,-33.806939933424026,-0.49674347919865625,0.014816968428526638,0.007028408322909994,0.4535798647550196,-0.00016454325471436924,-0.00702648198395744,-0.01304392693395684,0.007028408322909994,0.014816968428526638,4,32
121116.67100000381,142.8510000705719,121.442044785,31.030207425000004,16.617,121.44204476600842,31.030207500907277,16.624441442055083,-135.54064020583567,-33.427953031532105,-0.4947874061326125,-135.54245340939013,-33.41953717061312,-0.48734596407753017,0.011379344652156313,0.008608973507533304,0.4886384005949843,0.0018132091263715555,-0.008415859879860951,-0.007441442055082348,0.008608973507533304,0.011379344652156313,4,30
121116.77099990845,142.95099997520447,121.44205546833334,31.030210884999995,16.627000000000002,121.44205543731674,31.030210966958126,16.63537776527661,-134.52065858155092,-33.04434183811721,-0.48478740613261095,-134.52361986264438,-33.035255116724436,-0.476409640856005,0.012709235841989162,0.009557077202649235,0.46011109669994665,0.002961290091197202,-0.009086720291346873,-0.008377765276605942,0.009557077202649235,0.012709235841989162,5,31
121116.8710000515,143.05100011825562,121.44206612333333,31.03021434166667,16.641000000000002,121.44206609295559,31.03021441791307,16.648010763731122,-133.50338205570807,-32.661100210485436,-0.4707874061326116,-133.50628234474954,-32.65264675014545,-0.4637766424014913,0.011358851610884213,0.008937152892532104,0.46285675915172814,0.0029002977550692116,-0.008453459336652388,-0.007010763731120306,0.008937152892532104,0.011358851610884213,5,32
121116.97099995613,143.15100002288818,121.442076725,31.03021782,16.657,121.44207670262551,31.030217857270053,16.65998140508174,-132.49119748316014,-32.275456394331925,-0.45478740613261337,-132.49333366740868,-32.27132425301539,-0.45180600105087265,0.005525094967807307,0.004651655419510375,0.4585392752768854,0.002136190593712252,-0.00413214083607947,-0.002981405081740718,0.004651655419510375,0.005525094967807307,5,32
121117.07100009918,143.25100016593933,121.44208728333334,31.030221241666663,16.668,121.44208726741701,31.03022126859996,16.67044702967227,-131.4831501209942,-31.89609522822794,-0.44378740613261414,-131.48466971876567,-31.89310912555731,-0.4413403764603423,0.00414897002759079,0.0033505220597494804,0.4655407142669873,0.0015196022335002234,-0.002986102329929273,-0.0024470296722718388,0.0033505220597494804,0.00414897002759079,5,30
121117.17100000381,143.3510000705719,121.44209783166667,31.03022467,16.682000000000002,121.44209780421686,31.030224674445424,16.682902585737306,-130.4760574993119,-31.51599492562092,-0.42978740613261124,-130.47867824569977,-31.51550206028284,-0.4288848203953073,0.0028153025952982772,0.0026666960250296056,0.457040413346804,0.002620753995065217,-0.0004928652830727725,-0.0009025857373039514,0.0026666960250296056,0.0028153025952982772,5,31
121117.27099990845,143.45099997520447,121.44210825666666,31.030228079999997,16.694000000000003,121.44210827011942,31.03022809932289,16.69625495922641,-129.48074001916865,-31.137927245752522,-0.4177874061326108,-129.47945562960433,-31.135784910960016,-0.41553244690620517,0.0033651306801362477,0.002497851753335739,0.46811278903280457,-0.0012843932492552284,-0.0021423345590523488,-0.0022549592264056173,0.002497851753335739,0.0033651306801362477,5,31
121117.3710000515,143.55100011825562,121.44211869333334,31.030231464999996,16.709,121.4421187135315,31.030231507610363,16.71029342909679,-128.48430867067415,-30.76263132301,-0.40278740613261377,-128.4823802704373,-30.75790709924615,-0.40149397703582324,0.0052640281933656425,0.0051026497030585965,0.4948843089135815,-0.0019284057050077059,-0.004724223261978387,-0.0012934290967905326,0.0051026497030585965,0.0052640281933656425,5,31
121117.47099995613,143.65100002288818,121.44212913499999,31.030234865000004,16.724,121.44212913545084,31.030234923203484,16.722607040475758,-127.48739995558172,-30.38567234472249,-0.3877874061326132,-127.48735691108541,-30.379219308566068,-0.38918036565685554,0.006601807030607982,0.006453179048593609,0.47182432823239945,-4.304461691729508e-05,-0.006453035486820289,0.0013929595242423432,0.006453179048593609,0.006601807030607982,5,31
121117.57100009918,143.75100016593933,121.44213950500001,31.03023831666667,16.735,121.44213951973626,31.03023833492998,16.73471737488503,-126.4973335468839,-30.0029850696443,-0.37678740613261397,-126.49592661690939,-30.000960211091257,-0.37707003124758387,0.002481812079157407,0.002465667098502931,0.4891412870402192,-0.0014069338689991894,-0.0020248583478611124,0.0002826251149699033,0.002465667098502931,0.002481812079157407,5,31
121117.67100000381,143.8510000705719,121.44214982666666,31.03024168333333,16.745,121.44214983321751,31.030241708752023,16.74480065242286,-125.51188172245381,-29.629721769640398,-0.3667874061326124,-125.51125628609242,-29.626903591726165,-0.3669867537097531,0.0028936201233318785,0.0028867452193845114,0.4685673362017589,-0.0006254380715922564,-0.0028181776346146623,0.00019934757714068496,0.0028867452193845114,0.0028936201233318785,5,31
121117.77099990845,143.95099997520447,121.44216007499999,31.030245063333336,16.756,121.44216007612499,31.030245059978053,16.755775131560974,-124.53343133228596,-29.254980197335687,-0.35578740613261317,-124.53332392389045,-29.255352198374755,-0.35601227457163986,0.0004477579556498874,0.0003871968129743128,0.5015574335577223,-0.00010740868563176864,0.0003720010029937028,0.00022486843902669307,0.0003871968129743128,0.0004477579556498874,4,30
121117.8710000515,144.05100011825562,121.44217030333333,31.030248429999997,16.77,121.44217029094179,31.03024843386038,16.7669867570344,-123.5568904230854,-28.88171689662653,-0.3417874061326138,-123.55807349447109,-28.881288895279372,-0.3448006490982145,0.0032653458713232234,0.0012581138619479672,0.4623607672389955,0.0011830745416704946,-0.00042800130662975534,0.003013242965600682,0.0012581138619479672,0.0032653458713232234,5,30
121117.97099995613,144.15100002288818,121.44218049000001,31.03025179666667,16.785,121.44218047986858,31.03025181451838,16.77946462939454,-122.58432759882852,-28.50845359521211,-0.32678740613261326,-122.58529488899714,-28.506474371084728,-0.3323227767380743,0.005957626235649156,0.0022029486203479325,0.4643943301832104,0.0009672927167126519,-0.001979223944905557,0.005535370605461054,0.0022029486203479325,0.005957626235649156,4,30
121118.07100009918,144.25100016593933,121.44219063999999,31.030255148333335,16.794,121.44219061908699,31.03025518534474,16.792502228435904,-121.61526549534665,-28.136853348637423,-0.3177874061326129,-121.61726214633829,-28.132749883817382,-0.3192851776967096,0.00480295493325652,0.004563447866764392,0.4749879758755694,0.0019966561850954362,-0.004103464452288653,0.0014977715640966949,0.004563447866764392,0.00480295493325652,5,31
121118.17199993134,144.35199999809265,121.44220069833334,31.030258493333335,16.8,121.44220077932636,31.030258586376203,16.80049455055603,-120.65495518165596,-27.765992237155253,-0.3117874061326127,-120.64722244766195,-27.755676547941384,-0.31129285557658193,0.012901685452068096,0.012892203351314127,0.4525613419199657,-0.0077327538424511195,-0.010315688307800535,-0.0004945505560307595,0.012892203351314127,0.012901685452068096,5,31
121118.27200007439,144.4520001411438,121.442210675,31.030261874999997,16.808,121.4422107662005,31.030261938454483,16.809621796188637,-119.70244192213138,-27.391065882311615,-0.30378740613261357,-119.69373463683667,-27.38403066553052,-0.3021656099439767,0.011311131281100641,0.01119426049280685,0.4317463096190696,-0.00870730735214177,-0.007035216176931179,-0.0016217961886368926,0.01119426049280685,0.011311131281100641,5,31
121118.37199997902,144.55200004577637,121.44222062833333,31.0302652,16.817,121.4422206829958,31.030265269654922,16.818985162810733,-118.75215638959223,-27.02242217681225,-0.29478740613261323,-118.74693754017959,-27.014699515414943,-0.29280224332188,0.009529789389259937,0.009320730358643198,0.46463197094545283,-0.00521886245910058,-0.007722660749477709,-0.001985162810733243,0.009320730358643198,0.009529789389259937,5,31
121118.47199988365,144.65199995040894,121.44223049333335,31.030268523333334,16.826,121.44223054067828,31.03026859322302,16.82912937202652,-117.81030440082613,-26.653963254557066,-0.2857874061326129,-117.80578418698266,-26.64621456490715,-0.2826580341060918,0.009500925467783403,0.008970764486040339,0.4590263160589796,-0.004520224993636158,-0.007748689016272984,-0.0031293720265210823,0.008970764486040339,0.009500925467783403,4,31
121118.5720000267,144.75200009346008,121.44224030666668,31.030271850000002,16.839,121.44224034586101,31.030271905847183,16.83995338125068,-116.87338524477516,-26.285134765108257,-0.27278740613261476,-116.8696432012833,-26.278942972039363,-0.2718340248819331,0.007297272694182491,0.007234725493348731,0.4817636497650452,-0.003742052599342489,-0.006191792576295184,-0.000953381250681673,0.007234725493348731,0.007297272694182491,5,31
121118.67199993134,144.85199999809265,121.44225004833334,31.030275188333334,16.85,121.44225008739097,31.030275225646168,16.850523783368242,-115.9433083975481,-25.915012788718602,-0.261787406132612,-115.93957940417386,-25.910875904541868,-0.2612636227643712,0.005594069664683177,0.005569494267568905,0.5171932004058014,-0.0037290023267907246,-0.0041368838566331854,-0.0005237833682407711,0.005569494267568905,0.005594069664683177,5,31
121118.77200007439,144.9520001411438,121.44225973500001,31.03027849,16.862000000000002,121.4422597674436,31.030278524671218,16.85920477702741,-115.01848262419573,-25.548956056395667,-0.24978740613261152,-115.01538510152616,-25.545112048949843,-0.252582629105202,0.005673125646551014,0.004936707722263616,0.5648912146839986,-0.003097530003521094,-0.003844007155605181,0.0027952229725904942,0.004936707722263616,0.005673125646551014,5,31
121118.87199997902,145.05200004577637,121.44226937166668,31.03028176666667,16.871000000000002,121.44226938640276,31.03028182500471,16.865972228507836,-114.09843055569088,-25.18567108119861,-0.24078740613261118,-114.0970236427214,-25.17920312601396,-0.24581517762477745,0.00831218007551426,0.006619203232288342,0.5537325169834105,-0.0014069162536146176,-0.006467954706524424,0.005027771492166266,0.006619203232288342,0.00831218007551426,5,31
121118.97199988365,145.15199995040894,121.44227894333332,31.030285038333332,16.879,121.44227894446104,31.030285106862088,16.873812899915404,-113.18458430883226,-24.82294045784988,-0.23278740613261206,-113.18447664050328,-24.815342655333033,-0.23797450621720984,0.009200227962492681,0.007598564816739935,0.4318674599743436,-0.00010766857674296243,-0.007597801968449833,0.005187100084597773,0.007598564816739935,0.009200227962492681,5,31
121119.0720000267,145.25200009346008,121.44228843499998,31.030288315,16.882,121.44228844388257,31.030288377330084,16.879715465263782,-112.2783759858428,-24.459655482652824,-0.22978740613261195,-112.27752792739852,-24.452744928690453,-0.2320719408688312,0.007327622715335244,0.0069623958302659494,0.44751002036351095,-0.0008480603676416968,-0.00691055347350269,0.002284534736219257,0.0069623958302659494,0.007327622715335244,4,31
121119.17199993134,145.35199999809265,121.44229787333333,31.030291566666666,16.887999999999998,121.44229789565286,31.03029162909984,16.88619461265978,-111.377259613719,-24.099142265286897,-0.22378740613261527,-111.37512867672551,-24.092220281207744,-0.22559279347283479,0.007464194074075064,0.0072425665152094,0.5058205439157354,-0.0021309417561601635,-0.006921983600030086,0.0018053873402195109,0.0072425665152094,0.007464194074075064,4,32
121119.27200007439,145.4520001411438,121.44230728333332,31.030294776666665,16.894,121.44230730393329,31.030294859999515,16.894572627357395,-110.47884834246638,-23.74324864242551,-0.21778740613261505,-110.47688157896489,-23.73400950560553,-0.21721477877521878,0.009463493830122424,0.009446153364323837,0.46253719560360834,-0.0019667678333871283,-0.009239136197279497,-0.0005726273573962715,0.009446153364323837,0.009463493830122424,4,32
121119.37199997902,145.55200004577637,121.44231662666668,31.03029802,16.9,121.44231666611763,31.03029809287862,16.901856270784627,-109.58680200858116,-23.383659343396285,-0.21178740613261482,-109.58303546332341,-23.375579269927385,-0.20993113534798624,0.009106055383698826,0.00891484735848712,0.45898909255730636,-0.0037665534308673246,-0.008080072937637777,-0.0018562707846285775,0.00891484735848712,0.009106055383698826,5,32
121119.47199988365,145.65199995040894,121.44232594833332,31.03030126,16.905,121.44232599198293,31.0303013096605,16.910949486520238,-108.69682428353087,-23.02443961226595,-0.20678740613261226,-108.69265687713954,-23.018933738340163,-0.20083791961237552,0.009114734442415335,0.006905214993124662,0.4867616128830417,-0.004167415300151087,-0.005505873574405813,-0.005949486520236746,0.006905214993124662,0.009114734442415335,5,32
121119.5720000267,145.75200009346008,121.44233521,31.030304440000002,16.914,121.44233524747337,31.03030449060288,16.92388928813325,-107.81257500381174,-22.67187209767351,-0.19778740613261192,-107.80899726742258,-22.666261742592592,-0.18789811799936373,0.011919494605752435,0.006654046278330051,0.461277227935466,-0.0035777439257818127,-0.005610354737063367,-0.009889288133248186,0.006654046278330051,0.011919494605752435,5,32
121119.67199993134,145.85199999809265,121.44234434166668,31.03030757666667,16.927,121.44234436970957,31.03030762567428,16.941446070121835,-106.94073735280934,-22.324108962945566,-0.1847874061326138,-106.93805998465277,-22.31867547529278,-0.17034133601077883,0.015664611601543657,0.006057319098598261,0.4871986619557344,-0.0026773737162029557,-0.005433487337431535,-0.014446070121834964,0.006057319098598261,0.015664611601543657,5,32
121119.77200007439,145.9520001411438,121.44235352166667,31.030310710000002,16.945,121.44235353788693,31.030310773053905,16.953755645769977,-106.06428512482704,-21.976715396116507,-0.16678740613261311,-106.06273651167864,-21.969724591548914,-0.15803176036263622,0.011310653756994858,0.007160276221020219,0.43884557560496606,-0.0015486163162070686,-0.006990804178811251,-0.008755645769976894,0.007160276221020219,0.011310653756994858,5,32
121119.87199997902,146.05200004577637,121.44236272666667,31.030313901666666,16.961,121.44236273910873,31.030313948398977,16.96860032715461,-105.18544604442097,-21.622854395288478,-0.15078740613261488,-105.1842581509051,-21.617673170672813,-0.1431870789780021,0.00927475903903576,0.005315654463472119,0.37435385533078097,-0.0011878959091610394,-0.005181224342182988,-0.007600327154612785,0.005315654463472119,0.00927475903903576,5,32
121119.97199988365,146.15199995040894,121.442371935,31.03031709333333,16.985,121.44237196091574,31.030317135548223,16.988989741327153,-104.30628871799678,-21.268993395165708,-0.12678740613261397,-104.30381443561521,-21.26431301799843,-0.12279766480546073,0.006629182584528751,0.005294150156675271,0.7456201131028641,-0.0024742872920708136,-0.0046803769375683485,-0.00398974132715324,0.005294150156675271,0.006629182584528751,5,32
121120.0720000267,146.25200009346008,121.44238099666667,31.030320169999996,16.993000000000002,121.44238101304254,31.030320237690066,16.99500131884686,-103.44113425523848,-20.927882477680917,-0.1187874061326113,-103.4395707845846,-20.92037765990816,-0.11678608728575313,0.007922878996653636,0.007665946417033294,0.4607728366780562,-0.0015634737075680158,-0.007504817415138701,-0.002001318846858169,0.007665946417033294,0.007922878996653636,5,32
121120.17199993134,146.35199999809265,121.44238998500002,31.030323266666663,16.997,121.44238997049104,31.030323305577276,16.998475256807833,-102.5829812267424,-20.584554154213322,-0.11478740613261351,-102.58436646077489,-20.58024012332628,-0.11331214932478062,0.0047650943440094885,0.00453097577330247,0.4948256663823104,0.0013852366944010288,-0.004314030685882848,-0.001475256807832892,0.00453097577330247,0.0047650943440094885,5,32
121120.27200007439,146.4520001411438,121.44239892499999,31.030326358333333,17.004,121.44239887986454,31.03032637651038,17.00401690099351,-101.72944278494337,-20.2417801818888,-0.10778740613261206,-101.73375205184638,-20.239764887339817,-0.10777050513910424,0.004757262747202258,0.004757232725265481,0.4417982600815009,0.004309275049352918,-0.0020152944577309876,-1.690099350781793e-05,0.004757232725265481,0.004757262747202258,5,32
121120.37199997902,146.55200004577637,121.44240787166667,31.030329409999997,17.01,121.44240782283349,31.030329441602003,17.014994275133958,-100.87526784382023,-19.903441021529886,-0.10178740613261184,-100.87993014895743,-19.899937298259303,-0.09679313099865539,0.0076782830028796,0.005832087598678029,0.40650597081718604,0.004662313809629124,-0.003503723119653667,-0.0049942751339564495,0.005832087598678029,0.0076782830028796,5,32
121120.47199988365,146.65199995040894,121.44241683,31.030332476666665,17.024,121.44241680576434,31.030332495825345,17.026621709562175,-100.01997904163366,-19.563438807036498,-0.08778740613261249,-100.02229292077311,-19.561314678479864,-0.0851656965704386,0.004091373736736634,0.003141015444926096,0.4490811144208329,0.0023138833739160154,-0.002124128470027017,-0.0026217095621738906,0.003141015444926096,0.004091373736736634,5,32
121120.5720000267,146.75200009346008,121.44242576500001,31.03033552333333,17.031,121.44242578722222,31.030335552863242,17.039023605763397,-99.16691796643252,-19.225653997820654,-0.08078740613261459,-99.16479632145314,-19.222380008119632,-0.07276380036921637,0.008921807597709391,0.0039013332803168473,0.49036119729114386,-0.002121648798407846,-0.0032739895754755172,-0.008023605763398223,0.0039013332803168473,0.008921807597709391,5,32
121120.67199993134,146.85199999809265,121.44243471,31.030338566666668,17.049,121.44243474373982,31.030338591929574,17.050000082078654,-98.31290215074773,-18.88823875579844,-0.06278740613261391,-98.30968087302566,-18.885437850358457,-0.06178732405395948,0.004384278934633714,0.0042686927287668725,0.4361264418869315,-0.0032212834237401095,-0.0028009053387368105,-0.0010000820786544296,0.0042686927287668725,0.004384278934633714,4,32
121120.77200007439,146.9520001411438,121.44244367333334,31.03034156833333,17.063,121.44244368179501,31.030341596122174,17.05966959354639,-97.45713597710471,-18.555443110396535,-0.048787406132614564,-97.45632810631788,-18.5523621533428,-0.05211781258622494,0.004608314262756832,0.0031851143147583237,0.4142190847725735,-0.0008078721926160902,-0.0030809569484944216,0.0033304064536103795,0.0031851143147583237,0.004608314262756832,4,32
121120.87199997902,147.05200004577637,121.44245263833334,31.03034457833333,17.079,121.44245261274081,31.03034461561311,17.070089722818402,-96.60121068045261,-18.221723545247414,-0.03278740613261277,-96.60365410363012,-18.21759032559137,-0.04169768331421153,0.010121604632093177,0.004801441541400934,0.46272889484947677,0.002443427356283805,-0.004133219523574148,0.008910277181598758,0.004801441541400934,0.010121604632093177,5,32
121120.97199988365,147.15199995040894,121.44246159999999,31.03034759333333,17.092,121.44246156519125,31.030347630597923,17.082110691239702,-95.74560362981865,-17.88744962895522,-0.01978740613261465,-95.74892696422195,-17.883318092750077,-0.02967671489291135,0.011221078684170244,0.005302280554615983,0.4709592244472391,0.003323339988483201,-0.00413153608247674,0.0098893087602967,0.005302280554615983,0.011221078684170244,5,32
121121.0720000267,147.25200009346008,121.44247058,31.030350560000002,17.102,121.4424705429361,31.030350620030188,17.09380509389182,-94.88824622122645,-17.55853444226008,-0.009787406132613086,-94.89178486313628,-17.551878878567603,-0.017982312240793163,0.011134407917749544,0.007537808272764475,0.481380212718711,0.0035386477528217084,-0.006655563510207565,0.008194906108180078,0.007537808272764475,0.011134407917749544,5,32
121121.17300009727,147.35300016403198,121.44247955833335,31.030353560000002,17.112000000000002,121.44247961444289,31.030353651365214,17.105699547478327,-94.03104793321401,-17.22592358010236,0.00021259386738847752,-94.02569092551964,-17.215793892818542,-0.006087858654286293,0.013076845407196615,0.011458978306369258,0.4773953658652712,-0.005357016380156493,-0.010129687030139493,0.006300452521674771,0.011458978306369258,0.013076845407196615,5,32
121121.27300000191,147.45300006866455,121.44248853833332,31.03035657666667,17.122999999999998,121.44248860671385,31.030356643944934,17.11645486780456,-93.1736905270511,-16.891464879860724,0.011212593867384157,-93.16716195792215,-16.88400571908188,0.004667461671946427,0.01187855980318357,0.009912690227282047,0.4913493395490248,-0.006528579521161893,-0.007459160608132697,0.006545132195437731,0.009912690227282047,0.01187855980318357,5,32
121121.37299990654,147.55299997329712,121.44249753999999,31.030359551666667,17.136,121.44249760221106,31.030359629730786,17.125662579939792,-92.31426451205326,-16.56162577482888,0.024212593867385834,-92.30832496673672,-16.55297078348243,0.013875173807178953,0.014732597678148366,0.010497008185431455,0.48462480228946636,-0.005939554594416242,-0.00865499116492697,0.010337420060206881,0.010497008185431455,0.014732597678148366,5,32
121121.47300004959,147.65300011634827,121.44250654333334,31.030362546666666,17.15,121.44250659001881,31.03036262586924,17.138235471820703,-91.45467937404635,-16.229569263814234,0.03821259386738518,-91.45022211997552,-16.220788051734083,0.026448065688089883,0.0153421309072027,0.009847682848889441,0.45375466007299187,-0.004457260902541183,-0.008781211917439928,0.011764528179295297,0.009847682848889441,0.0153421309072027,5,32
121121.57299995422,147.75300002098083,121.44251551,31.030365556666666,17.165,121.44251555107954,31.030365639253137,17.1512261040324,-90.59859495195592,-15.895849698665112,0.05321259386738575,-90.59467292032836,-15.886693313295305,0.03943869789978649,0.016998293408930932,0.00996101243297375,0.491992068720679,-0.0039220375234252265,-0.009156385223149044,0.013773895967599259,0.00996101243297375,0.016998293408930932,5,32
121121.67300009727,147.85300016403198,121.44252448666666,31.030368563333333,17.176000000000002,121.442524508132,31.030368660686282,17.164650449948237,-89.74155579181112,-15.562499701414877,0.06421259386738853,-89.73950640833563,-15.551706151932635,0.052863043815623456,0.01579597982659732,0.010986386681013408,0.48408399059980317,-0.0020493864958823493,-0.01079354933723119,0.011349550051765078,0.010986386681013408,0.01579597982659732,5,32
121121.77300000191,147.95300006866455,121.44253352166668,31.030371584999997,17.191,121.44253353117377,31.030371681883718,17.1812898353941,-88.87894730448564,-15.227486650030169,0.07921259386738555,-88.87803962410598,-15.216745123906021,0.06950242926148675,0.014508327395469615,0.010779808307223483,0.4462697993148317,-0.0009076816911169674,-0.010741526013006505,0.009710164605898797,0.010779808307223483,0.014508327395469615,5,32
121121.87299990654,148.05299997329712,121.44254257666668,31.030374643333335,17.205,121.44254260994299,31.030374710586848,17.19678504366585,-88.01442933862215,-14.888408353873482,0.0932125938673849,-88.0112523127509,-14.880951937253608,0.08499763753323819,0.011540241657689597,0.008105039786820126,0.4821624344871925,-0.0031770303687391976,-0.007456416564412567,0.008214956334146706,0.008105039786820126,0.011540241657689597,5,32
121121.97300004959,148.15300011634827,121.44255162500001,31.030377648333335,17.22,121.4425517078432,31.03037771128605,17.209093292104274,-87.15054786722419,-14.555243139867432,0.10821259386738546,-87.14263848779026,-14.548263554544477,0.0973058859716609,0.015173310264402318,0.010548604991047686,0.5002870304774292,-0.007909390397957235,-0.006979585287813171,0.010906707895724566,0.010548604991047686,0.015173310264402318,5,32
121122.07299995422,148.25300002098083,121.44256071666665,31.03038064166667,17.226,121.44256079051254,31.0303806976723,17.21745125451774,-86.28252918544422,-14.223371412802228,0.11421259386738569,-86.2754788156702,-14.217162052461232,0.10566384838512732,0.012702167283696171,0.009394892462533486,0.5338148387230117,-0.007050379336554673,-0.006209360320777929,0.008548745482258369,0.009394892462533486,0.012702167283696171,5,32
121122.17300009727,148.35300016403198,121.44256982666666,31.030383623333332,17.233,121.44256986513838,31.030383673077797,17.223246350196057,-85.41276014327674,-13.89279317267787,0.12121259386738714,-85.40908708904222,-13.887277990051432,0.11145894406344325,0.01179161935354205,0.006626356652101727,0.5057410486816357,-0.003673059105486635,-0.005515182616056746,0.009753649803943887,0.006626356652101727,0.01179161935354205,5,32
121122.27300000191,148.45300006866455,121.44257895833334,31.03038658666667,17.235,121.44257897019195,31.03038664207469,17.2285569530572,-84.54092249227433,-13.564247553881614,0.12321259386738603,-84.53979030468682,-13.558104451121398,0.11676954692458708,0.00897398559399365,0.0062465641383159225,0.46140859106152987,-0.001132189054760613,-0.006143102756618582,0.006443046942798958,0.0062465641383159225,0.00897398559399365,5,32
121122.37299990654,148.55299997329712,121.44258809833333,31.030389584999998,17.236,121.44258808986197,31.030389640793878,17.23354596157241,-83.66828922865591,-13.231821476378597,0.12421259386738726,-83.66909802500021,-13.225635592666682,0.12175855543979708,0.006703850769100692,0.006238534325487251,0.515958732063867,0.0008087973677536183,-0.0061858837160261495,0.002454038427590177,0.006238534325487251,0.006703850769100692,5,32
121122.47300004959,148.65300011634827,121.44259724833334,31.030392576666667,17.235,121.44259723986362,31.030392653221902,17.23594663351399,-82.79470122212454,-12.900134532557578,0.12321259386738603,-82.79550986299463,-12.89164683194056,0.12415922738137652,0.00857852427067046,0.008526134156384837,0.5385143857430045,0.0008086418681867715,-0.008487700629834182,-0.0009466335139904913,0.008526134156384837,0.00857852427067046,5,32
121122.57299995422,148.75300002098083,121.44260642166667,31.030395584999997,17.233,121.44260639424436,31.030395653981333,17.232184472736538,-81.91888548860777,-12.566599752063158,0.12121259386738714,-81.9215036089388,-12.558951771143207,0.12039706660392469,0.00812473184679495,0.008083698588200424,0.5551031991832973,0.002618123478964852,-0.007647980930531044,0.0008155272634624566,0.008083698588200424,0.00812473184679495,5,32
121122.67300009727,148.85300016403198,121.44261561333333,31.030398623333333,17.231,121.44261556644034,31.030398700876635,17.225707819905416,-81.04131939470348,-12.229738861889276,0.11921259386738825,-81.04579646202063,-12.221141613543487,0.11392041377280293,0.011043732523131343,0.009693134574993989,0.5189362411860868,0.0044770725531529144,-0.008597248352976011,0.005292180094585319,0.009693134574993989,0.011043732523131343,5,32
121122.77300000191,148.95300006866455,121.44262477833333,31.030401711666666,17.225,121.44262473801265,31.030401771127256,17.217038725612234,-80.16629927866128,-11.88733445746364,0.11321259386738802,-80.17014885930075,-11.880742044690349,0.10525131947962052,0.01103000910324029,0.007634082193704809,0.49143496904604006,0.0038495850128765045,-0.0065924127729441685,0.007961274387767503,0.007634082193704809,0.01103000910324029,5,32
121122.87299990654,149.05299997329712,121.44263394,31.030404765000004,17.218,121.44263388388771,31.030404836447584,17.21053444634865,-79.29159740863722,-11.548810512450023,0.10621259386738657,-79.29695467869435,-11.540889098762863,0.0987470402160362,0.012131928611259864,0.009562907534192453,0.4899507189278095,0.005357275966365914,-0.007921413682399937,0.007465553651350376,0.009562907534192453,0.012131928611259864,5,32
121122.97300004959,149.15300011634827,121.44264307666666,31.030407838333335,17.208,121.44264302596146,31.030407908847224,17.202811004247,-78.41928239103692,-11.208069162864119,0.09621259386738501,-78.42412342351102,-11.200251267654886,0.09102359811438632,0.010558447225696214,0.009195386391727843,0.5099561769014997,0.00484103765265807,-0.007817895198755254,0.005188995752998693,0.009195386391727843,0.010558447225696214,5,32
121123.07299995422,149.25300002098083,121.44265226833335,31.030410911666664,17.198999999999998,121.4426522305418,31.030410962566126,17.19633638328726,-77.54171629470333,-10.867327813278214,0.08721259386738467,-77.54532440929816,-10.861684575541958,0.08454897715464682,0.007208294107823772,0.006698107938254693,0.4935801686924031,0.0036081183357410634,-0.005643237725614584,0.0026636167127378485,0.006698107938254693,0.007208294107823772,5,32
121123.17300009727,149.35300016403198,121.442661555,31.030413983333332,17.195,121.44266153257034,31.030413996752856,17.194875828178663,-76.65508016256045,-10.526771246936494,0.08321259386738689,-76.65722161592761,-10.525283420505248,0.08308842204604971,0.0026105321035109793,0.0026075772706186996,0.5496571738717938,0.0021414555190364913,-0.0014878264287998856,0.0001241718213371712,0.0026075772706186996,0.0026105321035109793,5,33
121123.27300000191,149.45300006866455,121.44267083333334,31.030417009999997,17.189,121.44267084238159,31.030417013133686,17.189918456642594,-75.76923964789216,-10.191203843703457,0.07721259386738666,-75.76837577480423,-10.190856411032891,0.07813105050998104,0.0013078800511207144,0.0009311217019239667,0.5148040736814563,-0.0008638739281226982,-0.0003474326698853226,-0.0009184566425943785,0.0009311217019239667,0.0013078800511207144,5,33
121123.37299990654,149.55299997329712,121.44268008833333,31.030420024999998,17.181,121.44268012889833,31.03042002140492,17.18129717378375,-74.88562686263857,-9.856929927411263,0.06921259386738754,-74.88175395600705,-9.857328514562038,0.06950976765113737,0.003904691785928792,0.0038933668829628154,0.49117114746845253,-0.003872910271293978,0.0003985871496388171,-0.0002971737837498267,0.0038933668829628154,0.003904691785928792,5,33
121123.47300004959,149.65300011634827,121.44268944666668,31.030423021666667,17.17,121.44268943339668,31.030423010043812,17.170755081779102,-73.99214841924251,-9.524688632447173,0.05821259386738831,-73.99341535925457,-9.525977261570754,0.05896767564648897,0.001958533482850938,0.0018071261467640834,0.5541527247374552,0.0012669411610684222,0.0012886291183692076,-0.0007550817791006637,0.0018071261467640834,0.001958533482850938,5,33
121123.57299995422,149.75300002098083,121.44269881666666,31.030425991666668,17.162,121.44269877146647,31.030426006130853,17.165879263972847,-73.09755611235376,-9.195403878558402,0.050212593867385635,-73.10187155935716,-9.19380023042301,0.05409185784023407,0.006020256781486014,0.004603781352756506,0.5174491439591048,0.0043154507787946704,-0.0016036481284212552,-0.0038792639728484346,0.004603781352756506,0.006020256781486014,5,33
121123.67300009727,149.85300016403198,121.44270811,31.03042902666667,17.16,121.44270809256246,31.03042903223635,17.16194843275306,-72.21028348574536,-8.858912556283405,0.048212593867386744,-72.21194831830502,-8.858295044347535,0.0501610266204473,0.0026361682995203,0.0017756669479935148,0.46405950834331605,0.0016648339624969616,-0.0006175119330938226,-0.0019484327530605583,0.0017756669479935148,0.0026361682995203,5,33
121123.77300000191,149.95300006866455,121.44271740499998,31.03043205666667,17.153,121.44271739022331,31.030432068232127,17.156148704454953,-71.32285173612789,-8.52297558515148,0.041212593867385294,-71.32426252623584,-8.521693319571044,0.04436129832233959,0.0036808798812491793,0.0019064461585725217,0.42908030891417376,0.0014107912506835967,-0.001282265574103328,-0.0031487044549542986,0.0019064461585725217,0.0036808798812491793,5,33
121123.87299990654,150.05299997329712,121.442726735,31.030435068333336,17.147,121.44272668845899,31.030435098486823,17.150801405326995,-70.43207839117373,-8.189071236052916,0.03521259386738507,-70.4365218517658,-8.185728110613121,0.0390139991943812,0.006735840169075198,0.0055606528684330235,0.42940625224570167,0.004443464046857299,-0.003343125422041323,-0.0038014053269961323,0.0055606528684330235,0.006735840169075198,5,33
121123.97399997711,150.15400004386902,121.44273603833332,31.030438093333334,17.142,121.44273605360353,31.030438166656655,17.14630818647682,-69.54385102408168,-7.853688617474578,0.03021259386738606,-69.54239311556691,-7.8455592394172635,0.034520780344205804,0.009315189637826495,0.008259073027260238,0.48660086515478024,-0.0014579096005333668,-0.008129378012264543,-0.004308186476819742,0.008259073027260238,0.009315189637826495,5,33
121124.07399988174,150.2539999485016,121.44274523833334,31.030441136666663,17.139,121.44274526546295,31.030441211567812,17.140668256192406,-68.6654893102735,-7.516273376157622,0.027212593867385948,-68.66289913643412,-7.507969064489677,0.02888085005979235,0.008857408213054746,0.008698885073915355,0.49471644647205865,-0.002590175683702583,-0.00830431161847526,-0.0016682561924064032,0.008698885073915355,0.008857408213054746,5,33
121124.1740000248,150.35400009155273,121.44275442000001,31.030444166666665,17.133,121.44275445209766,31.030444253814565,17.13671390356797,-67.78887795928215,-7.180336405025697,0.02121259386738572,-67.78581346516792,-7.17067429252724,0.0249264974353558,0.010795398716390863,0.01013644680021913,0.4621220656958728,-0.0030644961969676617,-0.009662112439443217,-0.0037139035679700783,0.01013644680021913,0.010795398716390863,5,33
121124.27399992943,150.4539999961853,121.44276363833333,31.030447223333333,17.128999999999998,121.44276365783143,31.030447295600883,17.134529729223754,-66.90876588994502,-6.841442892818452,0.017212593867384385,-66.90690432661923,-6.833430569256308,0.02274232309114055,0.009911642441520412,0.008225737085543507,0.4903949090616529,-0.0018615645311843541,-0.008012323514232445,-0.0055297292237561635,0.008225737085543507,0.009911642441520412,5,33
121124.37400007248,150.55400013923645,121.44277283166666,31.030450273333333,17.128999999999998,121.4427728688396,31.030450332616457,17.133457533308068,-66.03104067546094,-6.503288516408981,0.017212593867384385,-66.02749162163673,-6.496715779629286,0.021670127175454468,0.008698636101874664,0.007469716650602153,0.5218924755410875,-0.003549056009091955,-0.006572736742378423,-0.004457533308070083,0.007469716650602153,0.008698636101874664,5,33
121124.47399997711,150.65400004386902,121.44278197333333,31.030453299999998,17.125,121.44278202895175,31.03045335562721,17.131108347411004,-65.15824828640417,-6.167721113175942,0.013212593867386602,-65.15293816633456,-6.161553708634756,0.01932094127839079,0.010175765057874053,0.00813844496323032,0.45334663096370353,-0.005310123168935215,-0.006167404506781309,-0.006108347411004189,0.00813844496323032,0.010175765057874053,5,33
121124.57399988174,150.7539999485016,121.44279106166665,31.030456331666663,17.125,121.44279112568483,31.03045636264596,17.126168051146113,-64.29054785064233,-5.831599358799831,0.013212593867386602,-64.28443577266496,-5.828164675352928,0.01438064501349956,0.007107667136702629,0.007011033350814041,0.4600777058032812,-0.006112081348015683,-0.003434683426673489,-0.0011680511461129583,0.007011033350814041,0.007107667136702629,5,33
121124.6740000248,150.85400009155273,121.44280011833334,31.03045932,17.124,121.4428001701596,31.030459340502233,17.123208754615455,-63.4258707593405,-5.5002819828777,0.01221259386738538,-63.420922692580746,-5.498008894658177,0.011421348482841154,0.005502398510481672,0.00544521074978631,0.47564887974699965,-0.004948069332250751,-0.0022730882061257544,0.0007912453845442258,0.00544521074978631,0.005502398510481672,5,33
121124.77399992943,150.9539999961853,121.44280912999999,31.030462286666662,17.122,121.44280920579033,31.030462297714827,17.124436655370214,-62.565490003859004,-5.171366797593074,0.010212593867386488,-62.55825399057441,-5.170141884300356,0.012649249237600912,0.0077328934711001565,0.0073389612372725226,0.4555176478903212,-0.007236016824416698,-0.0012249132862970848,-0.0024366553702144245,0.0073389612372725226,0.0077328934711001565,5,33
121124.87400007248,151.05400013923645,121.44281816166668,31.030465255,17.125,121.4428182151515,31.030465257633004,17.12529711294277,-61.70319976498094,-4.842266826948488,0.013212593867386602,-61.69809335015395,-4.841974905136942,0.013509706810157951,0.0051233768879025655,0.005114754601614033,0.47515850961348816,-0.005106417167786762,-0.00029192181018989407,-0.00029711294277134925,0.005114754601614033,0.0051233768879025655,5,33
121124.97399997711,151.15400004386902,121.44282717333333,31.030468165000002,17.128,121.44282721890892,31.03046819896049,17.128903538944087,-60.84281901192873,-4.5196342903028714,0.016212593867386715,-60.838467723258276,-4.515869081335997,0.017116132811473506,0.005824681141045502,0.005754174812374895,0.4975482690529863,-0.004351290533838333,-0.003765208953232021,-0.0009035389440867903,0.005754174812374895,0.005824681141045502,5,33
121125.07399988174,151.2539999485016,121.44283613833335,31.03047106,17.13,121.44283617659138,31.030471102051596,17.131621364515887,-59.986893710418066,-4.1986648084969875,0.018212593867385607,-59.98324105974609,-4.194002536008426,0.019833958383273398,0.006140641260663385,0.005922723376858112,0.5212450932006495,-0.003652652126951753,-0.004662272475762907,-0.001621364515887791,0.005922723376858112,0.006140641260663385,5,33
121125.1740000248,151.35400009155273,121.44284500999998,31.030473960000002,17.133,121.44284505038873,31.03047400847055,17.13544852269471,-59.139879333854076,-3.877140974842773,0.02121259386738572,-59.13602325487794,-3.8717670314196417,0.023661116562095685,0.007052934654076798,0.006614274249543003,0.4730911486325099,-0.003856080397355998,-0.005373943414039123,-0.0024485226947099648,0.006614274249543003,0.007052934654076798,5,33
121125.27399992943,151.4539999961853,121.44285384833331,31.030476873333335,17.136,121.44285388333928,31.030476910739527,17.139599926591778,-58.29604742232986,-3.5541388710035275,0.024212593867385834,-58.292705258540536,-3.549991635754784,0.027812520459164602,0.0064287711127371345,0.005326314537629895,0.450608274758417,-0.0033421649219596066,-0.004147235246304494,-0.003599926591778768,0.005326314537629895,0.0064287711127371345,5,33
121125.37400007248,151.55400013923645,121.442862725,31.030479763333332,17.14,121.44286273634637,31.03047979263207,17.144672717464232,-57.44855566702154,-3.2337237403407153,0.02821259386738717,-57.447472383365145,-3.230475381126779,0.03288531133161854,0.0057930674347854705,0.003424228643569099,0.49591411424786,-0.001083283991757733,-0.0032483592160720935,-0.0046727174642313685,0.003424228643569099,0.0057930674347854705,5,33
121125.47399997711,151.65400004386902,121.44287159,31.030482645,17.144,121.44287160821168,31.030482690544083,17.150731287131922,-56.6021777800645,-2.914232528719862,0.03221259386738495,-56.60043903651661,-2.909183043481927,0.03894388099930879,0.008592482676471174,0.005340461786498787,0.45084901758788126,-0.0017387440351738952,-0.005049485248339776,-0.006731287131923835,0.005340461786498787,0.008592482676471174,5,33
121125.57399988174,151.7539999485016,121.44288037166667,31.030485535000004,17.146,121.44288042061326,31.030485581892314,17.15499879299126,-55.76375606542406,-2.593817398057049,0.0342125938673874,-55.75908293539407,-2.588618434086321,0.04321138685864767,0.011394983855525887,0.006990520850991048,0.5245460290564841,-0.0046731312015878546,-0.005198963987265795,-0.008998792991260274,0.006990520850991048,0.011394983855525887,5,33
121125.6740000248,151.85400009155273,121.44288908333334,31.030488359999996,17.144,121.44288912910876,31.030488415891647,17.15584988992474,-54.932017541457,-2.2806088364857215,0.03221259386738495,-54.92764717318419,-2.2744121136632462,0.04406248379212485,0.01406838272675544,0.007582842561864163,0.49638188024152774,-0.004370369239674827,-0.00619672284574054,-0.011849889924739898,0.007582842561864163,0.01406838272675544,5,33
121125.77399992943,151.9539999961853,121.44289776333332,31.030491173333335,17.148,121.44289776340395,31.030491234073086,17.15775254018906,-54.10330236194995,-1.9686937611499808,0.03621259386738629,-54.10329562068479,-1.9619595273355155,0.04596513405644487,0.011851666172277474,0.006734237218861796,0.4846989697803046,-6.741266449301857e-06,-0.006734233844709442,-0.009752540189058578,0.006734237218861796,0.011851666172277474,5,33
121125.87400007248,152.05400013923645,121.44290641,31.030494023333336,17.155,121.44290638546109,31.030494063920585,17.162592849971237,-53.27776965234124,-1.6527134417475187,0.04321259386738774,-53.28011248369623,-1.6482135217717095,0.05080544383862318,0.009131785764855484,0.005073277103562083,0.5370333363495968,0.0023428317375185103,-0.004499920001422611,-0.007592849971235438,0.005073277103562083,0.009131785764855484,4,33
121125.97399997711,152.15400004386902,121.44291505999999,31.030496845000002,17.162,121.44291503153566,31.03049689829764,17.170123049875684,-52.45191869671442,-1.3398744473698194,0.050212593867385635,-52.45463630354343,-1.3339653231272075,0.058335643743070875,0.010406107724665417,0.006504086307427916,0.5193807424600758,0.002717607195467914,-0.005909124285849158,-0.00812304987568524,0.006504086307427916,0.010406107724665417,5,33
121126.07399988174,152.2539999485016,121.44292366833334,31.030499671666668,17.168,121.44292367387938,31.030499731281115,17.177003821615457,-51.63004582603125,-1.0264811018490483,0.05621259386738586,-51.62951632455354,-1.0198716309999478,0.06521641548284407,0.01118187288583339,0.00663064684264993,0.42355877651710505,-0.0005295015340078068,-0.0066094709075255696,-0.009003821615458207,0.00663064684264993,0.01118187288583339,5,33
121126.1740000248,152.35400009155273,121.44293224500001,31.030502493333334,17.169,121.4429322771517,31.03050254973427,17.179091123920376,-50.81119630466665,-0.7136421074713489,0.057212593867387085,-50.808126650751646,-0.7073889195757492,0.06730371778776245,0.012261970404389347,0.00696599858037226,0.432958865057838,-0.0030696541519995564,-0.006253187955663913,-0.010091123920375367,0.00696599858037226,0.012261970404389347,5,33
121126.27399992943,152.4539999961853,121.44294082500001,31.030505291666667,17.169999999999998,121.44294084718395,31.030505348973897,17.177729648798984,-49.992028534854654,-0.40339008627008244,0.058212593867384754,-49.98991054351952,-0.3970364174428621,0.06594224266637028,0.010227534729295717,0.0066973872579754335,0.4952986136527292,-0.002117991436250051,-0.006353668889646607,-0.007729648798985522,0.0066973872579754335,0.010227534729295717,5,33
121126.37400007248,152.55400013923645,121.44294937499998,31.030508063333333,17.169,121.44294937284432,31.03050811748447,17.177644277226957,-49.17572499135216,-0.09609460684939354,0.057212593867387085,-49.17593080035536,-0.09009085461149689,0.06585687109434346,0.010526676958860585,0.006007278836522383,0.4551387154259307,0.00020580900707049447,-0.00600375229938231,-0.008644277226956376,0.006007278836522383,0.010526676958860585,5,33
121126.47399997711,152.65400004386902,121.44295787166666,31.030510830000004,17.169,121.44295786108383,31.03051087137512,17.178652134825754,-48.36451339385675,0.2106465221334814,0.057212593867387085,-48.36552378196594,0.2152337932522902,0.06686472869314031,0.010734414170266451,0.004697226935575818,0.43750065817477185,0.0010103880992840615,-0.004587271168475233,-0.009652134825753222,0.004697226935575818,0.010734414170266451,5,33
121126.57399988174,152.7539999485016,121.44296634166668,31.030513568333337,17.173,121.44296629860014,31.03051360715419,17.180051954640327,-47.555847774223444,0.5142463260915935,0.06121259386738487,-47.559959513554944,0.5185504050826689,0.06826454850771313,0.009228302101423584,0.0059524360917099835,0.42747229806661097,0.004111739174539802,-0.004304079040450624,-0.007051954640328262,0.0059524360917099835,0.009228302101423584,5,33
121126.6740000248,152.85400009155273,121.44297473833333,31.030516303333336,17.177,121.44297469786396,31.030516347728685,17.182229531030274,-46.75418359128165,0.8174765621508189,0.0652125938673862,-46.75804736866113,0.8223986869580884,0.07044212489766011,0.008155003474046761,0.006257482470220521,0.4359762429147873,0.0038637771226760036,-0.004922124867514299,-0.005229531030273904,0.006257482470220521,0.008155003474046761,5,33
121126.77399992943,152.9539999961853,121.44298311333333,31.030519008333332,17.182,121.44298306971699,31.030519063455426,17.184168369594865,-45.954588012316215,1.117380689235838,0.07021259386738521,-45.958752243632375,1.1234920913531627,0.0723809634622512,0.007706612919046956,0.007395272542921061,0.43633556765723747,0.004164230922499099,-0.006111402196565404,-0.002168369594865993,0.007395272542921061,0.007706612919046956,5,33
121126.875,153.0550000667572,121.44299147333335,31.030521691666664,17.182,121.44299151916097,31.03052178175046,17.184449264963742,-45.15642454286161,1.4148826270938677,0.07021259386738521,-45.1520491921258,1.424870242969912,0.07266185883112897,0.01117564592253578,0.01090395171134153,0.4639993240782745,-0.00437535019811321,-0.009987616010196756,-0.002449264963743758,0.01090395171134153,0.01117564592253578,5,33
121126.97499990463,153.15499997138977,121.44299979666667,31.03052438666667,17.182,121.4429998355709,31.030524472853532,17.183909420149867,-44.361761794182044,1.7136780518927428,0.07021259386738521,-44.35804744696551,1.7232336140090305,0.07212201401725338,0.010428376012422873,0.010252079835221447,0.46221771240193876,-0.0037143466553243394,-0.009555562247813317,-0.0019094201498681684,0.010252079835221447,0.010428376012422873,5,33
121127.07500004768,153.25500011444092,121.44300802166666,31.030527096666667,17.182,121.4430080891059,31.030527158797824,17.18489624103803,-43.57648732975918,2.014136530826092,0.07021259386738521,-43.57004862958991,2.0210250299595556,0.07310883490541542,0.009863897751436873,0.009429118023464925,0.48915804886062225,-0.006438699016738485,-0.006888499232219015,-0.0028962410380302117,0.009429118023464925,0.009863897751436873,5,33
121127.17499995232,153.3550000190735,121.44301623499999,31.030529723333334,17.182000000000002,121.44301628694048,31.030529795882458,17.182917227111417,-42.79232673125831,2.305355818634596,0.07021259386738876,-42.787367759439356,2.313399361148403,0.07112982097880405,0.009493749256230394,0.00944933698024681,0.4623839386926368,-0.004958970793133852,-0.00804354262990539,-0.0009172271114152863,0.00944933698024681,0.009493749256230394,5,33
121127.27500009537,153.45500016212463,121.44302444666667,31.03053234666667,17.18,121.44302446931168,31.03053243143149,17.18310790876501,-42.00832525333722,2.5962055399547292,0.06821259386738632,-42.00616324093332,2.60560343952412,0.0713205026323962,0.010131826650644504,0.009643381895739947,0.45764918459354437,-0.0021620118971979203,-0.009397899709161597,-0.0031079087650098813,0.009643381895739947,0.010131826650644504,5,33
121127.375,153.5550000667572,121.443032635,31.030535001666667,17.18,121.44303266045361,31.030535061824196,17.18333147383948,-41.22655150726011,2.8905661527879962,0.06821259386738632,-41.224121345548006,2.897235835040841,0.07154406770686705,0.007841496254816544,0.007098615750352836,0.47854320807373524,-0.0024301610758570642,-0.006669682354996121,-0.0033314738394807364,0.007098615750352836,0.007841496254816544,5,33
121127.47499990463,153.65499997138977,121.44304076833332,31.030537605000003,17.178,121.44304081821431,31.030537664383456,17.183638458397574,-40.450028835057715,3.1791984681253256,0.06621259386738743,-40.44526649197493,3.1857823282345654,0.07185105226496091,0.009890365359139638,0.008125706974540884,0.5130027002861992,-0.0047623417066697095,-0.006583860213052568,-0.005638458397573487,0.008125706974540884,0.009890365359139638,5,33
121127.57500004768,153.75500011444092,121.44304883333334,31.030540173333332,17.176000000000002,121.44304889810365,31.030540242130026,17.184145080770843,-39.68003022566108,3.4639503219348606,0.06421259386738853,-39.67384633802679,3.4715778313301695,0.07235767463822995,0.012757808759714254,0.00981933519062829,0.49319950250330485,-0.006183885681339963,-0.0076275095192356,-0.008145080770841417,0.00981933519062829,0.012757808759714254,5,33
121127.67499995232,153.8550000190735,121.44305684333334,31.030542696666664,17.177,121.44305691349359,31.030542774507058,17.18464051608659,-38.91528269256843,3.7437130140462314,0.0652125938673862,-38.908584204689035,3.7523432007627417,0.07285310995397509,0.013331441050533632,0.010924734981427682,0.49329898669060135,-0.006698485587224786,-0.00863018686079111,-0.007640516086588889,0.010924734981427682,0.013331441050533632,5,33
121127.77500009537,153.95500016212463,121.44306486833332,31.030545198333336,17.172,121.44306489759173,31.03054526796946,17.186464444388847,-38.14910304996496,4.021073516930612,0.0602125938673872,-38.14630963001777,4.0287940942904585,0.07467703825623317,0.0166322174582826,0.008210390130900155,0.5015544960196419,-0.002793418919323832,-0.007720577494122208,-0.014464444388845976,0.008210390130900155,0.0166322174582826,5,33
121127.875,154.0550000667572,121.44307285333335,31.03054766833333,17.176000000000002,121.44307287917682,31.03054774276817,17.191260998991176,-37.38674236686679,4.294923126186086,0.06421259386738853,-37.38427498365388,4.3031757382093705,0.07947359285856237,0.017524031301985918,0.0086135696934763,0.46974841254221816,-0.002467382243064391,-0.008252612176213295,-0.015260998991173835,0.0086135696934763,0.017524031301985918,5,33
121127.97499990463,154.15499997138977,121.44308080166665,31.030550143333336,17.186,121.44308085523079,31.030550184201765,17.196288358415963,-36.62788240454366,4.5693270879951475,0.07421259386738654,-36.62276841763613,4.573858182491364,0.0845009522833493,0.012350464658292303,0.006832544063554617,0.46451975335393336,-0.005113984770980643,-0.004531094585483016,-0.010288358415962762,0.006832544063554617,0.012350464658292303,5,33
121128.07500004768,154.25500011444092,121.443088765,31.03055252,17.184,121.44308876631437,31.030552567903488,17.198769023148383,-35.86759033028042,4.83282880454489,0.07221259386738765,-35.86746484071858,4.838139877741528,0.08698161701576979,0.015695454502116724,0.0053125556251740974,0.46118644344148485,-0.00012548950632666146,-0.005311073305309467,-0.014769023148382132,0.0053125556251740974,0.015695454502116724,5,33
121128.17499995232,154.3550000190735,121.44309654166666,31.030554843333334,17.187,121.44309655275575,31.030554886568556,17.198882229312847,-35.12512008647622,5.090417438943994,0.07521259386738777,-35.124061365317836,5.095210940203478,0.08709482318023376,0.01285635711120362,0.00490902686158258,0.45237209913428456,-0.001058720664485716,-0.0047935013593750275,-0.011882229312845993,0.00490902686158258,0.01285635711120362,5,33
121128.27500009537,154.45500016212463,121.44310421,31.03055711833333,17.19,121.4431041802837,31.030557150625928,17.196601028314124,-34.39299286984166,5.34264734233553,0.07821259386738788,-34.395830007197034,5.346227631943421,0.08481362218151034,0.008027539441869687,0.004568130327270346,0.493933536784534,0.0028371359637001767,-0.0035802896824707006,-0.006601028314122459,0.004568130327270346,0.008027539441869687,5,33
121128.375,154.5550000667572,121.44311173666668,31.03055934,17.191000000000003,121.44311166711945,31.030559357649963,17.19594714051596,-33.67439115027509,5.588964164281686,0.0792125938673891,-33.681031109397246,5.590921021150854,0.0841597343833449,0.00850837822976582,0.006922304588512526,0.47184042717007035,0.006639955711325224,-0.0019568569104002247,-0.004947140515955795,0.006922304588512526,0.00850837822976582,5,33
121128.47499990463,154.65499997138977,121.44311915333334,31.030561453333334,17.193,121.44311906210892,31.030561474016856,17.19753558161296,-32.966291583316504,5.823270038682378,0.081212593867388,-32.975001152138894,5.825563226755566,0.0857481754803473,0.010083983347730363,0.009006398813592963,0.48145934215512726,0.008709564158026971,-0.002293188122832636,-0.004535581612959305,0.009006398813592963,0.010083983347730363,5,33
121128.57500004768,154.75500011444092,121.44312644666667,31.030563505,17.194000000000003,121.44312636111562,31.03056353519584,17.20073225130582,-32.26996715546767,6.050738911890472,0.08221259386738922,-32.27813506424222,6.0540867329381856,0.08894484517320578,0.011101611297525207,0.008827375927005176,0.5130147559194854,0.008167904228469025,-0.0033478211229437454,-0.006732251305816561,0.008827375927005176,0.011101611297525207,5,33
121128.67499995232,154.8550000190735,121.44313361333334,31.03056550166667,17.196,121.44313356322382,31.030565518530732,17.202730969257104,-31.585736110317416,6.272109918998484,0.08421259386738811,-31.590520273235754,6.273979642649382,0.09094356312449037,0.008466994877107026,0.005136541161998111,0.5134524685890612,0.004784160157928138,-0.0018697236940772562,-0.0067309692571022595,0.005136541161998111,0.008466994877107026,4,33
121128.77500009537,154.95500016212463,121.44314068333333,31.030567408333333,17.203,121.44314065053386,31.030567433762954,17.205827705406048,-30.91073423370267,6.483502599889135,0.091212593867386,-30.9138657323486,6.486321989436652,0.09404029927343416,0.005074558870872875,0.004213695512321773,0.5115921538305881,0.003131496777948753,-0.0028193896148381516,-0.0028277054060481532,0.004213695512321773,0.005074558870872875,5,33
121128.875,155.0550000667572,121.44314769166667,31.03056920666667,17.209,121.44314767313601,31.030569236277017,17.206372735401352,-30.241619920569583,6.682884333939581,0.09721259386738623,-30.243389120060268,6.686167241628309,0.09458532926873886,0.0045618050893036655,0.0037292822904000027,0.500002365262551,0.001769198402163313,-0.0032829077683166593,0.002627264598647372,0.0037292822904000027,0.0045618050893036655,5,33
121128.97499990463,155.15499997138977,121.44315464333334,31.03057091166667,17.207,121.44315462079014,31.030570941958768,17.20524466221099,-29.577915809178837,6.87191817387378,0.09521259386738734,-29.580068102014497,6.875276667591161,0.09345725607837707,0.004358101643555843,0.0039889646754561105,0.48819485509297716,0.002152291472704315,-0.003358493799095208,0.0017553377890102695,0.0039889646754561105,0.004358101643555843,5,33
121129.07500004768,155.25500011444092,121.44316149833334,31.03057255166667,17.204,121.44316149625064,31.030572568996604,17.200328581677198,-28.923440861465018,7.053745445421753,0.09221259386738723,-28.923639705708865,7.055666820054508,0.0885411755445844,0.004148557838337287,0.0019316365178307902,0.4546904339173458,0.00019884411439653876,-0.0019213746785016496,0.003671418322802822,0.0019316365178307902,0.004148557838337287,4,33
121129.17499995232,155.3550000190735,121.443168295,31.03057412166667,17.199,121.44316827029391,31.030574143624875,17.197196560064956,-28.274535233644023,7.2278117967351685,0.08721259386738822,-28.276894027829037,7.230246309347885,0.08540915393234272,0.00383968099121157,0.0033898015450693477,0.47307578259522215,0.0023587926094092346,-0.002434512670074015,0.0018034399350455033,0.0033898015450693477,0.00383968099121157,5,33
121129.27500009537,155.45500016212463,121.44317494666666,31.030575586666668,17.193,121.44317489125211,31.03057562465989,17.191766298344184,-27.639473353767713,7.39023676769675,0.081212593867388,-27.64476400797869,7.3944490869769215,0.07997889221157095,0.006874346367443741,0.0067627374785674795,0.529820165546896,0.0052906505906182,-0.004212319376781932,0.0012337016558170433,0.0067627374785674795,0.006874346367443741,4,33
121129.375,155.5550000667572,121.44318147666667,31.030576913333334,17.186,121.4431813979118,31.030576974116343,17.185321853193912,-27.016027487562805,7.537324682138662,0.07421259386738654,-27.023546536812503,7.544063711707686,0.07353444706129864,0.010119803711995511,0.010097056208554594,0.5006101350702354,0.007519043990859731,-0.00673902971815877,0.0006781468060879092,0.010097056208554594,0.010119803711995511,5,33
121129.47499990463,155.65499997138977,121.44318789166667,31.03057818666667,17.182000000000002,121.44318780698207,31.030578240356604,17.176247018625702,-26.403561142993063,7.678499515135193,0.07021259386738876,-26.411646327334356,7.6844521333453635,0.06445961249308851,0.011571541479299612,0.010040108441351909,0.5245081023727957,0.00808517856803904,-0.005952618334567406,0.005752981374300248,0.010040108441351909,0.011571541479299612,5,33
121129.57500004768,155.75500011444092,121.443194215,31.030579381666666,17.174,121.44319414948176,31.030579407297765,17.16708851698536,-25.799846588214496,7.81098950814995,0.06221259386738609,-25.806101884673726,7.81383123533484,0.055301110852745694,0.009745393169011221,0.006870523310268868,0.5949936434185749,0.006255291907373288,-0.0028417272406932596,0.006911483014640396,0.006870523310268868,0.009745393169011221,4,33
121129.67499995232,155.8550000190735,121.44320047499998,31.030580465000003,17.17,121.44320044163662,31.030580478853754,17.159824029422623,-25.20217873207308,7.931098986425615,0.05821259386738831,-25.205364068527427,7.932634955885312,0.04803662329000957,0.010772925915057036,0.0035363194962601714,0.67621796185788,0.0031853340971500182,-0.0015359694883568713,0.010175970577378735,0.0035363194962601714,0.010772925915057036,4,33
121129.77600002289,155.95600008964539,121.44320666166668,31.030581384999998,17.166,121.44320670767297,31.03058142404058,17.152333854085395,-24.611512302906036,8.033099650350477,0.05421259386738697,-24.607119893732783,8.037428091069454,0.040546447952781506,0.014993070840954855,0.006166735690995932,0.5612287644955164,-0.004392405874279412,-0.004328440795274759,0.013666145914605465,0.006166735690995932,0.014993070840954855,5,33
121129.87599992752,156.05599999427795,121.44321273333335,31.030582200000005,17.157,121.44321278589523,31.030582228122004,17.145767873611227,-24.031825397803445,8.123458935334021,0.04521259386738663,-24.02680710042184,8.126576829571473,0.03398046747861372,0.012691146454169145,0.005908006017921892,0.5782705189552318,-0.005018293565228619,-0.003117894289578517,0.011232126388772912,0.005908006017921892,0.012691146454169145,5,33
121129.97600007057,156.1560001373291,121.44321867833332,31.030582874999997,17.149,121.4432187244426,31.030582882570968,17.13970800490109,-23.464231882687294,8.198296378437934,0.03721259386738751,-23.45982963976941,8.199135774421569,0.0279205987684783,0.010316272170110968,0.00448155091119729,0.613826526370951,-0.004402239535731424,-0.0008393959969504488,0.009291995098909211,0.00448155091119729,0.010316272170110968,5,33
121130.0759999752,156.25600004196167,121.44322453499998,31.030583354999997,17.143,121.44322454553385,31.030583337281534,17.136151884839826,-22.905071908914913,8.25151411638317,0.031212593867387284,-22.904066197178842,8.249549665295605,0.02436447870721281,0.007194942944338983,0.0022069260806111914,0.6353517533695164,-0.00100571095806406,0.0019644511177710038,0.006848115160174473,0.0022069260806111914,0.007194942944338983,5,33
121130.17600011826,156.35600018501282,121.44323028333335,31.030583673333332,17.139,121.44323025353712,31.030583635434866,17.133038609623405,-22.356254959882886,8.286807824632303,0.027212593867385948,-22.35909972762163,8.282606010875647,0.02125120349079168,0.007828544277407135,0.005074241842992238,0.7022860068157392,0.002844765527819545,0.004201813819400242,0.005961390376594267,0.005074241842992238,0.007828544277407135,5,33
121130.27600002289,156.45600008964539,121.44323586666665,31.030583843333336,17.135,121.44323587440842,31.0305838013135,17.129013517511915,-21.82319124219212,8.305655774075621,0.023212593867388165,-21.822452105587743,8.300997022940372,0.0172261113793013,0.007621565286103167,0.004717020757868483,0.6672663803847346,-0.0007391360281786543,0.004658751201986476,0.005986482488086864,0.004717020757868483,0.007621565286103167,5,33
121130.37599992752,156.55599999427795,121.44324141833334,31.030583851666666,17.130000000000003,121.4432414509488,31.03058380566144,17.127077101075308,-21.293150868961355,8.30657969311758,0.01821259386738916,-21.290036936473385,8.301479080199242,0.01528969494269461,0.0066525297001307,0.005976019853308764,0.6304219525326691,-0.0031139300594090016,0.005100612989852254,0.0029228989246945503,0.005976019853308764,0.0066525297001307,5,33
121130.47600007057,156.6560001373291,121.44324691833332,31.030583623333335,17.130000000000003,121.44324698517747,31.030583608436057,17.126181135304698,-20.768043326016464,8.281264311085808,0.01821259386738916,-20.761661441958697,8.279612645457895,0.01439372917208459,0.007618405852789737,0.006592145339476161,0.6395484050238334,-0.006381879092774193,0.0016516656507867804,0.003818864695304569,0.006592145339476161,0.007618405852789737,5,33
121130.5759999752,156.75600004196167,121.44325237,31.03058321833333,17.127000000000002,121.4432524653946,31.030583186237877,17.12689048471929,-20.24755036248075,8.236361843812944,0.015212593867389046,-20.238442648465128,8.232803411561713,0.015103078586676588,0.009778791352102292,0.00977817808751922,0.7278834639600464,-0.009107706971172825,0.0035584323006755355,0.00010951528071245775,0.00977817808751922,0.009778791352102292,5,33
121130.67600011826,156.85600018501282,121.44325776,31.030582626666668,17.128,121.44325787311328,31.030582581464188,17.127349440880792,-19.732944969714556,8.170763591128617,0.016212593867386715,-19.722145579542886,8.165751978951794,0.015562034748178633,0.011923344062541173,0.011905582995643305,0.7061196474713628,-0.010799381887792125,0.005011612246351315,0.0006505591192080828,0.011905582995643305,0.011923344062541173,5,33
121130.77600002289,156.95600008964539,121.44326309666667,31.030581881666663,17.131,121.44326318533275,31.030581830718784,17.126647104070056,-19.223431525384722,8.08816522637963,0.01921259386738683,-19.214966211425832,8.0825166202193,0.014859697937442462,0.011068689488581808,0.010176845484614335,0.6833894350489124,-0.008465307530879226,0.0056486062374142025,0.004352895929944367,0.010176845484614335,0.011068689488581808,5,33
121130.87599992752,157.05599999427795,121.44326828666665,31.030581018333336,17.125,121.44326840869576,31.030580963255044,17.124779067209296,-18.727920954437913,7.9924472125042945,0.013212593867386602,-18.71627033560538,7.98634066608846,0.012991661076682703,0.013155813803597009,0.01315395855006794,0.6806045948827021,-0.011650610087989968,0.006106546496550385,0.00022093279070389826,0.01315395855006794,0.013155813803597009,5,33
121130.97600007057,157.1560001373291,121.44327351333335,31.030579948333337,17.123,121.4432735618949,31.030579938947923,17.123099304124338,-18.228909660286778,7.873816005118917,0.01121259386738771,-18.224273290193477,7.8727754413367,0.011311897991724607,0.004752739225368692,0.004751701677846357,0.7506128515686221,-0.004636366661803073,0.0010405637955305342,-9.93041243368964e-05,0.004751701677846357,0.004752739225368692,5,33
121131.0759999752,157.25600004196167,121.44327862999998,31.030578740000003,17.119,121.44327863525716,31.030578750648562,17.120876568969166,-17.740400523602197,7.739847740508613,0.007212593867386374,-17.739898599364857,7.741028349492303,0.009089162836552589,0.0022731643750013406,0.0012828737972761337,0.7484085840727983,-0.0005019238719065149,-0.001180608998164955,-0.0018765689691662146,0.0012828737972761337,0.0022731643750013406,5,33
121131.17600011826,157.35600018501282,121.44328357499998,31.030577443333332,17.114,121.44328360000486,31.030577446053446,17.119296584120526,-17.26828110300726,7.596085934335649,0.002212593867387369,-17.265893786590112,7.596387513950567,0.007509177987913063,0.005817561786642172,0.0024062879702135254,0.7067909294343536,-0.0023873147109905366,-0.0003015796184799264,-0.005296584120525694,0.0024062879702135254,0.005817561786642172,5,33
121131.27600002289,157.45600008964539,121.443288445,31.03057606666666,17.111,121.44328847962709,31.030576066942377,17.11676378487058,-16.803322239683613,7.443454504936727,-0.0007874061326127446,-16.800016250373357,7.443485073640492,0.00497637873796819,0.0066446745957679815,0.0033061283171266515,0.6753058588145922,-0.003305986993869747,-3.056870410692278e-05,-0.005763784870580935,0.0033061283171266515,0.0066446745957679815,5,33
121131.37599992752,157.55599999427795,121.44329328833334,31.030574621666666,17.107,121.44329331955022,31.030574638151748,17.116320052016963,-16.34090935422207,7.28324693995795,-0.0047874061326140804,-16.337928949799135,7.285074645746333,0.004532645884349762,0.009954229074175201,0.0034961846150114973,0.6703495492078971,-0.002980402378957824,-0.0018277058083142467,-0.009320052016963842,0.0034961846150114973,0.009954229074175201,5,33
121131.47600007057,157.6560001373291,121.44329808333332,31.030573116666666,17.109,121.44329811602714,31.030573152544704,17.114692750184435,-15.883111050598997,7.1163871577360185,-0.002787406132611636,-15.879989638343309,7.120364966028777,0.0029053440518218565,0.007614037379050247,0.005056299095900753,0.6625903697106614,-0.003121410162659435,-0.00397780833420279,-0.005692750184433493,0.005056299095900753,0.007614037379050247,5,33
121131.5759999752,157.75600004196167,121.44330280833334,31.030571506666668,17.11,121.44330283971046,31.030571561067152,17.112553741489656,-15.431995930361458,6.937885995162253,-0.0017874061326139667,-15.42900022873251,6.943917392104149,0.0007663353570421805,0.007202330309644984,0.006734386853547961,0.6831603637577457,-0.0029956996690189727,-0.006031397001216155,-0.0025537414896561472,0.006734386853547961,0.007202330309644984,4,33
121131.67600011826,157.85600018501282,121.44330744166668,31.030569823333334,17.113,121.44330751751724,31.030569858474347,17.11150253742859,-14.989632604773664,6.751254344455043,0.001212593867386147,-14.982390841372077,6.7551504387321835,-0.0002848687040248876,0.008358529502631752,0.008223297470819627,0.6714099811257482,-0.007241758791321284,-0.003896094313785199,0.0014974625714110346,0.008223297470819627,0.008358529502631752,4,34
121131.77600002289,157.95600008964539,121.44331211666668,31.030568051666666,17.117,121.44331216627161,31.030568050839047,17.1108908733881,-14.543291191812935,6.554829151479916,0.005212593867387483,-14.538555206469574,6.554737393179528,-0.0008965327445125126,0.007730418940991071,0.0047368712293040845,0.6779841365023827,-0.004735982417320267,9.175830121616107e-05,0.006109126611899995,0.0047368712293040845,0.007730418940991071,5,34
121131.87599992752,158.05599999427795,121.44331672333334,31.03056619,17.119,121.44331678369383,31.030566153946666,17.110837474041556,-14.103473844087251,6.348425632992687,0.007212593867386374,-14.097710980649877,6.344428389904579,-0.000949932091057093,0.01076175347622757,0.007013451921902134,0.6797625484411357,-0.0057628599910584085,0.003997243122990022,0.008162525958443467,0.007013451921902134,0.01076175347622757,5,34
121131.97600007057,158.1560001373291,121.44332126166667,31.030564218333332,17.117,121.4433213460939,31.030564157637787,17.11006075458612,-13.670180556738043,6.129826383010551,0.005212593867387483,-13.662119944611897,6.123097050739348,-0.0017266515464946508,0.012586120661793803,0.010500347918004846,0.6866954557317518,-0.008060607472870195,0.006729332327018621,0.0069392454138821336,0.010500347918004846,0.012586120661793803,5,34
121132.0759999752,158.25600004196167,121.44332575833332,31.030562078333332,17.12,121.44332583270592,31.03056203801535,17.11136630480595,-13.24086536162034,5.892563968239798,0.008212593867387596,-13.233764703222896,5.888093901836117,-0.00042110132666195454,0.012039164439522649,0.008390517725272523,0.6948732288527747,-0.007100654457038419,0.004470066440205653,0.008633695194049551,0.008390517725272523,0.012039164439522649,5,34
121132.17600011826,158.35600018501282,121.44333018833335,31.03055982,17.124,121.44333023666611,31.030559784681238,17.11535670264327,-12.817915099011485,5.642181902932179,0.01221259386738538,-12.81330057304657,5.638266100924834,0.0035692965106548513,0.010551489093650956,0.006052051957524006,0.6933503463654708,-0.004614523515674511,0.003915802040432727,0.008643297356730528,0.006052051957524006,0.010551489093650956,5,34
121132.27600002289,158.45600008964539,121.44333454333334,31.030557458333337,17.124,121.44333456459958,31.030557428804663,17.118386722909104,-12.402125398532489,5.38034324051691,0.01221259386738538,-12.40009502421009,5.377069388341203,0.006599316776490838,0.0068080396349375644,0.003852340064391942,0.7089034169559884,-0.002030373295680839,0.0032738522037357525,0.005613277090894542,0.003852340064391942,0.0068080396349375644,5,34
121132.37599992752,158.55599999427795,121.44333880166666,31.030555024999998,17.122,121.44333882450763,31.030555001630457,17.1200154624361,-11.995564861730418,5.110558873917642,0.010212593867386488,-11.993384141404725,5.10796788641254,0.008228056303487108,0.003925193279369837,0.0033865547297928685,0.6983219556106607,-0.0021807192788051255,0.002590987526973085,0.00198453756389938,0.0033865547297928685,0.003925193279369837,4,34
121132.47600007057,158.6560001373291,121.44334299833332,31.030552498333336,17.122,121.44334300305916,31.030552506587004,17.121117411213685,-11.594891893268583,4.830426615317901,0.010212593867386488,-11.594440699784478,4.831341701708375,0.009330005081071846,0.0013490446459856406,0.0010202737334334203,0.6929219491465051,-0.00045119327934226976,-0.0009150863980032368,0.000882588786314642,0.0010202737334334203,0.0013490446459856406,5,34
121132.5759999752,158.75600004196167,121.44334708666665,31.03054989666667,17.122,121.44334708150814,31.030549928204145,17.123329916564757,-11.204561951976384,4.541979083930015,0.010212593867386488,-11.205054457876782,4.54547565306321,0.01154251043214316,0.003773226182904052,0.0035310845016989453,0.6943587268435928,0.0004925056903258455,-0.0034965691617834696,-0.0013299165647566724,0.0035310845016989453,0.003773226182904052,5,34
121132.67700004578,158.85700011253357,121.443351045,31.030547221666666,17.127,121.44335108644455,31.0305472266715,17.126674080963383,-10.826643641830179,4.245401065113944,0.015212593867385493,-10.822686762113024,4.245955952253114,0.014886674830769664,0.00400886612404149,0.003995595622940195,0.7322342385834749,-0.003956878143150458,-0.0005548871437662131,0.00032591903661582933,0.003995595622940195,0.00400886612404149,4,34
121132.77699995041,158.95700001716614,121.44335488833333,31.030544435000003,17.131,121.44335491769537,31.03054444612575,17.129869880053075,-10.459704855748424,3.936442530853523,0.01921259386738683,-10.45690154132449,3.9376760454730935,0.018082473920461695,0.003264551333393047,0.003062698861122368,0.7237231602909295,-0.0028033133916491155,-0.001233514629877159,0.0011301199469251344,0.003062698861122368,0.003264551333393047,4,34
121132.87700009346,159.05700016021729,121.44335862999999,31.030541591666665,17.133,121.44335864632365,31.030541588593984,17.131337166518698,-10.102472602370781,3.621201346543576,0.02121259386738572,-10.100914116609191,3.620860677297455,0.01954976038608436,0.0023043322134838873,0.0015952842265761751,0.7198718826539562,-0.001558485234585088,0.0003406692488954768,0.0016628334813013623,0.0015952842265761751,0.0023043322134838873,4,34
121132.97699999809,159.15700006484985,121.44336227500001,31.030538686666667,17.134,121.44336228067374,31.030538669392993,17.131179804849545,-9.75446951024078,3.2991231617462895,0.022212593867386943,-9.75392781618296,3.2972080244154927,0.019392398716931325,0.003451765346950595,0.0019902721732857486,0.7226613483661396,-0.0005416938911536561,0.0019151373454774432,0.0028201951504556177,0.0019902721732857486,0.003451765346950595,4,34
121133.07699990273,159.25699996948242,121.44336581499998,31.030535710000002,17.134999999999998,121.44336583454012,31.030535695008297,17.130428511341208,-9.416491201691583,2.9690992734702615,0.023212593867384612,-9.414625625187398,2.967437138286992,0.01864110520859441,0.005209757742050666,0.0024986130499557997,0.7037635403997884,-0.0018655759879442296,0.0016621351950474232,0.0045714886587902015,0.0024986130499557997,0.005209757742050666,4,34
121133.17700004578,159.35700011253357,121.44336923666667,31.030532670000003,17.137,121.44336929923479,31.030532673872322,17.130520450718063,-9.089810658366385,2.6320535993469343,0.025212593867387056,-9.083837022897084,2.6324829244633983,0.01873304458544922,0.008823445029007084,0.005989041933635857,0.693947815936888,-0.005973634004923377,-0.00042932511931147816,0.006479549281937835,0.005989041933635857,0.008823445029007084,5,34
121133.27699995041,159.45700001716614,121.44337256499999,31.03052958,17.136,121.44337264878688,31.030529598857452,17.13069336712317,-8.772041032699994,2.2894644109718545,0.024212593867385834,-8.764041555953623,2.291555142034792,0.01890596099055486,0.009824617543612956,0.008268177392194972,0.7130915326023105,-0.007999475042602833,-0.0020907310758628106,0.0053066328768309745,0.008268177392194972,0.009824617543612956,5,34
121133.37700009346,159.55700016021729,121.44337577333333,31.03052643833333,17.134999999999998,121.44337586194949,31.03052645330623,17.129962090050885,-8.46572829769595,1.9411469243955792,0.023212593867384612,-8.45726774999372,1.9428069741308738,0.018174683918271484,0.00998584715628758,0.008621867939916714,0.6881146302713177,-0.008460546177343577,-0.0016600497445560683,0.0050379099491131285,0.008621867939916714,0.00998584715628758,5,34
121133.47699999809,159.65700006484985,121.44337887000002,31.030523271666667,17.137999999999998,121.44337894657575,31.030523276104944,17.128118516466667,-8.170076835879666,1.5900576813986858,0.026212593867384726,-8.16276583786298,1.5905497540267466,0.01633111033405399,0.012301891258805073,0.007327537903278165,0.6828525482819539,-0.007310996939567736,-0.0004920726304209131,0.009881483533330737,0.007327537903278165,0.012301891258805073,5,34
121133.57699990273,159.75699996948242,121.44338185166667,31.030520093333333,17.142,121.44338191414596,31.03052008247471,17.125879432650265,-7.885404898127829,1.2376749507556888,0.03021259386738606,-7.879439745720844,1.2364710520362934,0.014092026517651846,0.017230934360002753,0.006085425806088399,0.683101122612397,-0.005965151725094629,0.0012038987241488508,0.016120567349734216,0.006085425806088399,0.017230934360002753,4,34
121133.67700004578,159.85700011253357,121.44338472833333,31.03051689666667,17.144,121.4433847893155,31.030516890104952,17.122977950350133,-7.61075774152751,0.8832595987845893,0.03221259386738495,-7.604935523376076,0.8825320997442013,0.011190544217519971,0.02182553653456642,0.005867492951875204,0.654502451510464,-0.005822217677429131,0.0007274990425676956,0.021022049649864982,0.005867492951875204,0.02182553653456642,4,34
121133.77699995041,159.95700001716614,121.44338752999998,31.03051369,17.143,121.44338758524866,31.030513709381427,17.120589607394884,-7.3432711421984775,0.5277355438220875,0.031212593867387284,-7.337996324494719,0.5298843683989258,0.00880220126227016,0.02312286407223523,0.005695712965694331,0.6337894572942184,-0.0052748174476385705,-0.0021488245814086896,0.022410392605117124,0.005695712965694331,0.02312286407223523,4,34
121133.87700009346,160.05700016021729,121.44339022999999,31.030510525,17.141,121.44339031558236,31.030510552751444,17.11767039555407,-7.085491073144271,0.17683108406937945,0.02921259386738484,-7.077320173920199,0.17990789491119713,0.005882989421458262,0.02490985348353597,0.008730999769088997,0.6326782511148364,-0.008170899093074483,-0.0030768108454415416,0.023329604445926577,0.008730999769088997,0.02490985348353597,4,34
121133.97699999809,160.15700006484985,121.44339283166667,31.03050735833333,17.137,121.4433929547188,31.030507390918768,17.114912930941436,-6.837099290776056,-0.17425815963277203,0.025212593867387056,-6.825351000121254,-0.17064540276651802,0.003125524808822888,0.025276727827449618,0.012291230616385951,0.6448541782360379,-0.011748290849477044,-0.0036127568671690796,0.022087069058564168,0.012291230616385951,0.025276727827449618,4,34
